course_id,motif_exclusion
2014-01-02_MEYDAN-(E.A.U)_R4C1,statut_inconnu
2014-01-02_MEYDAN-(E.A.U)_R4C2,statut_inconnu
2014-01-02_MEYDAN-(E.A.U)_R4C3,statut_inconnu
2014-01-02_MEYDAN-(E.A.U)_R4C4,statut_inconnu
2014-01-02_MEYDAN-(E.A.U)_R4C5,statut_inconnu
2014-01-02_MEYDAN-(E.A.U)_R4C6,statut_inconnu
2014-01-02_VAAL_R3C2,statut_inconnu
2014-01-02_VAAL_R3C3,statut_inconnu
2014-01-02_VAAL_R3C4,statut_inconnu
2014-01-02_VAAL_R3C5,statut_inconnu
2014-01-03_FAIRVIEW_R3C1,statut_inconnu
2014-01-03_FAIRVIEW_R3C3,statut_inconnu
2014-01-03_FAIRVIEW_R3C4,statut_inconnu
2014-01-03_SINGAPOUR_R4C1,statut_inconnu
2014-01-03_SINGAPOUR_R4C2,statut_inconnu
2014-01-03_SINGAPOUR_R4C4,statut_inconnu
2014-01-06_MONS-(GHLIN)_R4C2,statut_inconnu
2014-01-06_MONS-(GHLIN)_R4C3,statut_inconnu
2014-01-08_KENILWORTH_R4C3,statut_inconnu
2014-01-08_KENILWORTH_R4C4,statut_inconnu
2014-01-08_PAU_R2C6,statut_inconnu
2014-01-08_PAU_R2C7,statut_inconnu
2014-01-09_MEYDAN-(E.A.U)_R5C2,statut_inconnu
2014-01-09_MEYDAN-(E.A.U)_R5C4,statut_inconnu
2014-01-09_MEYDAN-(E.A.U)_R5C5,statut_inconnu
2014-01-09_MEYDAN-(E.A.U)_R5C7,statut_inconnu
2014-01-09_VAAL_R4C1,statut_inconnu
2014-01-09_VAAL_R4C2,statut_inconnu
2014-01-09_VAAL_R4C3,statut_inconnu
2014-01-10_FAIRVIEW_R3C1,statut_inconnu
2014-01-10_FAIRVIEW_R3C3,statut_inconnu
2014-01-10_FAIRVIEW_R3C4,statut_inconnu
2014-01-10_SINGAPOUR_R4C2,statut_inconnu
2014-01-10_SINGAPOUR_R4C3,statut_inconnu
2014-01-10_WOLVERHAMPTON_R6C2,statut_inconnu
2014-01-10_WOLVERHAMPTON_R6C4,statut_inconnu
2014-01-10_WOLVERHAMPTON_R6C5,statut_inconnu
2014-01-10_WOLVERHAMPTON_R6C6,statut_inconnu
2014-01-10_WOLVERHAMPTON_R6C7,statut_inconnu
2014-01-11_KENILWORTH_R5C8,statut_inconnu
2014-01-11_KENILWORTH_R5C9,statut_inconnu
2014-01-12_MARTINIQUE_R5C7,statut_inconnu
2014-01-14_CAGNES/MER_R2C1,statut_inconnu
2014-01-14_CAGNES/MER_R2C2,statut_inconnu
2014-01-14_CAGNES/MER_R2C4,statut_inconnu
2014-01-15_KEMPTON-PARK_R6C1,statut_inconnu
2014-01-15_KEMPTON-PARK_R6C3,statut_inconnu
2014-01-15_KEMPTON-PARK_R6C5,statut_inconnu
2014-01-15_KEMPTON-PARK_R6C6,statut_inconnu
2014-01-15_KEMPTON-PARK_R6C7,statut_inconnu
2014-01-15_KENILWORTH_R5C1,statut_inconnu
2014-01-15_KENILWORTH_R5C3,statut_inconnu
2014-01-16_MEYDAN-(E.A.U)_R4C1,statut_inconnu
2014-01-16_MEYDAN-(E.A.U)_R4C3,statut_inconnu
2014-01-16_MEYDAN-(E.A.U)_R4C4,statut_inconnu
2014-01-16_MEYDAN-(E.A.U)_R4C6,statut_inconnu
2014-01-16_VAAL_R3C1,statut_inconnu
2014-01-16_VAAL_R3C3,statut_inconnu
2014-01-16_VAAL_R3C4,statut_inconnu
2014-01-17_FAIRVIEW_R3C1,statut_inconnu
2014-01-17_FAIRVIEW_R3C2,statut_inconnu
2014-01-17_FAIRVIEW_R3C3,statut_inconnu
2014-01-17_FAIRVIEW_R3C4,statut_inconnu
2014-01-17_SINGAPOUR_R4C1,statut_inconnu
2014-01-17_SINGAPOUR_R4C2,statut_inconnu
2014-01-17_SINGAPOUR_R4C3,statut_inconnu
2014-01-17_SINGAPOUR_R4C4,statut_inconnu
2014-01-17_WOLVERHAMPTON_R6C4,statut_inconnu
2014-01-18_CHILE_R4C1,statut_inconnu
2014-01-18_CHILE_R4C4,statut_inconnu
2014-01-18_CHILE_R4C6,statut_inconnu
2014-01-18_MEYDAN-(E.A.U)_R3C1,statut_inconnu
2014-01-18_MEYDAN-(E.A.U)_R3C2,statut_inconnu
2014-01-18_MEYDAN-(E.A.U)_R3C3,statut_inconnu
2014-01-18_MEYDAN-(E.A.U)_R3C4,statut_inconnu
2014-01-18_MEYDAN-(E.A.U)_R3C5,statut_inconnu
2014-01-18_MEYDAN-(E.A.U)_R3C6,statut_inconnu
2014-01-20_MONS-(GHLIN)_R4C1,statut_inconnu
2014-01-20_MONS-(GHLIN)_R4C2,statut_inconnu
2014-01-20_MONS-(GHLIN)_R4C3,statut_inconnu
2014-01-22_KENILWORTH_R3C1,statut_inconnu
2014-01-22_LAUNCESTON_R4C6,statut_inconnu
2014-01-22_LAUNCESTON_R4C8,statut_inconnu
2014-01-22_VALPARAISO_R6C1,statut_inconnu
2014-01-22_VALPARAISO_R6C5,statut_inconnu
2014-01-22_VALPARAISO_R6C7,statut_inconnu
2014-01-23_MEYDAN-(E.A.U)_R4C1,statut_inconnu
2014-01-23_MEYDAN-(E.A.U)_R4C2,statut_inconnu
2014-01-23_MEYDAN-(E.A.U)_R4C3,statut_inconnu
2014-01-23_MEYDAN-(E.A.U)_R4C5,statut_inconnu
2014-01-23_MEYDAN-(E.A.U)_R4C6,statut_inconnu
2014-01-23_VAAL_R3C2,statut_inconnu
2014-01-23_VAAL_R3C3,statut_inconnu
2014-01-23_VAAL_R3C4,statut_inconnu
2014-01-24_FAIRVIEW_R5C2,statut_inconnu
2014-01-24_FAIRVIEW_R5C4,statut_inconnu
2014-01-24_SINGAPOUR_R4C3,statut_inconnu
2014-01-24_SINGAPOUR_R4C4,statut_inconnu
2014-01-25_CHILE_R3C1,statut_inconnu
2014-01-25_CHILE_R3C6,statut_inconnu
2014-01-25_KENILWORTH_R5C8,statut_inconnu
2014-01-27_SANTIAGO_R4C1,statut_inconnu
2014-01-27_SANTIAGO_R4C3,statut_inconnu
2014-01-27_SANTIAGO_R4C5,statut_inconnu
2014-01-27_SANTIAGO_R4C7,statut_inconnu
2014-01-29_FAIRVIEW_R3C2,statut_inconnu
2014-01-29_FAIRVIEW_R3C4,statut_inconnu
2014-01-29_LAUNCESTON_R4C9,statut_inconnu
2014-01-30_MEYDAN-(E.A.U)_R5C1,statut_inconnu
2014-01-30_MEYDAN-(E.A.U)_R5C2,statut_inconnu
2014-01-30_MEYDAN-(E.A.U)_R5C4,statut_inconnu
2014-01-30_MEYDAN-(E.A.U)_R5C5,statut_inconnu
2014-01-30_MEYDAN-(E.A.U)_R5C6,statut_inconnu
2014-01-30_VAAL_R4C2,statut_inconnu
2014-01-30_VAAL_R4C3,statut_inconnu
2014-01-30_VAAL_R4C4,statut_inconnu
2014-01-30_VAAL_R4C5,statut_inconnu
2014-01-31_FAIRVIEW_R4C3,statut_inconnu
2014-01-31_PAU_R1C8,statut_inconnu
2014-02-01_KENILWORTH_R7C7,statut_inconnu
2014-02-01_KENILWORTH_R7C8,statut_inconnu
2014-02-01_MEYDAN-(E.A.U)_R3C1,statut_inconnu
2014-02-01_MEYDAN-(E.A.U)_R3C2,statut_inconnu
2014-02-01_MEYDAN-(E.A.U)_R3C3,statut_inconnu
2014-02-01_MEYDAN-(E.A.U)_R3C4,statut_inconnu
2014-02-01_MEYDAN-(E.A.U)_R3C5,statut_inconnu
2014-02-01_MEYDAN-(E.A.U)_R3C6,statut_inconnu
2014-02-03_MONS-(GHLIN)_R4C1,statut_inconnu
2014-02-03_MONS-(GHLIN)_R4C2,statut_inconnu
2014-02-03_PONT-DE-VIVAUX_R3C5,statut_inconnu
2014-02-05_KENILWORTH_R3C1,statut_inconnu
2014-02-05_KENILWORTH_R3C3,statut_inconnu
2014-02-05_KENILWORTH_R3C4,statut_inconnu
2014-02-05_VALPARAISO_R5C1,statut_inconnu
2014-02-05_VALPARAISO_R5C4,statut_inconnu
2014-02-06_VAAL_R5C1,statut_inconnu
2014-02-06_VAAL_R5C2,statut_inconnu
2014-02-06_VAAL_R5C3,statut_inconnu
2014-02-06_VAAL_R5C4,statut_inconnu
2014-02-07_FAIRVIEW_R3C1,statut_inconnu
2014-02-07_FAIRVIEW_R3C3,statut_inconnu
2014-02-07_FAIRVIEW_R3C4,statut_inconnu
2014-02-07_SINGAPOUR_R4C1,statut_inconnu
2014-02-07_SINGAPOUR_R4C2,statut_inconnu
2014-02-07_SINGAPOUR_R4C4,statut_inconnu
2014-02-07_WOLVERHAMPTON_R6C2,statut_inconnu
2014-02-07_WOLVERHAMPTON_R6C4,statut_inconnu
2014-02-07_WOLVERHAMPTON_R6C5,statut_inconnu
2014-02-07_WOLVERHAMPTON_R6C7,statut_inconnu
2014-02-08_CHILE_R3C1,statut_inconnu
2014-02-10_SANTIAGO_R4C1,statut_inconnu
2014-02-10_SANTIAGO_R4C2,statut_inconnu
2014-02-10_SANTIAGO_R4C4,statut_inconnu
2014-02-10_SANTIAGO_R4C5,statut_inconnu
2014-02-10_SANTIAGO_R4C7,statut_inconnu
2014-02-12_LAUNCESTON_R4C6,statut_inconnu
2014-02-12_LAUNCESTON_R4C8,statut_inconnu
2014-02-12_VALPARAISO_R6C1,statut_inconnu
2014-02-12_VALPARAISO_R6C2,statut_inconnu
2014-02-12_VALPARAISO_R6C4,statut_inconnu
2014-02-12_VALPARAISO_R6C5,statut_inconnu
2014-02-12_VALPARAISO_R6C6,statut_inconnu
2014-02-13_VAAL_R5C1,statut_inconnu
2014-02-13_VAAL_R5C3,statut_inconnu
2014-02-13_VAAL_R5C4,statut_inconnu
2014-02-14_FAIRVIEW_R6C3,statut_inconnu
2014-02-14_FAIRVIEW_R6C4,statut_inconnu
2014-02-14_SINGAPOUR_R5C3,statut_inconnu
2014-02-15_MEYDAN-(E.A.U)_R3C1,statut_inconnu
2014-02-15_MEYDAN-(E.A.U)_R3C3,statut_inconnu
2014-02-15_MEYDAN-(E.A.U)_R3C4,statut_inconnu
2014-02-15_MEYDAN-(E.A.U)_R3C5,statut_inconnu
2014-02-15_MEYDAN-(E.A.U)_R3C6,statut_inconnu
2014-02-16_LYON-LA-SOIE_R2C3,statut_inconnu
2014-02-16_LYON-LA-SOIE_R2C5,statut_inconnu
2014-02-17_CAGNES/MER_R2C8,statut_inconnu
2014-02-17_MONS-(GHLIN)_R4C1,statut_inconnu
2014-02-17_MONS-(GHLIN)_R4C3,statut_inconnu
2014-02-18_LA-CEPIERE_R3C4,statut_inconnu
2014-02-18_LYON-LA-SOIE_R2C2,statut_inconnu
2014-02-18_LYON-LA-SOIE_R2C5,statut_inconnu
2014-02-18_LYON-LA-SOIE_R2C6,statut_inconnu
2014-02-18_LYON-LA-SOIE_R2C7,statut_inconnu
2014-02-19_CLAIRWOOD_R4C2,statut_inconnu
2014-02-19_CLAIRWOOD_R4C3,statut_inconnu
2014-02-19_CLAIRWOOD_R4C4,statut_inconnu
2014-02-19_KEMPTON-PARK_R6C2,statut_inconnu
2014-02-19_KEMPTON-PARK_R6C3,statut_inconnu
2014-02-19_KEMPTON-PARK_R6C4,statut_inconnu
2014-02-19_KEMPTON-PARK_R6C5,statut_inconnu
2014-02-20_MEYDAN-(E.A.U)_R5C2,statut_inconnu
2014-02-20_MEYDAN-(E.A.U)_R5C4,statut_inconnu
2014-02-20_MEYDAN-(E.A.U)_R5C6,statut_inconnu
2014-02-20_VAAL_R4C2,statut_inconnu
2014-02-20_VAAL_R4C4,statut_inconnu
2014-02-20_VAAL_R4C5,statut_inconnu
2014-02-21_FAIRVIEW_R6C1,statut_inconnu
2014-02-21_FAIRVIEW_R6C3,statut_inconnu
2014-02-21_FAIRVIEW_R6C4,statut_inconnu
2014-02-21_SINGAPOUR_R5C2,statut_inconnu
2014-02-25_PONT-DE-VIVAUX_R3C6,statut_inconnu
2014-02-26_LYON-LA-SOIE_R3C2,statut_inconnu
2014-02-26_LYON-LA-SOIE_R3C3,statut_inconnu
2014-02-26_SCOTTSVILLE_R4C3,statut_inconnu
2014-02-26_SCOTTSVILLE_R4C4,statut_inconnu
2014-02-26_VALPARAISO_R5C1,statut_inconnu
2014-02-26_VALPARAISO_R5C4,statut_inconnu
2014-02-26_VALPARAISO_R5C7,statut_inconnu
2014-02-27_MEYDAN-(E.A.U)_R5C2,statut_inconnu
2014-02-27_VAAL_R4C2,statut_inconnu
2014-02-27_VAAL_R4C3,statut_inconnu
2014-02-27_VAAL_R4C4,statut_inconnu
2014-02-28_SINGAPOUR_R5C1,statut_inconnu
2014-02-28_SINGAPOUR_R5C4,statut_inconnu
2014-03-01_LE-BOUSCAT_R6C2,sans_resultat
2014-03-01_LE-BOUSCAT_R6C4,sans_resultat
2014-03-01_LE-BOUSCAT_R6C6,sans_resultat
2014-03-01_MEYDAN-(E.A.U)_R5C2,statut_inconnu
2014-03-01_MEYDAN-(E.A.U)_R5C5,statut_inconnu
2014-03-01_MEYDAN-(E.A.U)_R5C6,statut_inconnu
2014-03-03_MONS-(GHLIN)_R4C1,statut_inconnu
2014-03-05_CLAIRWOOD_R4C1,sans_resultat
2014-03-05_CLAIRWOOD_R4C2,sans_resultat
2014-03-05_CLAIRWOOD_R4C3,sans_resultat
2014-03-05_CLAIRWOOD_R4C4,sans_resultat
2014-03-05_VALPARAISO_R5C1,statut_inconnu
2014-03-05_VALPARAISO_R5C4,statut_inconnu
2014-03-05_VALPARAISO_R5C5,statut_inconnu
2014-03-05_VALPARAISO_R5C7,statut_inconnu
2014-03-06_DEAUVILLE_R1C8,statut_inconnu
2014-03-06_SOUTHWELL_R5C5,statut_inconnu
2014-03-06_SOUTHWELL_R5C6,statut_inconnu
2014-03-06_SOUTHWELL_R5C7,statut_inconnu
2014-03-06_VAAL_R4C1,sans_resultat
2014-03-06_VAAL_R4C2,sans_resultat
2014-03-06_VAAL_R4C3,sans_resultat
2014-03-06_VAAL_R4C4,sans_resultat
2014-03-07_DEAUVILLE_R1C1,statut_inconnu
2014-03-07_DEAUVILLE_R1C8,statut_inconnu
2014-03-07_FAIRVIEW_R4C3,statut_inconnu
2014-03-07_FAIRVIEW_R4C4,statut_inconnu
2014-03-07_FAIRVIEW_R4C5,statut_inconnu
2014-03-07_LYON-LA-SOIE_R9C7,statut_inconnu
2014-03-07_SANTIAGO_R7C1,statut_inconnu
2014-03-07_SANTIAGO_R7C3,statut_inconnu
2014-03-07_SANTIAGO_R7C4,statut_inconnu
2014-03-07_SANTIAGO_R7C5,statut_inconnu
2014-03-07_SANTIAGO_R7C7,statut_inconnu
2014-03-07_SINGAPOUR_R5C1,statut_inconnu
2014-03-07_SINGAPOUR_R5C2,statut_inconnu
2014-03-07_SINGAPOUR_R5C3,statut_inconnu
2014-03-08_MEYDAN-(E.A.U)_R5C3,statut_inconnu
2014-03-08_MEYDAN-(E.A.U)_R5C4,statut_inconnu
2014-03-08_MEYDAN-(E.A.U)_R5C5,statut_inconnu
2014-03-08_MEYDAN-(E.A.U)_R5C6,statut_inconnu
2014-03-08_MEYDAN-(E.A.U)_R5C7,statut_inconnu
2014-03-09_SENONNES-POUANCE_R5C6,statut_inconnu
2014-03-10_SANTIAGO_R4C1,statut_inconnu
2014-03-10_SANTIAGO_R4C2,statut_inconnu
2014-03-10_SANTIAGO_R4C3,statut_inconnu
2014-03-10_SANTIAGO_R4C4,statut_inconnu
2014-03-10_SANTIAGO_R4C5,statut_inconnu
2014-03-10_SANTIAGO_R4C6,statut_inconnu
2014-03-10_SANTIAGO_R4C7,statut_inconnu
2014-03-12_CLAIRWOOD_R4C1,sans_resultat
2014-03-12_CLAIRWOOD_R4C2,sans_resultat
2014-03-12_CLAIRWOOD_R4C3,sans_resultat
2014-03-12_CLAIRWOOD_R4C4,sans_resultat
2014-03-12_VALPARAISO_R7C1,statut_inconnu
2014-03-12_VALPARAISO_R7C4,statut_inconnu
2014-03-12_VALPARAISO_R7C5,statut_inconnu
2014-03-12_VALPARAISO_R7C7,statut_inconnu
2014-03-13_VAAL_R4C1,statut_inconnu
2014-03-13_VAAL_R4C2,statut_inconnu
2014-03-13_VAAL_R4C3,statut_inconnu
2014-03-13_VAAL_R4C4,statut_inconnu
2014-03-14_FAIRVIEW_R4C1,statut_inconnu
2014-03-14_FAIRVIEW_R4C3,statut_inconnu
2014-03-14_FAIRVIEW_R4C4,statut_inconnu
2014-03-14_SANTIAGO_R8C1,statut_inconnu
2014-03-14_SANTIAGO_R8C2,statut_inconnu
2014-03-14_SANTIAGO_R8C4,statut_inconnu
2014-03-14_SANTIAGO_R8C5,statut_inconnu
2014-03-14_SANTIAGO_R8C6,statut_inconnu
2014-03-14_SANTIAGO_R8C7,statut_inconnu
2014-03-14_SINGAPOUR_R5C2,statut_inconnu
2014-03-14_SINGAPOUR_R5C4,statut_inconnu
2014-03-17_MONS-(GHLIN)_R4C1,statut_inconnu
2014-03-17_MONS-(GHLIN)_R4C2,statut_inconnu
2014-03-19_FAIRVIEW_R4C3,statut_inconnu
2014-03-19_FAIRVIEW_R4C4,statut_inconnu
2014-03-20_TURFFONTEIN_R4C3,statut_inconnu
2014-03-20_TURFFONTEIN_R4C5,statut_inconnu
2014-03-21_FAIRVIEW_R4C4,statut_inconnu
2014-03-21_FAIRVIEW_R4C5,statut_inconnu
2014-03-21_SANTIAGO_R7C1,statut_inconnu
2014-03-21_SANTIAGO_R7C2,statut_inconnu
2014-03-21_SANTIAGO_R7C3,statut_inconnu
2014-03-21_SANTIAGO_R7C4,statut_inconnu
2014-03-21_SANTIAGO_R7C7,statut_inconnu
2014-03-21_SINGAPOUR_R5C2,statut_inconnu
2014-03-21_SINGAPOUR_R5C3,statut_inconnu
2014-03-22_LA-CEPIERE_R4C5,statut_inconnu
2014-03-23_ARGENTAN_R8C1,statut_inconnu
2014-03-23_ARGENTAN_R8C2,statut_inconnu
2014-03-23_ARGENTAN_R8C3,statut_inconnu
2014-03-23_ARGENTAN_R8C4,statut_inconnu
2014-03-23_ARGENTAN_R8C6,statut_inconnu
2014-03-24_FONTAINEBLEAU_R1C1,statut_inconnu
2014-03-24_FONTAINEBLEAU_R1C4,statut_inconnu
2014-03-24_FONTAINEBLEAU_R1C6,statut_inconnu
2014-03-24_FONTAINEBLEAU_R1C7,statut_inconnu
2014-03-24_VALPARAISO_R4C2,statut_inconnu
2014-03-26_KENILWORTH_R4C1,statut_inconnu
2014-03-26_KENILWORTH_R4C2,statut_inconnu
2014-03-26_KENILWORTH_R4C3,statut_inconnu
2014-03-26_KENILWORTH_R4C4,statut_inconnu
2014-03-26_VALPARAISO_R6C1,statut_inconnu
2014-03-27_VAAL_R4C2,statut_inconnu
2014-03-27_VAAL_R4C3,statut_inconnu
2014-03-27_VAAL_R4C4,statut_inconnu
2014-03-28_FAIRVIEW_R6C1,statut_inconnu
2014-03-28_FAIRVIEW_R6C2,statut_inconnu
2014-03-28_FAIRVIEW_R6C3,statut_inconnu
2014-03-28_FAIRVIEW_R6C4,statut_inconnu
2014-03-28_PONT-DE-VIVAUX_R2C6,statut_inconnu
2014-03-28_PONT-DE-VIVAUX_R2C7,statut_inconnu
2014-03-28_SANTIAGO_R7C1,statut_inconnu
2014-03-28_SANTIAGO_R7C2,statut_inconnu
2014-03-28_SANTIAGO_R7C4,statut_inconnu
2014-03-28_SANTIAGO_R7C7,statut_inconnu
2014-03-28_SINGAPOUR_R5C1,statut_inconnu
2014-03-28_SINGAPOUR_R5C2,statut_inconnu
2014-03-28_SINGAPOUR_R5C4,statut_inconnu
2014-03-29_MEYDAN-(E.A.U)_R4C2,statut_inconnu
2014-03-29_MEYDAN-(E.A.U)_R4C3,statut_inconnu
2014-03-29_MEYDAN-(E.A.U)_R4C4,statut_inconnu
2014-03-29_MEYDAN-(E.A.U)_R4C5,statut_inconnu
2014-03-29_MEYDAN-(E.A.U)_R4C6,statut_inconnu
2014-03-29_MEYDAN-(E.A.U)_R4C7,statut_inconnu
2014-03-29_MEYDAN-(E.A.U)_R4C8,statut_inconnu
2014-03-29_MEYDAN-(E.A.U)_R4C9,statut_inconnu
2014-03-29_TURFFONTEIN_R5C6,statut_inconnu
2014-03-29_TURFFONTEIN_R5C7,statut_inconnu
2014-03-29_TURFFONTEIN_R5C8,statut_inconnu
2014-03-30_CARPENTRAS_R4C5,statut_inconnu
2014-04-02_KEMPTON-PARK_R5C3,statut_inconnu
2014-04-02_KEMPTON-PARK_R5C4,statut_inconnu
2014-04-02_KEMPTON-PARK_R5C5,statut_inconnu
2014-04-02_LINGFIELD-PARK_R4C5,statut_inconnu
2014-04-02_LINGFIELD-PARK_R4C6,statut_inconnu
2014-04-02_LINGFIELD-PARK_R4C7,statut_inconnu
2014-04-03_MAISONS-LAFFITTE_R1C1,statut_inconnu
2014-04-03_MAISONS-LAFFITTE_R1C2,statut_inconnu
2014-04-03_MAISONS-LAFFITTE_R1C3,statut_inconnu
2014-04-03_MAISONS-LAFFITTE_R1C6,statut_inconnu
2014-04-03_MAISONS-LAFFITTE_R1C7,statut_inconnu
2014-04-03_MAISONS-LAFFITTE_R1C8,statut_inconnu
2014-04-04_SANTIAGO_R5C2,statut_inconnu
2014-04-04_SANTIAGO_R5C4,statut_inconnu
2014-04-04_SANTIAGO_R5C5,statut_inconnu
2014-04-04_SANTIAGO_R5C7,statut_inconnu
2014-04-04_SANTIAGO_R5C8,statut_inconnu
2014-04-05_COMPIEGNE_R3C1,statut_inconnu
2014-04-05_COMPIEGNE_R3C2,statut_inconnu
2014-04-05_COMPIEGNE_R3C6,statut_inconnu
2014-04-05_COMPIEGNE_R3C7,statut_inconnu
2014-04-05_COMPIEGNE_R3C8,statut_inconnu
2014-04-06_DURTAL_R5C1,statut_inconnu
2014-04-06_DURTAL_R5C2,statut_inconnu
2014-04-06_DURTAL_R5C3,statut_inconnu
2014-04-07_AVENCHES_R4C3,statut_inconnu
2014-04-08_SAINT-CLOUD_R1C4,statut_inconnu
2014-04-08_SAINT-CLOUD_R1C8,statut_inconnu
2014-04-12_BORELY_R2C4,statut_inconnu
2014-04-16_MONS-(GHLIN)_R4C1,statut_inconnu
2014-04-20_MACHECOUL_R4C5,statut_inconnu
2014-04-20_MACHECOUL_R4C6,statut_inconnu
2014-04-20_MACHECOUL_R4C7,statut_inconnu
2014-04-22_YARMOUTH_R6C2,statut_inconnu
2014-04-22_YARMOUTH_R6C3,statut_inconnu
2014-04-22_YARMOUTH_R6C4,statut_inconnu
2014-04-22_YARMOUTH_R6C5,statut_inconnu
2014-04-22_YARMOUTH_R6C6,statut_inconnu
2014-04-23_TAUNTON_R4C7,statut_inconnu
2014-04-25_SANTIAGO_R5C2,statut_inconnu
2014-04-25_SANTIAGO_R5C3,statut_inconnu
2014-04-25_SANTIAGO_R5C5,statut_inconnu
2014-04-25_SANTIAGO_R5C6,statut_inconnu
2014-04-25_SANTIAGO_R5C8,statut_inconnu
2014-04-26_TURFFONTEIN_R6C5,statut_inconnu
2014-04-26_TURFFONTEIN_R6C8,statut_inconnu
2014-04-28_MONS-(GHLIN)_R4C2,statut_inconnu
2014-05-03_NEWMARKET_R5C4,statut_inconnu
2014-05-04_NEWMARKET_R9C4,statut_inconnu
2014-05-04_SHA-TIN-(HONG-KONG)_R6C9,statut_inconnu
2014-05-08_EVREUX_R5C5,statut_inconnu
2014-05-08_EVREUX_R5C7,statut_inconnu
2014-05-08_LE-LION-D'ANGERS_R4C3,statut_inconnu
2014-05-11_ANGOULEME_R4C7,statut_inconnu
2014-05-11_NANTES_R13C2,statut_inconnu
2014-05-11_NIMES_R5C2,statut_inconnu
2014-05-12_MONS-(GHLIN)_R4C2,statut_inconnu
2014-05-14_CHEPSTOW_R4C3,statut_inconnu
2014-05-14_CHEPSTOW_R4C5,statut_inconnu
2014-05-14_CHEPSTOW_R4C6,statut_inconnu
2014-05-17_MARONAS_R5C1,statut_inconnu
2014-05-17_PIMLICO_R6C6,statut_inconnu
2014-05-18_SINGAPOUR_R6C10,statut_inconnu
2014-05-24_CURRAGH_R6C4,statut_inconnu
2014-05-24_SCOTTSVILLE_R7C5,statut_inconnu
2014-05-24_SCOTTSVILLE_R7C6,statut_inconnu
2014-05-24_SCOTTSVILLE_R7C7,statut_inconnu
2014-05-24_SCOTTSVILLE_R7C8,statut_inconnu
2014-05-25_CURRAGH_R6C5,statut_inconnu
2014-05-25_DUSSELDORF_R7C6,statut_inconnu
2014-05-25_MONTLUCON_R5C2,statut_inconnu
2014-05-25_MONTLUCON_R5C3,statut_inconnu
2014-05-31_GREYVILLE_R6C6,statut_inconnu
2014-05-31_GREYVILLE_R6C7,statut_inconnu
2014-06-01_CHAMP-DE-MARS_R9C6,statut_inconnu
2014-06-01_CHAMP-DE-MARS_R9C7,statut_inconnu
2014-06-05_SAINT-CLOUD_R4C9,statut_inconnu
2014-06-06_EPSOM-DOWNS_R8C5,statut_inconnu
2014-06-07_BELMONT-PARK_R5C1,statut_inconnu
2014-06-07_BELMONT-PARK_R5C3,statut_inconnu
2014-06-07_BELMONT-PARK_R5C4,statut_inconnu
2014-06-07_BELMONT-PARK_R5C6,statut_inconnu
2014-06-07_EPSOM-DOWNS_R7C5,statut_inconnu
2014-06-09_ParisLongchamp_R1C6,statut_inconnu
2014-06-09_SENONNES-POUANCE_R5C3,statut_inconnu
2014-06-10_AIX-LES-BAINS_R3C3,statut_inconnu
2014-06-10_LINGFIELD-PARK_R6C1,statut_inconnu
2014-06-10_LINGFIELD-PARK_R6C3,statut_inconnu
2014-06-10_SALISBURY_R5C7,statut_inconnu
2014-06-11_MONS-(GHLIN)_R4C1,statut_inconnu
2014-06-11_MONS-(GHLIN)_R4C2,statut_inconnu
2014-06-11_MONS-(GHLIN)_R4C3,statut_inconnu
2014-06-11_MONS-(GHLIN)_R4C6,statut_inconnu
2014-06-15_WISSEMBOURG_R4C6,statut_inconnu
2014-06-17_ASCOT_R5C2,statut_inconnu
2014-06-17_ASCOT_R5C3,statut_inconnu
2014-06-17_ASCOT_R5C5,statut_inconnu
2014-06-17_ASCOT_R5C6,statut_inconnu
2014-06-18_ASCOT_R4C1,statut_inconnu
2014-06-18_ASCOT_R4C2,statut_inconnu
2014-06-18_ASCOT_R4C4,statut_inconnu
2014-06-18_ASCOT_R4C6,statut_inconnu
2014-06-18_COMPIEGNE_R2C7,triple_ex_aequo
2014-06-18_COMPIEGNE_R2C8,statut_inconnu
2014-06-19_ASCOT_R5C3,statut_inconnu
2014-06-19_ASCOT_R5C4,statut_inconnu
2014-06-19_ASCOT_R5C6,statut_inconnu
2014-06-20_ASCOT_R5C1,statut_inconnu
2014-06-20_ASCOT_R5C2,statut_inconnu
2014-06-20_ASCOT_R5C3,statut_inconnu
2014-06-20_ASCOT_R5C4,statut_inconnu
2014-06-20_ASCOT_R5C5,statut_inconnu
2014-06-21_ASCOT_R5C1,statut_inconnu
2014-06-21_ASCOT_R5C2,statut_inconnu
2014-06-21_ASCOT_R5C4,statut_inconnu
2014-06-21_ASCOT_R5C6,statut_inconnu
2014-06-28_HYERES_R6C3,statut_inconnu
2014-06-29_CURRAGH_R6C5,statut_inconnu
2014-06-30_OSTENDE_R4C3,statut_inconnu
2014-07-05_GREYVILLE_R5C5,statut_inconnu
2014-07-05_GREYVILLE_R5C6,statut_inconnu
2014-07-05_GREYVILLE_R5C7,statut_inconnu
2014-07-06_HAMBOURG-HORN_R6C8,statut_inconnu
2014-07-08_DIEPPE_R2C7,statut_inconnu
2014-07-08_DIEPPE_R2C8,statut_inconnu
2014-07-12_NEWMARKET-JULY_R5C4,statut_inconnu
2014-07-18_MONT-DE-MARSAN_R1C7,statut_inconnu
2014-07-18_MONT-DE-MARSAN_R1C8,statut_inconnu
2014-07-19_CURRAGH_R5C6,statut_inconnu
2014-07-21_AYR_R3C5,statut_inconnu
2014-07-21_AYR_R3C6,statut_inconnu
2014-07-21_AYR_R3C7,statut_inconnu
2014-07-21_SAN-SEBASTIAN_R4C4,statut_inconnu
2014-07-21_WINDSOR_R5C1,statut_inconnu
2014-07-26_GREYVILLE_R6C5,statut_inconnu
2014-07-26_GREYVILLE_R6C6,statut_inconnu
2014-07-26_GREYVILLE_R6C7,statut_inconnu
2014-07-26_GREYVILLE_R6C8,statut_inconnu
2014-07-27_MAISONS-LAFFITTE_R1C4,statut_inconnu
2014-07-27_MAISONS-LAFFITTE_R1C8,statut_inconnu
2014-07-31_DEAUVILLE_R1C4,statut_inconnu
2014-07-31_DEAUVILLE_R1C9,statut_inconnu
2014-08-01_GOODWOOD_R6C4,statut_inconnu
2014-08-03_DUSSELDORF_R6C6,statut_inconnu
2014-08-07_DEAUVILLE_R2C6,statut_inconnu
2014-08-10_CURRAGH_R6C4,statut_inconnu
2014-08-12_LA-TESTE_R2C5,statut_inconnu
2014-08-17_MACON-CLUNY_R6C6,statut_inconnu
2014-08-19_DEAUVILLE_R1C8,statut_inconnu
2014-08-22_YORK_R7C2,statut_inconnu
2014-08-22_YORK_R7C4,statut_inconnu
2014-08-27_KEMPTON-PARK_R5C1,statut_inconnu
2014-08-27_KEMPTON-PARK_R5C2,statut_inconnu
2014-08-27_KEMPTON-PARK_R5C3,statut_inconnu
2014-08-27_KEMPTON-PARK_R5C4,statut_inconnu
2014-08-27_KEMPTON-PARK_R5C5,statut_inconnu
2014-08-27_LINGFIELD-PARK_R4C5,statut_inconnu
2014-08-27_PORNICHET_R3C3,statut_inconnu
2014-09-06_HAYDOCK_R5C4,statut_inconnu
2014-09-07_BADEN-BADEN_R6C7,statut_inconnu
2014-09-07_CHAMP-DE-MARS_R11C3,statut_inconnu
2014-09-07_CHAMP-DE-MARS_R11C4,statut_inconnu
2014-09-07_CHAMP-DE-MARS_R11C5,statut_inconnu
2014-09-07_VELIEFENDI_R9C5,statut_inconnu
2014-09-07_VELIEFENDI_R9C7,statut_inconnu
2014-09-13_DONCASTER_R5C4,statut_inconnu
2014-09-13_LEOPARDSTOWN_R6C5,statut_inconnu
2014-09-13_LEOPARDSTOWN_R6C7,statut_inconnu
2014-09-14_CURRAGH_R7C6,statut_inconnu
2014-09-14_ParisLongchamp_R1C8,statut_inconnu
2014-09-14_ParisLongchamp_R1C9,statut_inconnu
2014-09-15_MOULINS_R2C8,statut_inconnu
2014-09-23_LA-CEPIERE_R3C4,statut_inconnu
2014-09-24_GOODWOOD_R4C5,statut_inconnu
2014-09-24_GOODWOOD_R4C6,statut_inconnu
2014-09-24_GOODWOOD_R4C7,statut_inconnu
2014-09-24_KEMPTON-PARK_R5C1,statut_inconnu
2014-09-24_KEMPTON-PARK_R5C2,statut_inconnu
2014-09-24_KEMPTON-PARK_R5C3,statut_inconnu
2014-09-24_KEMPTON-PARK_R5C4,statut_inconnu
2014-09-24_KEMPTON-PARK_R5C5,statut_inconnu
2014-09-27_NEWMARKET_R5C2,statut_inconnu
2014-09-27_NEWMARKET_R5C3,statut_inconnu
2014-09-28_COLOGNE_R6C6,statut_inconnu
2014-09-29_ARGENTAN_R2C3,statut_inconnu
2014-10-01_MONS-(GHLIN)_R4C1,statut_inconnu
2014-10-01_MONS-(GHLIN)_R4C2,statut_inconnu
2014-10-02_COMPIEGNE_R1C6,statut_inconnu
2014-10-02_COMPIEGNE_R1C8,statut_inconnu
2014-10-03_ANGERS_R2C8,statut_inconnu
2014-10-03_SANTIAGO_R5C2,statut_inconnu
2014-10-03_SANTIAGO_R5C5,statut_inconnu
2014-10-03_SANTIAGO_R5C6,statut_inconnu
2014-10-03_SANTIAGO_R5C8,statut_inconnu
2014-10-04_NEWMARKET_R6C4,statut_inconnu
2014-10-04_WOLVERHAMPTON_R5C2,statut_inconnu
2014-10-04_WOLVERHAMPTON_R5C3,statut_inconnu
2014-10-04_WOLVERHAMPTON_R5C4,statut_inconnu
2014-10-04_WOLVERHAMPTON_R5C5,statut_inconnu
2014-10-04_WOLVERHAMPTON_R5C6,statut_inconnu
2014-10-06_SANTIAGO_R4C1,statut_inconnu
2014-10-06_SANTIAGO_R4C2,statut_inconnu
2014-10-06_SANTIAGO_R4C3,statut_inconnu
2014-10-06_SANTIAGO_R4C4,statut_inconnu
2014-10-06_SANTIAGO_R4C5,statut_inconnu
2014-10-08_KEMPTON-PARK_R5C1,statut_inconnu
2014-10-08_KEMPTON-PARK_R5C2,statut_inconnu
2014-10-08_KEMPTON-PARK_R5C3,statut_inconnu
2014-10-08_KEMPTON-PARK_R5C4,statut_inconnu
2014-10-08_KEMPTON-PARK_R5C5,statut_inconnu
2014-10-08_NOTTINGHAM_R4C6,statut_inconnu
2014-10-13_MONS-(GHLIN)_R4C1,statut_inconnu
2014-10-13_MONS-(GHLIN)_R4C2,statut_inconnu
2014-10-13_MONS-(GHLIN)_R4C5,statut_inconnu
2014-10-17_NEWMARKET_R6C3,statut_inconnu
2014-10-17_NEWMARKET_R6C4,statut_inconnu
2014-10-17_NEWMARKET_R6C5,statut_inconnu
2014-10-17_NEWMARKET_R6C6,statut_inconnu
2014-10-18_ASCOT_R5C1,statut_inconnu
2014-10-18_ASCOT_R5C2,statut_inconnu
2014-10-18_ASCOT_R5C4,statut_inconnu
2014-10-20_CLAIREFONTAINE_R2C7,triple_ex_aequo
2014-10-22_KEMPTON-PARK_R5C1,statut_inconnu
2014-10-22_KEMPTON-PARK_R5C3,statut_inconnu
2014-10-22_KEMPTON-PARK_R5C5,statut_inconnu
2014-10-22_NEWMARKET_R4C6,statut_inconnu
2014-10-22_NEWMARKET_R4C8,statut_inconnu
2014-10-23_VALPARAISO_R4C1,statut_inconnu
2014-10-23_VALPARAISO_R4C2,statut_inconnu
2014-10-23_VALPARAISO_R4C4,statut_inconnu
2014-10-26_AGEN-LA-GARENNE_R6C1,statut_inconnu
2014-10-26_AGEN-LA-GARENNE_R6C3,statut_inconnu
2014-10-26_AGEN-LA-GARENNE_R6C4,statut_inconnu
2014-10-26_AGEN-LA-GARENNE_R6C5,statut_inconnu
2014-10-27_MONS-(GHLIN)_R4C1,statut_inconnu
2014-10-27_MONS-(GHLIN)_R4C2,statut_inconnu
2014-10-27_MONS-(GHLIN)_R4C3,statut_inconnu
2014-10-27_MONS-(GHLIN)_R4C4,statut_inconnu
2014-10-29_KEMPTON-PARK_R6C3,statut_inconnu
2014-10-29_KEMPTON-PARK_R6C4,statut_inconnu
2014-10-29_KEMPTON-PARK_R6C5,statut_inconnu
2014-10-29_KENILWORTH_R4C1,statut_inconnu
2014-10-30_VAAL_R5C1,statut_inconnu
2014-10-30_VAAL_R5C2,statut_inconnu
2014-10-30_VAAL_R5C3,statut_inconnu
2014-10-30_VAAL_R5C4,statut_inconnu
2014-10-31_FAIRVIEW_R7C1,statut_inconnu
2014-10-31_FAIRVIEW_R7C3,statut_inconnu
2014-10-31_FAIRVIEW_R7C4,statut_inconnu
2014-10-31_SANTA-ANITA_R5C4,statut_inconnu
2014-10-31_SANTA-ANITA_R5C6,statut_inconnu
2014-10-31_SANTA-ANITA_R5C8,statut_inconnu
2014-10-31_SANTA-ANITA_R5C9,statut_inconnu
2014-10-31_SINGAPOUR_R6C4,statut_inconnu
2014-11-01_SANTA-ANITA_R5C1,statut_inconnu
2014-11-01_SANTA-ANITA_R5C2,statut_inconnu
2014-11-01_SANTA-ANITA_R5C4,statut_inconnu
2014-11-01_SANTA-ANITA_R5C5,statut_inconnu
2014-11-01_SANTA-ANITA_R5C6,statut_inconnu
2014-11-01_SANTA-ANITA_R5C7,statut_inconnu
2014-11-01_SANTA-ANITA_R5C8,statut_inconnu
2014-11-01_SANTA-ANITA_R5C9,statut_inconnu
2014-11-02_PONT-DE-VIVAUX_R2C3,statut_inconnu
2014-11-03_SANTIAGO_R4C1,statut_inconnu
2014-11-03_SANTIAGO_R4C2,statut_inconnu
2014-11-03_SANTIAGO_R4C5,statut_inconnu
2014-11-03_SANTIAGO_R4C6,statut_inconnu
2014-11-03_SANTIAGO_R4C7,statut_inconnu
2014-11-04_NEUSS_R5C2,statut_inconnu
2014-11-05_KENILWORTH_R4C1,statut_inconnu
2014-11-05_KENILWORTH_R4C2,statut_inconnu
2014-11-05_KENILWORTH_R4C4,statut_inconnu
2014-11-05_LAUNCESTON_R5C6,statut_inconnu
2014-11-06_MEYDAN-(E.A.U)_R5C1,statut_inconnu
2014-11-06_MEYDAN-(E.A.U)_R5C2,statut_inconnu
2014-11-06_PORNICHET_R3C2,statut_inconnu
2014-11-06_VAAL_R4C1,statut_inconnu
2014-11-06_VAAL_R4C4,statut_inconnu
2014-11-07_FAIRVIEW_R6C1,statut_inconnu
2014-11-07_SINGAPOUR_R5C1,statut_inconnu
2014-11-07_SINGAPOUR_R5C4,statut_inconnu
2014-11-10_MONS-(GHLIN)_R4C6,statut_inconnu
2014-11-12_KENILWORTH_R4C1,statut_inconnu
2014-11-12_KENILWORTH_R4C2,statut_inconnu
2014-11-12_KENILWORTH_R4C4,statut_inconnu
2014-11-12_LAUNCESTON_R5C7,statut_inconnu
2014-11-13_CHILE_R5C1,statut_inconnu
2014-11-13_CHILE_R5C2,statut_inconnu
2014-11-13_CHILE_R5C4,statut_inconnu
2014-11-13_CHILE_R5C5,statut_inconnu
2014-11-13_VAAL_R4C4,statut_inconnu
2014-11-14_FAIRVIEW_R4C1,statut_inconnu
2014-11-14_FAIRVIEW_R4C2,statut_inconnu
2014-11-14_SINGAPOUR_R5C1,statut_inconnu
2014-11-14_SINGAPOUR_R5C3,statut_inconnu
2014-11-14_SINGAPOUR_R5C4,statut_inconnu
2014-11-15_LAS-PIEDRAS_R5C1,statut_inconnu
2014-11-16_VALPARAISO_R5C1,statut_inconnu
2014-11-16_VALPARAISO_R5C2,statut_inconnu
2014-11-17_SANTIAGO_R4C1,statut_inconnu
2014-11-17_SANTIAGO_R4C2,statut_inconnu
2014-11-17_SANTIAGO_R4C3,statut_inconnu
2014-11-17_SANTIAGO_R4C4,statut_inconnu
2014-11-17_SANTIAGO_R4C7,statut_inconnu
2014-11-18_PONT-DE-VIVAUX_R3C3,statut_inconnu
2014-11-19_KEMPTON-PARK_R6C2,statut_inconnu
2014-11-19_KEMPTON-PARK_R6C3,statut_inconnu
2014-11-19_KEMPTON-PARK_R6C4,statut_inconnu
2014-11-19_KEMPTON-PARK_R6C5,statut_inconnu
2014-11-19_KEMPTON-PARK_R6C6,statut_inconnu
2014-11-19_KEMPTON-PARK_R6C7,statut_inconnu
2014-11-19_KENILWORTH_R4C1,statut_inconnu
2014-11-19_KENILWORTH_R4C2,statut_inconnu
2014-11-19_KENILWORTH_R4C4,statut_inconnu
2014-11-20_MEYDAN-(E.A.U)_R5C1,statut_inconnu
2014-11-20_MEYDAN-(E.A.U)_R5C3,statut_inconnu
2014-11-20_MEYDAN-(E.A.U)_R5C4,statut_inconnu
2014-11-20_VAAL_R4C1,statut_inconnu
2014-11-20_VAAL_R4C2,statut_inconnu
2014-11-20_VAAL_R4C3,statut_inconnu
2014-11-20_VAAL_R4C4,statut_inconnu
2014-11-21_FAIRVIEW_R4C1,statut_inconnu
2014-11-21_FAIRVIEW_R4C3,statut_inconnu
2014-11-21_SINGAPOUR_R5C2,statut_inconnu
2014-11-21_SINGAPOUR_R5C4,statut_inconnu
2014-11-22_CASABLANCA_R6C3,statut_inconnu
2014-11-23_SANTIAGO_R5C2,statut_inconnu
2014-11-23_SANTIAGO_R5C4,statut_inconnu
2014-11-23_SHA-TIN-(HONG-KONG)_R6C7,statut_inconnu
2014-11-23_SHA-TIN-(HONG-KONG)_R6C8,statut_inconnu
2014-11-23_SHA-TIN-(HONG-KONG)_R6C9,statut_inconnu
2014-11-24_MONS-(GHLIN)_R4C1,statut_inconnu
2014-11-24_MONS-(GHLIN)_R4C2,statut_inconnu
2014-11-24_MONS-(GHLIN)_R4C3,statut_inconnu
2014-11-24_MONS-(GHLIN)_R4C5,statut_inconnu
2014-11-26_KENILWORTH_R6C1,statut_inconnu
2014-11-26_KENILWORTH_R6C2,statut_inconnu
2014-11-26_LAUNCESTON_R5C6,statut_inconnu
2014-11-27_KEMPTON-PARK_R5C2,statut_inconnu
2014-11-27_VAAL_R4C2,statut_inconnu
2014-11-27_VAAL_R4C3,statut_inconnu
2014-11-27_VAAL_R4C4,statut_inconnu
2014-11-28_FAIRVIEW_R6C1,statut_inconnu
2014-11-28_FAIRVIEW_R6C2,statut_inconnu
2014-11-28_FAIRVIEW_R6C3,statut_inconnu
2014-11-28_FAIRVIEW_R6C4,statut_inconnu
2014-11-28_SINGAPOUR_R5C4,statut_inconnu
2014-11-29_TURFFONTEIN_R5C7,statut_inconnu
2014-11-30_TOKYO_R6C1,statut_inconnu
2014-12-03_KENILWORTH_R3C1,statut_inconnu
2014-12-03_KENILWORTH_R3C3,statut_inconnu
2014-12-03_LAUNCESTON_R4C5,statut_inconnu
2014-12-03_VALPARAISO_R6C1,statut_inconnu
2014-12-03_VALPARAISO_R6C4,statut_inconnu
2014-12-04_MEYDAN-(E.A.U)_R5C2,statut_inconnu
2014-12-04_MEYDAN-(E.A.U)_R5C6,statut_inconnu
2014-12-04_VAAL_R4C1,statut_inconnu
2014-12-04_VAAL_R4C4,statut_inconnu
2014-12-05_FAIRVIEW_R4C1,statut_inconnu
2014-12-05_FAIRVIEW_R4C2,statut_inconnu
2014-12-05_SINGAPOUR_R5C1,statut_inconnu
2014-12-05_SINGAPOUR_R5C4,statut_inconnu
2014-12-06_CHILE_R3C1,statut_inconnu
2014-12-06_CHILE_R3C4,statut_inconnu
2014-12-06_CHILE_R3C5,statut_inconnu
2014-12-06_CHILE_R3C7,statut_inconnu
2014-12-10_KENILWORTH_R4C1,statut_inconnu
2014-12-10_KENILWORTH_R4C3,statut_inconnu
2014-12-10_KENILWORTH_R4C4,statut_inconnu
2014-12-11_VAAL_R5C1,statut_inconnu
2014-12-11_VAAL_R5C2,statut_inconnu
2014-12-12_FAIRVIEW_R4C1,statut_inconnu
2014-12-12_FAIRVIEW_R4C2,statut_inconnu
2014-12-12_FAIRVIEW_R4C3,statut_inconnu
2014-12-12_FAIRVIEW_R4C4,statut_inconnu
2014-12-12_SINGAPOUR_R5C1,statut_inconnu
2014-12-12_SINGAPOUR_R5C2,statut_inconnu
2014-12-12_SINGAPOUR_R5C4,statut_inconnu
2014-12-13_DEAUVILLE-MIDI_R8C1,statut_inconnu
2014-12-13_KENILWORTH_R6C9,statut_inconnu
2014-12-13_SOUTHWELL_R7C1,statut_inconnu
2014-12-13_SOUTHWELL_R7C2,statut_inconnu
2014-12-14_SEOUL_R7C9,statut_inconnu
2014-12-14_SHA-TIN-(HONG-KONG)_R4C4,statut_inconnu
2014-12-14_SHA-TIN-(HONG-KONG)_R4C5,statut_inconnu
2014-12-14_SHA-TIN-(HONG-KONG)_R4C6,statut_inconnu
2014-12-14_SHA-TIN-(HONG-KONG)_R4C8,statut_inconnu
2014-12-14_SHA-TIN-(HONG-KONG)_R4C9,statut_inconnu
2014-12-16_PONT-DE-VIVAUX_R3C6,statut_inconnu
2014-12-17_KENILWORTH_R3C1,statut_inconnu
2014-12-17_KENILWORTH_R3C4,statut_inconnu
2014-12-17_VALPARAISO_R6C1,statut_inconnu
2014-12-17_VALPARAISO_R6C2,statut_inconnu
2014-12-17_VALPARAISO_R6C4,statut_inconnu
2014-12-17_VALPARAISO_R6C7,statut_inconnu
2014-12-18_VAAL_R4C2,statut_inconnu
2014-12-18_VAAL_R4C3,statut_inconnu
2014-12-18_VAAL_R4C4,statut_inconnu
2014-12-18_VAAL_R4C5,statut_inconnu
2014-12-19_FAIRVIEW_R4C2,statut_inconnu
2014-12-19_FAIRVIEW_R4C3,statut_inconnu
2014-12-19_PORNICHET_R3C2,statut_inconnu
2014-12-20_KENILWORTH_R5C7,statut_inconnu
2014-12-24_KENILWORTH_R3C3,statut_inconnu
2014-12-27_CHILE_R3C1,statut_inconnu
2014-12-27_CHILE_R3C4,statut_inconnu
2014-12-27_CHILE_R3C5,statut_inconnu
2014-12-29_SANTIAGO_R4C1,statut_inconnu
2014-12-29_SANTIAGO_R4C2,statut_inconnu
2014-12-29_SANTIAGO_R4C5,statut_inconnu
2014-12-29_SANTIAGO_R4C6,statut_inconnu
2014-12-29_SANTIAGO_R4C7,statut_inconnu
2014-12-31_KENILWORTH_R3C4,statut_inconnu
2015-01-02_FAIRVIEW_R3C1,statut_inconnu
2015-01-02_FAIRVIEW_R3C3,statut_inconnu
2015-01-02_FAIRVIEW_R3C4,statut_inconnu
2015-01-02_GREYVILLE_R5C4,statut_inconnu
2015-01-02_GREYVILLE_R5C8,statut_inconnu
2015-01-02_PAU_R1C4,statut_inconnu
2015-01-03_CHILE_R5C1,statut_inconnu
2015-01-03_CHILE_R5C2,statut_inconnu
2015-01-03_CHILE_R5C4,statut_inconnu
2015-01-04_SANTIAGO_R5C2,statut_inconnu
2015-01-04_SANTIAGO_R5C4,statut_inconnu
2015-01-04_SANTIAGO_R5C5,statut_inconnu
2015-01-04_SANTIAGO_R5C7,statut_inconnu
2015-01-04_SANTIAGO_R5C8,statut_inconnu
2015-01-07_KENILWORTH_R4C1,statut_inconnu
2015-01-07_KENILWORTH_R4C2,statut_inconnu
2015-01-07_KENILWORTH_R4C3,statut_inconnu
2015-01-08_CHILE_R6C2,statut_inconnu
2015-01-08_CHILE_R6C4,statut_inconnu
2015-01-08_CHILE_R6C6,statut_inconnu
2015-01-08_MEYDAN-(E.A.U)_R5C2,statut_inconnu
2015-01-08_MEYDAN-(E.A.U)_R5C4,statut_inconnu
2015-01-08_MEYDAN-(E.A.U)_R5C6,statut_inconnu
2015-01-08_VAAL_R4C3,statut_inconnu
2015-01-08_VAAL_R4C4,statut_inconnu
2015-01-09_GREYVILLE_R5C5,statut_inconnu
2015-01-09_SINGAPOUR_R3C3,statut_inconnu
2015-01-09_SINGAPOUR_R3C4,statut_inconnu
2015-01-10_CHILE_R5C1,statut_inconnu
2015-01-10_CHILE_R5C4,statut_inconnu
2015-01-11_MARTINIQUE_R7C7,statut_inconnu
2015-01-11_PAU_R3C7,statut_inconnu
2015-01-12_DEAUVILLE_R2C9,statut_inconnu
2015-01-15_MEYDAN-(E.A.U)_R5C4,statut_inconnu
2015-01-15_PORNICHET_R3C1,statut_inconnu
2015-01-15_PORNICHET_R3C2,statut_inconnu
2015-01-15_PORNICHET_R3C3,statut_inconnu
2015-01-15_PORNICHET_R3C4,statut_inconnu
2015-01-15_PORNICHET_R3C7,statut_inconnu
2015-01-15_VAAL_R4C2,statut_inconnu
2015-01-15_VAAL_R4C3,statut_inconnu
2015-01-15_WOLVERHAMPTON_R6C5,statut_inconnu
2015-01-15_WOLVERHAMPTON_R6C6,statut_inconnu
2015-01-16_FAIRVIEW_R3C3,statut_inconnu
2015-01-16_GREYVILLE_R6C2,statut_inconnu
2015-01-16_GREYVILLE_R6C3,statut_inconnu
2015-01-16_GREYVILLE_R6C4,statut_inconnu
2015-01-16_GREYVILLE_R6C6,statut_inconnu
2015-01-16_GREYVILLE_R6C9,statut_inconnu
2015-01-16_SINGAPOUR_R4C1,statut_inconnu
2015-01-16_SINGAPOUR_R4C2,statut_inconnu
2015-01-16_SINGAPOUR_R4C3,statut_inconnu
2015-01-17_CHILE_R5C1,statut_inconnu
2015-01-17_CHILE_R5C2,statut_inconnu
2015-01-17_CHILE_R5C4,statut_inconnu
2015-01-17_CHILE_R5C6,statut_inconnu
2015-01-18_VALPARAISO_R4C1,statut_inconnu
2015-01-18_VALPARAISO_R4C4,statut_inconnu
2015-01-18_VALPARAISO_R4C7,statut_inconnu
2015-01-22_CHELMSFORD_R6C5,statut_inconnu
2015-01-22_CHELMSFORD_R6C7,statut_inconnu
2015-01-22_CHILE_R5C1,statut_inconnu
2015-01-22_CHILE_R5C4,statut_inconnu
2015-01-22_CHILE_R5C5,statut_inconnu
2015-01-22_CHILE_R5C7,statut_inconnu
2015-01-22_MEYDAN-(E.A.U)_R4C2,statut_inconnu
2015-01-22_MEYDAN-(E.A.U)_R4C3,statut_inconnu
2015-01-22_VAAL_R3C1,statut_inconnu
2015-01-22_VAAL_R3C3,statut_inconnu
2015-01-24_CHILE_R5C1,statut_inconnu
2015-01-24_CHILE_R5C4,statut_inconnu
2015-01-24_CHILE_R5C6,statut_inconnu
2015-01-24_KENILWORTH_R6C6,statut_inconnu
2015-01-28_FAIRVIEW_R4C3,statut_inconnu
2015-01-29_LA-PLATA_R5C2,statut_inconnu
2015-01-29_LA-PLATA_R5C4,statut_inconnu
2015-01-29_MEYDAN-(E.A.U)_R4C1,statut_inconnu
2015-01-29_MEYDAN-(E.A.U)_R4C2,statut_inconnu
2015-01-29_MEYDAN-(E.A.U)_R4C3,statut_inconnu
2015-01-29_MEYDAN-(E.A.U)_R4C5,statut_inconnu
2015-01-29_VAAL_R3C1,statut_inconnu
2015-01-29_VAAL_R3C3,statut_inconnu
2015-01-29_VAAL_R3C4,statut_inconnu
2015-01-29_WOLVERHAMPTON_R6C4,statut_inconnu
2015-01-30_FAIRVIEW_R5C1,statut_inconnu
2015-01-30_FAIRVIEW_R5C3,statut_inconnu
2015-01-30_SINGAPOUR_R4C1,statut_inconnu
2015-01-30_SINGAPOUR_R4C3,statut_inconnu
2015-01-30_SINGAPOUR_R4C4,statut_inconnu
2015-01-31_CHILE_R5C1,statut_inconnu
2015-01-31_CHILE_R5C2,statut_inconnu
2015-01-31_CHILE_R5C4,statut_inconnu
2015-01-31_KENILWORTH_R6C7,statut_inconnu
2015-01-31_KENILWORTH_R6C8,statut_inconnu
2015-02-01_VALPARAISO_R5C2,statut_inconnu
2015-02-01_VALPARAISO_R5C3,statut_inconnu
2015-02-01_VALPARAISO_R5C4,statut_inconnu
2015-02-01_VALPARAISO_R5C6,statut_inconnu
2015-02-01_VALPARAISO_R5C7,statut_inconnu
2015-02-04_VALPARAISO_R5C1,statut_inconnu
2015-02-04_VALPARAISO_R5C2,statut_inconnu
2015-02-04_VALPARAISO_R5C8,statut_inconnu
2015-02-05_CHELMSFORD_R6C3,statut_inconnu
2015-02-05_CHILE_R7C1,statut_inconnu
2015-02-05_CHILE_R7C2,statut_inconnu
2015-02-05_CHILE_R7C4,statut_inconnu
2015-02-05_CHILE_R7C5,statut_inconnu
2015-02-05_CHILE_R7C6,statut_inconnu
2015-02-05_MEYDAN-(E.A.U)_R5C2,statut_inconnu
2015-02-05_MEYDAN-(E.A.U)_R5C4,statut_inconnu
2015-02-05_MEYDAN-(E.A.U)_R5C5,statut_inconnu
2015-02-05_MEYDAN-(E.A.U)_R5C6,statut_inconnu
2015-02-05_MEYDAN-(E.A.U)_R5C7,statut_inconnu
2015-02-06_FAIRVIEW_R3C2,statut_inconnu
2015-02-06_GREYVILLE_R6C3,statut_inconnu
2015-02-06_GREYVILLE_R6C5,statut_inconnu
2015-02-06_GREYVILLE_R6C8,statut_inconnu
2015-02-06_SINGAPOUR_R4C4,statut_inconnu
2015-02-06_SINGAPOUR_R4C5,statut_inconnu
2015-02-07_CHILE_R5C1,statut_inconnu
2015-02-07_CHILE_R5C4,statut_inconnu
2015-02-07_CHILE_R5C5,statut_inconnu
2015-02-07_CHILE_R5C7,statut_inconnu
2015-02-09_SANTIAGO_R4C1,statut_inconnu
2015-02-09_SANTIAGO_R4C2,statut_inconnu
2015-02-09_SANTIAGO_R4C4,statut_inconnu
2015-02-09_SANTIAGO_R4C5,statut_inconnu
2015-02-09_SANTIAGO_R4C7,statut_inconnu
2015-02-09_SANTIAGO_R4C8,statut_inconnu
2015-02-10_MONT-DE-MARSAN_R2C5,statut_inconnu
2015-02-11_LAUNCESTON_R3C7,statut_inconnu
2015-02-11_VALPARAISO_R6C1,statut_inconnu
2015-02-11_VALPARAISO_R6C2,statut_inconnu
2015-02-11_VALPARAISO_R6C4,statut_inconnu
2015-02-11_VALPARAISO_R6C5,statut_inconnu
2015-02-11_VALPARAISO_R6C6,statut_inconnu
2015-02-11_VALPARAISO_R6C7,statut_inconnu
2015-02-11_VALPARAISO_R6C8,statut_inconnu
2015-02-12_CHELMSFORD_R6C2,statut_inconnu
2015-02-12_MEYDAN-(E.A.U)_R5C2,statut_inconnu
2015-02-12_MEYDAN-(E.A.U)_R5C5,statut_inconnu
2015-02-12_MEYDAN-(E.A.U)_R5C6,statut_inconnu
2015-02-12_MEYDAN-(E.A.U)_R5C7,statut_inconnu
2015-02-12_VAAL_R4C1,statut_inconnu
2015-02-13_SINGAPOUR_R5C2,statut_inconnu
2015-02-13_SINGAPOUR_R5C3,statut_inconnu
2015-02-13_SINGAPOUR_R5C4,statut_inconnu
2015-02-13_SINGAPOUR_R5C6,statut_inconnu
2015-02-18_SCOTTSVILLE_R5C3,statut_inconnu
2015-02-19_CHELMSFORD_R6C3,statut_inconnu
2015-02-19_CHELMSFORD_R6C4,statut_inconnu
2015-02-19_CHELMSFORD_R6C7,statut_inconnu
2015-02-19_CHILE_R5C1,statut_inconnu
2015-02-19_CHILE_R5C4,statut_inconnu
2015-02-19_CHILE_R5C5,statut_inconnu
2015-02-19_CHILE_R5C7,statut_inconnu
2015-02-19_MEYDAN-(E.A.U)_R4C2,statut_inconnu
2015-02-19_MEYDAN-(E.A.U)_R4C3,statut_inconnu
2015-02-19_MEYDAN-(E.A.U)_R4C5,statut_inconnu
2015-02-19_MEYDAN-(E.A.U)_R4C7,statut_inconnu
2015-02-19_VAAL_R3C1,statut_inconnu
2015-02-19_VAAL_R3C2,statut_inconnu
2015-02-19_VAAL_R3C4,statut_inconnu
2015-02-20_FAIRVIEW_R5C1,statut_inconnu
2015-02-20_FAIRVIEW_R5C2,statut_inconnu
2015-02-20_FAIRVIEW_R5C3,statut_inconnu
2015-02-20_FAIRVIEW_R5C4,statut_inconnu
2015-02-22_NIMES_R7C6,statut_inconnu
2015-02-23_MONT-DE-MARSAN_R2C7,statut_inconnu
2015-02-26_CHELMSFORD_R6C2,statut_inconnu
2015-02-26_CHELMSFORD_R6C3,statut_inconnu
2015-02-26_CHELMSFORD_R6C4,statut_inconnu
2015-02-26_CHELMSFORD_R6C5,statut_inconnu
2015-02-26_CHELMSFORD_R6C6,statut_inconnu
2015-02-26_MEYDAN-(E.A.U)_R4C2,statut_inconnu
2015-02-26_MEYDAN-(E.A.U)_R4C4,statut_inconnu
2015-02-26_MEYDAN-(E.A.U)_R4C6,statut_inconnu
2015-02-26_MEYDAN-(E.A.U)_R4C7,statut_inconnu
2015-02-26_VAAL_R3C1,statut_inconnu
2015-02-26_VAAL_R3C2,statut_inconnu
2015-02-26_VAAL_R3C3,statut_inconnu
2015-02-26_VAAL_R3C4,statut_inconnu
2015-02-26_VALPARAISO_R5C1,statut_inconnu
2015-02-26_VALPARAISO_R5C2,statut_inconnu
2015-02-26_VALPARAISO_R5C5,statut_inconnu
2015-02-26_VALPARAISO_R5C6,statut_inconnu
2015-02-26_VALPARAISO_R5C8,statut_inconnu
2015-02-27_SINGAPOUR_R4C1,statut_inconnu
2015-02-27_SINGAPOUR_R4C2,statut_inconnu
2015-02-27_SINGAPOUR_R4C4,statut_inconnu
2015-02-27_SINGAPOUR_R4C5,statut_inconnu
2015-02-28_MEYDAN-(E.A.U)_R5C3,statut_inconnu
2015-02-28_MEYDAN-(E.A.U)_R5C4,statut_inconnu
2015-02-28_MEYDAN-(E.A.U)_R5C6,statut_inconnu
2015-02-28_MEYDAN-(E.A.U)_R5C7,statut_inconnu
2015-03-01_VALPARAISO_R5C1,statut_inconnu
2015-03-01_VALPARAISO_R5C7,statut_inconnu
2015-03-02_MONS-(GHLIN)_R4C1,statut_inconnu
2015-03-04_VALPARAISO_R5C1,statut_inconnu
2015-03-04_VALPARAISO_R5C2,statut_inconnu
2015-03-04_VALPARAISO_R5C5,statut_inconnu
2015-03-05_CHILE_R5C1,statut_inconnu
2015-03-05_CHILE_R5C2,statut_inconnu
2015-03-05_CHILE_R5C3,statut_inconnu
2015-03-05_CHILE_R5C4,statut_inconnu
2015-03-05_CHILE_R5C6,statut_inconnu
2015-03-05_CHILE_R5C7,statut_inconnu
2015-03-05_CHILE_R5C8,statut_inconnu
2015-03-05_VAAL_R4C1,statut_inconnu
2015-03-05_VAAL_R4C2,statut_inconnu
2015-03-05_VAAL_R4C4,statut_inconnu
2015-03-06_GREYVILLE_R6C3,statut_inconnu
2015-03-06_SANTIAGO_R7C10,statut_inconnu
2015-03-06_SANTIAGO_R7C11,statut_inconnu
2015-03-06_SANTIAGO_R7C7,statut_inconnu
2015-03-06_SANTIAGO_R7C8,statut_inconnu
2015-03-06_SINGAPOUR_R4C1,statut_inconnu
2015-03-06_SINGAPOUR_R4C2,statut_inconnu
2015-03-07_MEYDAN-(E.A.U)_R5C4,statut_inconnu
2015-03-07_MEYDAN-(E.A.U)_R5C5,statut_inconnu
2015-03-07_MEYDAN-(E.A.U)_R5C8,statut_inconnu
2015-03-08_STRASBOURG_R12C4,statut_inconnu
2015-03-09_SANTIAGO_R4C1,statut_inconnu
2015-03-09_SANTIAGO_R4C2,statut_inconnu
2015-03-09_SANTIAGO_R4C4,statut_inconnu
2015-03-09_SANTIAGO_R4C5,statut_inconnu
2015-03-09_SANTIAGO_R4C7,statut_inconnu
2015-03-11_LAUNCESTON_R4C7,statut_inconnu
2015-03-11_VALPARAISO_R6C1,statut_inconnu
2015-03-11_VALPARAISO_R6C2,statut_inconnu
2015-03-11_VALPARAISO_R6C4,statut_inconnu
2015-03-11_VALPARAISO_R6C7,statut_inconnu
2015-03-12_VAAL_R4C3,statut_inconnu
2015-03-13_GREYVILLE_R6C3,statut_inconnu
2015-03-13_GREYVILLE_R6C4,statut_inconnu
2015-03-13_GREYVILLE_R6C6,statut_inconnu
2015-03-13_GREYVILLE_R6C8,statut_inconnu
2015-03-13_SANTIAGO_R7C11,statut_inconnu
2015-03-13_SANTIAGO_R7C7,statut_inconnu
2015-03-13_SANTIAGO_R7C8,statut_inconnu
2015-03-13_SANTIAGO_R7C9,statut_inconnu
2015-03-13_SINGAPOUR_R4C1,statut_inconnu
2015-03-13_SINGAPOUR_R4C2,statut_inconnu
2015-03-13_SINGAPOUR_R4C5,statut_inconnu
2015-03-14_TURFFONTEIN_R4C3,statut_inconnu
2015-03-15_ANGERS_R10C1,statut_inconnu
2015-03-18_FAIRVIEW_R5C3,statut_inconnu
2015-03-18_LAUNCESTON_R4C8,statut_inconnu
2015-03-19_TURFFONTEIN_R4C1,statut_inconnu
2015-03-19_TURFFONTEIN_R4C3,statut_inconnu
2015-03-20_GREYVILLE_R6C4,statut_inconnu
2015-03-20_GREYVILLE_R6C5,statut_inconnu
2015-03-20_GREYVILLE_R6C8,statut_inconnu
2015-03-20_SANTIAGO_R7C10,statut_inconnu
2015-03-20_SANTIAGO_R7C7,statut_inconnu
2015-03-20_SANTIAGO_R7C8,statut_inconnu
2015-03-20_SINGAPOUR_R4C2,statut_inconnu
2015-03-20_SINGAPOUR_R4C4,statut_inconnu
2015-03-20_SINGAPOUR_R4C5,statut_inconnu
2015-03-25_LAUNCESTON_R4C6,statut_inconnu
2015-03-25_VALPARAISO_R6C1,statut_inconnu
2015-03-25_VALPARAISO_R6C2,statut_inconnu
2015-03-25_VALPARAISO_R6C5,statut_inconnu
2015-03-28_CHILE_R6C4,statut_inconnu
2015-03-28_CHILE_R6C5,statut_inconnu
2015-03-28_MEYDAN-(E.A.U)_R5C1,statut_inconnu
2015-03-28_MEYDAN-(E.A.U)_R5C2,statut_inconnu
2015-03-28_MEYDAN-(E.A.U)_R5C3,statut_inconnu
2015-03-28_MEYDAN-(E.A.U)_R5C5,statut_inconnu
2015-03-28_MEYDAN-(E.A.U)_R5C6,statut_inconnu
2015-03-28_TURFFONTEIN_R4C1,statut_inconnu
2015-04-03_LINGFIELD-PARK_R5C2,statut_inconnu
2015-04-03_LINGFIELD-PARK_R5C4,statut_inconnu
2015-04-03_LINGFIELD-PARK_R5C7,statut_inconnu
2015-04-08_CHANTILLY_R3C1,statut_inconnu
2015-04-08_CHANTILLY_R3C3,statut_inconnu
2015-04-08_CHANTILLY_R3C5,statut_inconnu
2015-04-08_CHANTILLY_R3C8,statut_inconnu
2015-04-10_CRANBOURNE_R6C3,statut_inconnu
2015-04-10_CRANBOURNE_R6C5,statut_inconnu
2015-04-10_CRANBOURNE_R6C6,statut_inconnu
2015-04-13_VALPARAISO_R5C1,statut_inconnu
2015-04-13_VALPARAISO_R5C2,statut_inconnu
2015-04-14_LA-PLATA_R6C5,statut_inconnu
2015-04-14_LA-PLATA_R6C7,statut_inconnu
2015-04-14_LA-PLATA_R6C8,statut_inconnu
2015-04-20_WINDSOR_R4C1,statut_inconnu
2015-04-20_WINDSOR_R4C4,statut_inconnu
2015-04-20_WINDSOR_R4C7,statut_inconnu
2015-04-21_KEMPTON-PARK_R5C4,statut_inconnu
2015-04-21_KEMPTON-PARK_R5C5,statut_inconnu
2015-04-21_KEMPTON-PARK_R5C6,statut_inconnu
2015-04-21_KEMPTON-PARK_R5C7,statut_inconnu
2015-04-21_WOLVERHAMPTON_R6C2,statut_inconnu
2015-04-24_CRANBOURNE_R5C4,statut_inconnu
2015-04-24_GREYVILLE_R6C2,statut_inconnu
2015-04-24_GREYVILLE_R6C3,statut_inconnu
2015-04-24_GREYVILLE_R6C4,statut_inconnu
2015-04-24_GREYVILLE_R6C6,statut_inconnu
2015-04-24_GREYVILLE_R6C7,statut_inconnu
2015-04-24_SANTIAGO_R7C5,statut_inconnu
2015-04-24_SANTIAGO_R7C8,statut_inconnu
2015-04-24_SANTIAGO_R7C9,statut_inconnu
2015-04-25_TURFFONTEIN_R7C8,statut_inconnu
2015-04-26_SHA-TIN-(HONG-KONG)_R6C8,statut_inconnu
2015-04-27_CHANTILLY_R1C4,statut_inconnu
2015-04-27_CHANTILLY_R1C5,statut_inconnu
2015-04-27_CHANTILLY_R1C7,statut_inconnu
2015-04-27_MONS-(GHLIN)_R4C2,statut_inconnu
2015-04-27_MONS-(GHLIN)_R4C3,statut_inconnu
2015-04-27_MONS-(GHLIN)_R4C4,statut_inconnu
2015-04-28_LA-PLATA_R6C10,statut_inconnu
2015-04-28_LA-PLATA_R6C7,statut_inconnu
2015-04-28_LA-PLATA_R6C8,statut_inconnu
2015-04-28_LA-PLATA_R6C9,statut_inconnu
2015-04-29_AVENCHES_R4C1,statut_inconnu
2015-05-01_CRANBOURNE_R6C5,statut_inconnu
2015-05-01_CRANBOURNE_R6C7,statut_inconnu
2015-05-01_CRANBOURNE_R6C8,statut_inconnu
2015-05-02_NEWMARKET_R6C4,statut_inconnu
2015-05-03_NEWMARKET_R7C4,statut_inconnu
2015-05-04_CURRAGH_R4C6,statut_inconnu
2015-05-04_CURRAGH_R4C7,statut_inconnu
2015-05-04_SANTIAGO_R5C1,statut_inconnu
2015-05-04_SANTIAGO_R5C2,statut_inconnu
2015-05-04_SANTIAGO_R5C3,statut_inconnu
2015-05-04_SANTIAGO_R5C4,statut_inconnu
2015-05-12_BEVERLEY_R5C8,statut_inconnu
2015-05-12_CHELMSFORD_R6C1,statut_inconnu
2015-05-12_CHELMSFORD_R6C2,statut_inconnu
2015-05-12_CHELMSFORD_R6C3,statut_inconnu
2015-05-12_CHELMSFORD_R6C4,statut_inconnu
2015-05-12_LA-PLATA_R7C10,statut_inconnu
2015-05-12_LA-PLATA_R7C6,statut_inconnu
2015-05-12_LA-PLATA_R7C8,statut_inconnu
2015-05-12_LA-PLATA_R7C9,statut_inconnu
2015-05-13_NEWCASTLE_R4C7,statut_inconnu
2015-05-15_CRANBOURNE_R5C5,statut_inconnu
2015-05-15_CRANBOURNE_R5C7,statut_inconnu
2015-05-15_CRANBOURNE_R5C8,statut_inconnu
2015-05-16_CHILE_R6C10,statut_inconnu
2015-05-16_CHILE_R6C11,statut_inconnu
2015-05-16_CHILE_R6C7,statut_inconnu
2015-05-16_CHILE_R6C8,statut_inconnu
2015-05-16_NEWBURY_R8C5,statut_inconnu
2015-05-16_PIMLICO_R7C1,statut_inconnu
2015-05-16_PIMLICO_R7C2,statut_inconnu
2015-05-16_PIMLICO_R7C3,statut_inconnu
2015-05-16_PIMLICO_R7C4,statut_inconnu
2015-05-16_PIMLICO_R7C5,statut_inconnu
2015-05-17_SINGAPOUR_R6C10,statut_inconnu
2015-05-19_ANGERS_R2C5,statut_inconnu
2015-05-22_CRANBOURNE_R5C8,statut_inconnu
2015-05-23_CURRAGH_R6C4,statut_inconnu
2015-05-23_SCOTTSVILLE_R5C2,statut_inconnu
2015-05-23_SCOTTSVILLE_R5C4,statut_inconnu
2015-05-24_CURRAGH_R6C4,statut_inconnu
2015-05-24_CURRAGH_R6C5,statut_inconnu
2015-05-26_LA-PLATA_R6C10,statut_inconnu
2015-05-26_LA-PLATA_R6C4,statut_inconnu
2015-05-26_LA-PLATA_R6C6,statut_inconnu
2015-05-26_LA-PLATA_R6C8,statut_inconnu
2015-05-26_MULHEIM_R5C3,statut_inconnu
2015-05-26_MULHEIM_R5C5,statut_inconnu
2015-05-27_LE-CROISE-LAROCHE_R3C5,statut_inconnu
2015-05-29_CRANBOURNE_R5C7,statut_inconnu
2015-05-29_CRANBOURNE_R5C8,statut_inconnu
2015-05-31_DUSSELDORF_R6C6,statut_inconnu
2015-06-01_HOPPEGARTEN_R5C4,statut_inconnu
2015-06-05_COMPIEGNE_R1C8,statut_inconnu
2015-06-05_EPSOM-DOWNS_R7C5,statut_inconnu
2015-06-05_SINGAPOUR_R6C2,statut_inconnu
2015-06-05_TARBES_R3C1,statut_inconnu
2015-06-05_TARBES_R3C2,statut_inconnu
2015-06-05_TARBES_R3C5,statut_inconnu
2015-06-05_TARBES_R3C6,statut_inconnu
2015-06-06_BELMONT-PARK_R6C10,statut_inconnu
2015-06-06_BELMONT-PARK_R6C11,statut_inconnu
2015-06-06_BELMONT-PARK_R6C7,statut_inconnu
2015-06-06_BELMONT-PARK_R6C8,statut_inconnu
2015-06-06_BELMONT-PARK_R6C9,statut_inconnu
2015-06-06_CHILE_R7C10,statut_inconnu
2015-06-06_CHILE_R7C11,statut_inconnu
2015-06-06_CHILE_R7C12,statut_inconnu
2015-06-06_CHILE_R7C8,statut_inconnu
2015-06-06_CHILE_R7C9,statut_inconnu
2015-06-06_EPSOM-DOWNS_R8C5,statut_inconnu
2015-06-09_LA-PLATA_R6C10,statut_inconnu
2015-06-09_LA-PLATA_R6C6,statut_inconnu
2015-06-09_LA-PLATA_R6C8,statut_inconnu
2015-06-11_CRAON_R3C1,statut_inconnu
2015-06-16_ASCOT_R5C1,statut_inconnu
2015-06-16_ASCOT_R5C2,statut_inconnu
2015-06-16_ASCOT_R5C3,statut_inconnu
2015-06-16_ASCOT_R5C5,statut_inconnu
2015-06-17_ASCOT_R4C1,statut_inconnu
2015-06-17_ASCOT_R4C2,statut_inconnu
2015-06-17_ASCOT_R4C6,statut_inconnu
2015-06-18_ASCOT_R5C2,statut_inconnu
2015-06-18_ASCOT_R5C4,statut_inconnu
2015-06-19_ASCOT_R6C1,statut_inconnu
2015-06-19_ASCOT_R6C2,statut_inconnu
2015-06-19_ASCOT_R6C3,statut_inconnu
2015-06-19_ASCOT_R6C4,statut_inconnu
2015-06-19_ASCOT_R6C6,statut_inconnu
2015-06-19_SINGAPOUR_R5C1,statut_inconnu
2015-06-19_SINGAPOUR_R5C2,statut_inconnu
2015-06-19_SINGAPOUR_R5C3,statut_inconnu
2015-06-20_ASCOT_R6C1,statut_inconnu
2015-06-20_ASCOT_R6C2,statut_inconnu
2015-06-20_ASCOT_R6C4,statut_inconnu
2015-06-23_LA-PLATA_R6C10,statut_inconnu
2015-06-23_LA-PLATA_R6C6,statut_inconnu
2015-06-23_LA-PLATA_R6C8,statut_inconnu
2015-06-23_LA-PLATA_R6C9,statut_inconnu
2015-06-26_SINGAPOUR_R5C1,statut_inconnu
2015-06-26_SINGAPOUR_R5C2,statut_inconnu
2015-06-27_CURRAGH_R6C7,statut_inconnu
2015-06-28_CURRAGH_R6C5,statut_inconnu
2015-06-29_NANTES_R2C1,statut_inconnu
2015-07-01_HAMBOURG-HORN_R4C2,statut_inconnu
2015-07-04_GREYVILLE_R6C5,statut_inconnu
2015-07-04_GREYVILLE_R6C6,statut_inconnu
2015-07-04_GREYVILLE_R6C7,statut_inconnu
2015-07-04_GREYVILLE_R6C9,statut_inconnu
2015-07-06_WINDSOR_R5C1,statut_inconnu
2015-07-06_WINDSOR_R5C2,statut_inconnu
2015-07-07_LA-PLATA_R7C10,statut_inconnu
2015-07-07_LA-PLATA_R7C6,statut_inconnu
2015-07-07_LA-PLATA_R7C7,statut_inconnu
2015-07-07_LA-PLATA_R7C8,statut_inconnu
2015-07-07_WOLVERHAMPTON_R5C7,statut_inconnu
2015-07-07_WOLVERHAMPTON_R5C8,statut_inconnu
2015-07-11_NEWMARKET-JULY_R6C4,statut_inconnu
2015-07-13_OSTENDE_R4C3,statut_inconnu
2015-07-19_GUADELOUPE_R12C7,statut_inconnu
2015-07-20_AYR_R3C4,statut_inconnu
2015-07-20_AYR_R3C6,statut_inconnu
2015-07-20_BEVERLEY_R5C4,statut_inconnu
2015-07-20_BEVERLEY_R5C6,statut_inconnu
2015-07-20_VALPARAISO_R6C1,statut_inconnu
2015-07-21_LA-PLATA_R6C10,statut_inconnu
2015-07-21_LA-PLATA_R6C6,statut_inconnu
2015-07-21_LA-PLATA_R6C8,statut_inconnu
2015-07-25_ASCOT_R6C5,statut_inconnu
2015-07-30_GOODWOOD_R5C3,statut_inconnu
2015-07-31_GOODWOOD_R7C4,statut_inconnu
2015-08-01_GOODWOOD_R6C3,statut_inconnu
2015-08-02_DUSSELDORF_R6C6,statut_inconnu
2015-08-02_LE-TOUQUET_R5C1,statut_inconnu
2015-08-04_LA-PLATA_R6C6,statut_inconnu
2015-08-04_LA-PLATA_R6C8,statut_inconnu
2015-08-08_FLAMINGO-PARK_R5C1,statut_inconnu
2015-08-08_FLAMINGO-PARK_R5C2,statut_inconnu
2015-08-08_FLAMINGO-PARK_R5C3,statut_inconnu
2015-08-08_FLAMINGO-PARK_R5C4,statut_inconnu
2015-08-09_CURRAGH_R6C4,statut_inconnu
2015-08-13_LEOPARDSTOWN_R5C3,statut_inconnu
2015-08-13_SALISBURY_R4C6,statut_inconnu
2015-08-17_KEMPTON-PARK_R4C7,statut_inconnu
2015-08-20_YORK_R5C4,statut_inconnu
2015-08-21_YORK_R7C2,statut_inconnu
2015-08-21_YORK_R7C4,statut_inconnu
2015-08-24_SANTIAGO_R5C5,statut_inconnu
2015-08-24_SANTIAGO_R5C6,statut_inconnu
2015-08-26_LINGFIELD-PARK_R4C7,statut_inconnu
2015-08-26_LINGFIELD-PARK_R4C8,statut_inconnu
2015-08-27_TIPPERARY_R4C1,statut_inconnu
2015-08-27_TIPPERARY_R4C5,statut_inconnu
2015-08-27_TIPPERARY_R4C6,statut_inconnu
2015-08-29_DEAUVILLE_R2C6,triple_ex_aequo
2015-08-31_VALPARAISO_R5C2,statut_inconnu
2015-09-02_GOWRAN-PARK_R6C5,statut_inconnu
2015-09-02_GOWRAN-PARK_R6C6,statut_inconnu
2015-09-02_GOWRAN-PARK_R6C7,statut_inconnu
2015-09-05_HAYDOCK_R6C4,statut_inconnu
2015-09-06_EVREUX_R4C7,statut_inconnu
2015-09-06_EVREUX_R4C8,statut_inconnu
2015-09-06_EVREUX_R4C9,statut_inconnu
2015-09-07_SANTIAGO_R5C3,statut_inconnu
2015-09-09_KEMPTON-PARK_R5C3,statut_inconnu
2015-09-09_KEMPTON-PARK_R5C4,statut_inconnu
2015-09-09_KEMPTON-PARK_R5C5,statut_inconnu
2015-09-12_LEOPARDSTOWN_R7C5,statut_inconnu
2015-09-12_LEOPARDSTOWN_R7C6,statut_inconnu
2015-09-13_CURRAGH_R7C6,statut_inconnu
2015-09-15_LA-PLATA_R6C5,statut_inconnu
2015-09-15_LA-PLATA_R6C6,statut_inconnu
2015-09-18_GREYVILLE_R6C3,statut_inconnu
2015-09-18_GREYVILLE_R6C4,statut_inconnu
2015-09-18_GREYVILLE_R6C5,statut_inconnu
2015-09-18_GREYVILLE_R6C8,statut_inconnu
2015-09-22_MONS-(GHLIN)_R5C1,statut_inconnu
2015-09-23_GOODWOOD_R4C7,statut_inconnu
2015-09-23_KEMPTON-PARK_R5C4,statut_inconnu
2015-09-23_KEMPTON-PARK_R5C5,statut_inconnu
2015-09-23_KEMPTON-PARK_R5C6,statut_inconnu
2015-09-29_LA-PLATA_R6C6,statut_inconnu
2015-09-29_LA-PLATA_R6C8,statut_inconnu
2015-10-02_GREYVILLE_R6C2,statut_inconnu
2015-10-02_GREYVILLE_R6C3,statut_inconnu
2015-10-02_GREYVILLE_R6C6,statut_inconnu
2015-10-02_GREYVILLE_R6C7,statut_inconnu
2015-10-02_SANTIAGO_R7C5,statut_inconnu
2015-10-02_SANTIAGO_R7C6,statut_inconnu
2015-10-02_SANTIAGO_R7C7,statut_inconnu
2015-10-02_SANTIAGO_R7C8,statut_inconnu
2015-10-02_SANTIAGO_R7C9,statut_inconnu
2015-10-03_WOLVERHAMPTON_R5C1,statut_inconnu
2015-10-03_WOLVERHAMPTON_R5C5,statut_inconnu
2015-10-06_KEMPTON-PARK_R6C1,statut_inconnu
2015-10-06_KEMPTON-PARK_R6C3,statut_inconnu
2015-10-06_LEICESTER_R4C5,statut_inconnu
2015-10-07_KEMPTON-PARK_R5C2,statut_inconnu
2015-10-07_KEMPTON-PARK_R5C3,statut_inconnu
2015-10-07_KEMPTON-PARK_R5C4,statut_inconnu
2015-10-07_KEMPTON-PARK_R5C5,statut_inconnu
2015-10-07_KEMPTON-PARK_R5C6,statut_inconnu
2015-10-07_KEMPTON-PARK_R5C7,statut_inconnu
2015-10-07_NAVAN_R4C6,statut_inconnu
2015-10-07_NAVAN_R4C7,statut_inconnu
2015-10-16_CRANBOURNE_R6C6,statut_inconnu
2015-10-16_CRANBOURNE_R6C7,statut_inconnu
2015-10-16_CRANBOURNE_R6C9,statut_inconnu
2015-10-17_ASCOT_R6C1,statut_inconnu
2015-10-17_ASCOT_R6C2,statut_inconnu
2015-10-17_ASCOT_R6C3,statut_inconnu
2015-10-17_ASCOT_R6C5,statut_inconnu
2015-10-18_LYON-PARILLY_R13C1,statut_inconnu
2015-10-21_KEMPTON-PARK_R5C2,statut_inconnu
2015-10-21_KEMPTON-PARK_R5C3,statut_inconnu
2015-10-21_KEMPTON-PARK_R5C4,statut_inconnu
2015-10-21_KEMPTON-PARK_R5C5,statut_inconnu
2015-10-21_KEMPTON-PARK_R5C6,statut_inconnu
2015-10-21_KEMPTON-PARK_R5C7,statut_inconnu
2015-10-21_NEWMARKET_R4C8,statut_inconnu
2015-10-22_CARLISLE_R4C7,statut_inconnu
2015-10-22_CHELMSFORD_R5C2,statut_inconnu
2015-10-22_CHELMSFORD_R5C4,statut_inconnu
2015-10-28_KEMPTON-PARK_R4C1,statut_inconnu
2015-10-28_KEMPTON-PARK_R4C2,statut_inconnu
2015-10-28_KEMPTON-PARK_R4C4,statut_inconnu
2015-10-30_GREYVILLE_R6C2,statut_inconnu
2015-10-30_GREYVILLE_R6C3,statut_inconnu
2015-10-30_GREYVILLE_R6C4,statut_inconnu
2015-10-30_KEENELAND_R7C10,statut_inconnu
2015-10-30_KEENELAND_R7C6,statut_inconnu
2015-10-30_KEENELAND_R7C7,statut_inconnu
2015-10-30_KEENELAND_R7C8,statut_inconnu
2015-10-30_KEENELAND_R7C9,statut_inconnu
2015-10-31_KEENELAND_R5C2,statut_inconnu
2015-10-31_KEENELAND_R5C3,statut_inconnu
2015-10-31_KEENELAND_R5C5,statut_inconnu
2015-10-31_KEENELAND_R5C6,statut_inconnu
2015-10-31_KEENELAND_R5C7,statut_inconnu
2015-10-31_KEENELAND_R5C8,statut_inconnu
2015-11-01_SANTIAGO_R5C1,statut_inconnu
2015-11-01_SANTIAGO_R5C2,statut_inconnu
2015-11-01_SANTIAGO_R5C3,statut_inconnu
2015-11-01_SANTIAGO_R5C4,statut_inconnu
2015-11-01_SANTIAGO_R5C5,statut_inconnu
2015-11-01_SANTIAGO_R5C7,statut_inconnu
2015-11-04_GREYVILLE_R6C1,statut_inconnu
2015-11-04_GREYVILLE_R6C2,statut_inconnu
2015-11-04_GREYVILLE_R6C3,statut_inconnu
2015-11-04_LE-CROISE-LAROCHE_R3C1,statut_inconnu
2015-11-04_LE-CROISE-LAROCHE_R3C3,statut_inconnu
2015-11-05_CHELMSFORD_R6C4,statut_inconnu
2015-11-05_CHELMSFORD_R6C5,statut_inconnu
2015-11-05_MEYDAN-(E.A.U)_R5C1,statut_inconnu
2015-11-05_MEYDAN-(E.A.U)_R5C2,statut_inconnu
2015-11-05_MEYDAN-(E.A.U)_R5C6,statut_inconnu
2015-11-05_TURFFONTEIN_R4C1,statut_inconnu
2015-11-05_TURFFONTEIN_R4C2,statut_inconnu
2015-11-05_TURFFONTEIN_R4C4,statut_inconnu
2015-11-06_SINGAPOUR_R5C1,statut_inconnu
2015-11-06_SINGAPOUR_R5C3,statut_inconnu
2015-11-06_SINGAPOUR_R5C4,statut_inconnu
2015-11-06_SINGAPOUR_R5C5,statut_inconnu
2015-11-11_KENILWORTH_R5C1,statut_inconnu
2015-11-11_LAUNCESTON_R4C8,statut_inconnu
2015-11-11_SAINT-BRIEUC_R12C3,statut_inconnu
2015-11-12_CHELMSFORD_R5C1,statut_inconnu
2015-11-12_CHELMSFORD_R5C2,statut_inconnu
2015-11-12_CHELMSFORD_R5C7,statut_inconnu
2015-11-12_TURFFONTEIN_R4C1,statut_inconnu
2015-11-13_GREYVILLE_R6C3,statut_inconnu
2015-11-13_GREYVILLE_R6C6,statut_inconnu
2015-11-13_GREYVILLE_R6C7,statut_inconnu
2015-11-13_GREYVILLE_R6C8,statut_inconnu
2015-11-13_SANTIAGO_R7C11,statut_inconnu
2015-11-13_SANTIAGO_R7C8,statut_inconnu
2015-11-13_SANTIAGO_R7C9,statut_inconnu
2015-11-13_SINGAPOUR_R4C1,statut_inconnu
2015-11-13_SINGAPOUR_R4C2,statut_inconnu
2015-11-13_SINGAPOUR_R4C3,statut_inconnu
2015-11-13_SINGAPOUR_R4C4,statut_inconnu
2015-11-13_SINGAPOUR_R4C5,statut_inconnu
2015-11-14_SAINT-CLOUD_R1C1,sans_resultat
2015-11-14_SAINT-CLOUD_R1C2,sans_resultat
2015-11-14_SAINT-CLOUD_R1C3,sans_resultat
2015-11-14_SAINT-CLOUD_R1C4,sans_resultat
2015-11-14_SAINT-CLOUD_R1C5,sans_resultat
2015-11-14_SAINT-CLOUD_R1C6,sans_resultat
2015-11-14_SAINT-CLOUD_R1C7,sans_resultat
2015-11-14_SAINT-CLOUD_R1C8,sans_resultat
2015-11-16_SANTIAGO_R4C1,statut_inconnu
2015-11-16_SANTIAGO_R4C2,statut_inconnu
2015-11-16_SANTIAGO_R4C3,statut_inconnu
2015-11-16_SANTIAGO_R4C4,statut_inconnu
2015-11-18_KEMPTON-PARK_R7C1,statut_inconnu
2015-11-18_KEMPTON-PARK_R7C2,statut_inconnu
2015-11-18_KEMPTON-PARK_R7C5,statut_inconnu
2015-11-18_KENILWORTH_R5C2,statut_inconnu
2015-11-19_MEYDAN-(E.A.U)_R6C3,statut_inconnu
2015-11-19_MEYDAN-(E.A.U)_R6C5,statut_inconnu
2015-11-19_MEYDAN-(E.A.U)_R6C6,statut_inconnu
2015-11-19_TURFFONTEIN_R5C1,statut_inconnu
2015-11-19_VALPARAISO_R7C4,statut_inconnu
2015-11-19_VALPARAISO_R7C8,statut_inconnu
2015-11-20_LYON-LA-SOIE_R1C3,statut_inconnu
2015-11-20_LYON-LA-SOIE_R1C4,statut_inconnu
2015-11-20_LYON-LA-SOIE_R1C5,statut_inconnu
2015-11-20_LYON-LA-SOIE_R1C6,statut_inconnu
2015-11-20_LYON-LA-SOIE_R1C7,statut_inconnu
2015-11-20_LYON-LA-SOIE_R1C8,statut_inconnu
2015-11-20_SINGAPOUR_R5C1,statut_inconnu
2015-11-20_SINGAPOUR_R5C3,statut_inconnu
2015-11-20_SINGAPOUR_R5C4,statut_inconnu
2015-11-20_SINGAPOUR_R5C5,statut_inconnu
2015-11-21_CHILE_R6C1,statut_inconnu
2015-11-21_CHILE_R6C2,statut_inconnu
2015-11-21_CHILE_R6C4,statut_inconnu
2015-11-21_CHILE_R6C7,statut_inconnu
2015-11-21_LYON-PARILLY_R2C3,statut_inconnu
2015-11-21_LYON-PARILLY_R2C4,statut_inconnu
2015-11-21_LYON-PARILLY_R2C5,statut_inconnu
2015-11-21_LYON-PARILLY_R2C6,statut_inconnu
2015-11-21_LYON-PARILLY_R2C7,statut_inconnu
2015-11-21_LYON-PARILLY_R2C8,statut_inconnu
2015-11-21_SHA-TIN-(HONG-KONG)_R7C8,statut_inconnu
2015-11-23_MONS-(GHLIN)_R4C3,statut_inconnu
2015-11-25_KENILWORTH_R6C1,statut_inconnu
2015-11-25_KENILWORTH_R6C2,statut_inconnu
2015-11-25_LAUNCESTON_R5C6,statut_inconnu
2015-11-25_LAUNCESTON_R5C8,statut_inconnu
2015-11-25_LYON-LA-SOIE_R4C3,statut_inconnu
2015-11-26_CHILE_R5C1,statut_inconnu
2015-11-26_CHILE_R5C4,statut_inconnu
2015-11-26_CHILE_R5C7,statut_inconnu
2015-11-26_CHILE_R5C8,statut_inconnu
2015-11-26_VAAL_R4C1,statut_inconnu
2015-11-26_VAAL_R4C2,statut_inconnu
2015-11-26_VAAL_R4C3,statut_inconnu
2015-11-26_VAAL_R4C4,statut_inconnu
2015-11-27_SINGAPOUR_R5C4,statut_inconnu
2015-11-29_TOKYO_R6C11,statut_inconnu
2015-12-02_KENILWORTH_R4C1,statut_inconnu
2015-12-02_KENILWORTH_R4C3,statut_inconnu
2015-12-02_VALPARAISO_R6C1,statut_inconnu
2015-12-02_VALPARAISO_R6C7,statut_inconnu
2015-12-03_CHILE_R6C4,statut_inconnu
2015-12-03_MEYDAN-(E.A.U)_R5C2,statut_inconnu
2015-12-03_MEYDAN-(E.A.U)_R5C4,statut_inconnu
2015-12-03_TURFFONTEIN_R4C1,statut_inconnu
2015-12-03_TURFFONTEIN_R4C3,statut_inconnu
2015-12-03_TURFFONTEIN_R4C4,statut_inconnu
2015-12-04_SINGAPOUR_R4C1,statut_inconnu
2015-12-04_SINGAPOUR_R4C2,statut_inconnu
2015-12-04_SINGAPOUR_R4C3,statut_inconnu
2015-12-04_SINGAPOUR_R4C4,statut_inconnu
2015-12-05_CHILE_R5C1,statut_inconnu
2015-12-05_CHILE_R5C4,statut_inconnu
2015-12-06_SANTIAGO_R4C4,statut_inconnu
2015-12-06_SANTIAGO_R4C5,statut_inconnu
2015-12-06_SANTIAGO_R4C7,statut_inconnu
2015-12-09_LAUNCESTON_R4C6,statut_inconnu
2015-12-11_FAIRVIEW_R6C2,statut_inconnu
2015-12-11_SINGAPOUR_R5C1,statut_inconnu
2015-12-11_SINGAPOUR_R5C2,statut_inconnu
2015-12-11_SINGAPOUR_R5C4,statut_inconnu
2015-12-12_CHILE_R6C7,statut_inconnu
2015-12-12_CHILE_R6C8,statut_inconnu
2015-12-12_SAN-ISIDRO_R4C11,statut_inconnu
2015-12-12_SAN-ISIDRO_R4C6,statut_inconnu
2015-12-12_SAN-ISIDRO_R4C7,statut_inconnu
2015-12-12_SAN-ISIDRO_R4C9,statut_inconnu
2015-12-13_SEOUL_R7C9,statut_inconnu
2015-12-13_SHA-TIN-(HONG-KONG)_R4C4,statut_inconnu
2015-12-13_SHA-TIN-(HONG-KONG)_R4C5,statut_inconnu
2015-12-13_SHA-TIN-(HONG-KONG)_R4C6,statut_inconnu
2015-12-13_SHA-TIN-(HONG-KONG)_R4C7,statut_inconnu
2015-12-13_SHA-TIN-(HONG-KONG)_R4C8,statut_inconnu
2015-12-13_SHA-TIN-(HONG-KONG)_R4C9,statut_inconnu
2015-12-16_GREYVILLE_R5C1,statut_inconnu
2015-12-16_GREYVILLE_R5C2,statut_inconnu
2015-12-17_CHELMSFORD_R6C6,statut_inconnu
2015-12-17_CHELMSFORD_R6C7,statut_inconnu
2015-12-17_CHILE_R5C1,statut_inconnu
2015-12-17_CHILE_R5C4,statut_inconnu
2015-12-17_CHILE_R5C7,statut_inconnu
2015-12-17_MEYDAN-(E.A.U)_R4C1,statut_inconnu
2015-12-17_MEYDAN-(E.A.U)_R4C3,statut_inconnu
2015-12-17_VAAL_R3C1,statut_inconnu
2015-12-17_VAAL_R3C2,statut_inconnu
2015-12-17_VAAL_R3C3,statut_inconnu
2015-12-17_VAAL_R3C4,statut_inconnu
2015-12-18_FAIRVIEW_R4C2,statut_inconnu
2015-12-18_FAIRVIEW_R4C3,statut_inconnu
2015-12-18_FAIRVIEW_R4C4,statut_inconnu
2015-12-19_SAN-ISIDRO_R5C3,statut_inconnu
2015-12-19_SAN-ISIDRO_R5C4,statut_inconnu
2015-12-19_SAN-ISIDRO_R5C5,statut_inconnu
2015-12-19_SAN-ISIDRO_R5C6,statut_inconnu
2015-12-20_MARONAS_R4C5,statut_inconnu
2015-12-20_MARONAS_R4C6,statut_inconnu
2015-12-20_MARONAS_R4C7,statut_inconnu
2015-12-20_MARONAS_R4C8,statut_inconnu
2015-12-23_GREYVILLE_R4C1,statut_inconnu
2015-12-23_GREYVILLE_R4C2,statut_inconnu
2015-12-23_GREYVILLE_R4C4,statut_inconnu
2015-12-24_TURFFONTEIN_R3C1,statut_inconnu
2015-12-24_TURFFONTEIN_R3C3,statut_inconnu
2015-12-24_TURFFONTEIN_R3C4,statut_inconnu
2015-12-24_VALPARAISO_R5C1,statut_inconnu
2015-12-24_VALPARAISO_R5C7,statut_inconnu
2015-12-25_SANTIAGO_R4C2,statut_inconnu
2015-12-25_SANTIAGO_R4C4,statut_inconnu
2015-12-25_SANTIAGO_R4C7,statut_inconnu
2015-12-25_SANTIAGO_R4C8,statut_inconnu
2015-12-26_CHILE_R5C4,statut_inconnu
2015-12-26_CHILE_R5C8,statut_inconnu
2015-12-28_SANTIAGO_R4C1,statut_inconnu
2015-12-28_SANTIAGO_R4C2,statut_inconnu
2015-12-28_SANTIAGO_R4C4,statut_inconnu
2015-12-28_SANTIAGO_R4C5,statut_inconnu
2015-12-28_SANTIAGO_R4C7,statut_inconnu
2015-12-28_SANTIAGO_R4C8,statut_inconnu
2015-12-30_GREYVILLE_R3C2,statut_inconnu
2015-12-30_GREYVILLE_R3C3,statut_inconnu
2015-12-31_TURFFONTEIN_R3C1,statut_inconnu
2015-12-31_TURFFONTEIN_R3C2,statut_inconnu
2015-12-31_TURFFONTEIN_R3C3,statut_inconnu
2015-12-31_TURFFONTEIN_R3C4,statut_inconnu
2016-01-01_FAIRVIEW_R2C1,statut_inconnu
2016-01-01_FAIRVIEW_R2C2,statut_inconnu
2016-01-01_GREYVILLE_R5C3,statut_inconnu
2016-01-01_GREYVILLE_R5C4,statut_inconnu
2016-01-01_GREYVILLE_R5C5,statut_inconnu
2016-01-01_GREYVILLE_R5C6,statut_inconnu
2016-01-01_GREYVILLE_R5C8,statut_inconnu
2016-01-02_TURFFONTEIN_R2C3,statut_inconnu
2016-01-02_TURFFONTEIN_R2C4,statut_inconnu
2016-01-04_SANTIAGO_R5C1,statut_inconnu
2016-01-04_SANTIAGO_R5C2,statut_inconnu
2016-01-04_SANTIAGO_R5C3,statut_inconnu
2016-01-04_SANTIAGO_R5C4,statut_inconnu
2016-01-04_SANTIAGO_R5C5,statut_inconnu
2016-01-04_SANTIAGO_R5C6,statut_inconnu
2016-01-04_SANTIAGO_R5C7,statut_inconnu
2016-01-06_KENILWORTH_R2C1,statut_inconnu
2016-01-06_KENILWORTH_R2C2,statut_inconnu
2016-01-07_CHELMSFORD_R6C4,statut_inconnu
2016-01-07_CHELMSFORD_R6C5,statut_inconnu
2016-01-07_CHELMSFORD_R6C7,statut_inconnu
2016-01-07_MEYDAN-(E.A.U)_R4C1,statut_inconnu
2016-01-07_MEYDAN-(E.A.U)_R4C3,statut_inconnu
2016-01-07_MEYDAN-(E.A.U)_R4C4,statut_inconnu
2016-01-07_MEYDAN-(E.A.U)_R4C5,statut_inconnu
2016-01-07_MEYDAN-(E.A.U)_R4C7,statut_inconnu
2016-01-07_VAAL_R2C2,statut_inconnu
2016-01-08_GREYVILLE_R5C2,statut_inconnu
2016-01-08_GREYVILLE_R5C3,statut_inconnu
2016-01-08_GREYVILLE_R5C4,statut_inconnu
2016-01-08_GREYVILLE_R5C5,statut_inconnu
2016-01-08_GREYVILLE_R5C7,statut_inconnu
2016-01-08_GREYVILLE_R5C8,statut_inconnu
2016-01-08_SINGAPOUR_R2C2,statut_inconnu
2016-01-09_CHILE_R4C1,statut_inconnu
2016-01-09_CHILE_R4C4,statut_inconnu
2016-01-09_CHILE_R4C6,statut_inconnu
2016-01-09_CHILE_R4C8,statut_inconnu
2016-01-13_LAUNCESTON_R2C6,statut_inconnu
2016-01-14_CHELMSFORD_R6C5,statut_inconnu
2016-01-14_CHELMSFORD_R6C6,statut_inconnu
2016-01-14_MEYDAN-(E.A.U)_R4C7,statut_inconnu
2016-01-14_VAAL_R2C3,statut_inconnu
2016-01-15_SINGAPOUR_R2C1,statut_inconnu
2016-01-15_SINGAPOUR_R2C2,statut_inconnu
2016-01-15_SINGAPOUR_R2C3,statut_inconnu
2016-01-15_SINGAPOUR_R2C4,statut_inconnu
2016-01-16_CHILE_R5C1,statut_inconnu
2016-01-16_CHILE_R5C2,statut_inconnu
2016-01-16_CHILE_R5C4,statut_inconnu
2016-01-16_CHILE_R5C5,statut_inconnu
2016-01-16_CHILE_R5C8,statut_inconnu
2016-01-20_KENILWORTH_R2C4,statut_inconnu
2016-01-21_CHILE_R5C2,statut_inconnu
2016-01-21_CHILE_R5C5,statut_inconnu
2016-01-21_CHILE_R5C6,statut_inconnu
2016-01-21_CHILE_R5C7,statut_inconnu
2016-01-21_CHILE_R5C8,statut_inconnu
2016-01-21_CHILE_R5C9,statut_inconnu
2016-01-21_MEYDAN-(E.A.U)_R4C6,statut_inconnu
2016-01-21_MEYDAN-(E.A.U)_R4C7,statut_inconnu
2016-01-21_PAU_R3C6,statut_inconnu
2016-01-21_VAAL_R2C1,statut_inconnu
2016-01-21_VAAL_R2C3,statut_inconnu
2016-01-22_FAIRVIEW_R3C3,statut_inconnu
2016-01-22_GREYVILLE_R6C2,statut_inconnu
2016-01-22_GREYVILLE_R6C3,statut_inconnu
2016-01-22_GREYVILLE_R6C4,statut_inconnu
2016-01-22_GREYVILLE_R6C5,statut_inconnu
2016-01-22_GREYVILLE_R6C6,statut_inconnu
2016-01-22_GREYVILLE_R6C8,statut_inconnu
2016-01-22_SINGAPOUR_R2C1,statut_inconnu
2016-01-22_SINGAPOUR_R2C2,statut_inconnu
2016-01-22_SINGAPOUR_R2C4,statut_inconnu
2016-01-22_SINGAPOUR_R2C5,statut_inconnu
2016-01-23_CHILE_R5C1,statut_inconnu
2016-01-23_CHILE_R5C2,statut_inconnu
2016-01-23_CHILE_R5C4,statut_inconnu
2016-01-23_CHILE_R5C6,statut_inconnu
2016-01-23_CHILE_R5C8,statut_inconnu
2016-01-25_SANTIAGO_R6C5,statut_inconnu
2016-01-25_SANTIAGO_R6C6,statut_inconnu
2016-01-26_TURFFONTEIN_R4C1,statut_inconnu
2016-01-26_TURFFONTEIN_R4C2,statut_inconnu
2016-01-26_TURFFONTEIN_R4C3,statut_inconnu
2016-01-26_TURFFONTEIN_R4C5,statut_inconnu
2016-01-26_TURFFONTEIN_R4C7,statut_inconnu
2016-01-27_LAUNCESTON_R2C6,statut_inconnu
2016-01-27_LAUNCESTON_R2C7,statut_inconnu
2016-01-27_LAUNCESTON_R2C9,statut_inconnu
2016-01-28_MEYDAN-(E.A.U)_R4C2,statut_inconnu
2016-01-28_MEYDAN-(E.A.U)_R4C4,statut_inconnu
2016-01-28_MEYDAN-(E.A.U)_R4C5,statut_inconnu
2016-01-28_MEYDAN-(E.A.U)_R4C7,statut_inconnu
2016-01-28_VAAL_R2C1,statut_inconnu
2016-01-28_VAAL_R2C2,statut_inconnu
2016-01-28_VALPARAISO_R5C1,statut_inconnu
2016-01-28_VALPARAISO_R5C2,statut_inconnu
2016-01-28_VALPARAISO_R5C7,statut_inconnu
2016-01-29_SINGAPOUR_R2C1,statut_inconnu
2016-01-29_SINGAPOUR_R2C3,statut_inconnu
2016-01-29_SINGAPOUR_R2C5,statut_inconnu
2016-01-30_CHILE_R5C1,statut_inconnu
2016-01-30_CHILE_R5C2,statut_inconnu
2016-01-30_CHILE_R5C4,statut_inconnu
2016-01-30_CHILE_R5C8,statut_inconnu
2016-01-30_KENILWORTH_R7C7,statut_inconnu
2016-01-30_KENILWORTH_R7C8,statut_inconnu
2016-01-30_TURFFONTEIN_R2C4,statut_inconnu
2016-02-01_SANTIAGO_R5C1,statut_inconnu
2016-02-01_SANTIAGO_R5C2,statut_inconnu
2016-02-01_SANTIAGO_R5C4,statut_inconnu
2016-02-01_SANTIAGO_R5C7,statut_inconnu
2016-02-01_SANTIAGO_R5C8,statut_inconnu
2016-02-03_DURBANVILLE_R2C4,statut_inconnu
2016-02-04_CHELMSFORD_R6C7,statut_inconnu
2016-02-04_MEYDAN-(E.A.U)_R4C2,statut_inconnu
2016-02-04_MEYDAN-(E.A.U)_R4C5,statut_inconnu
2016-02-04_MEYDAN-(E.A.U)_R4C7,statut_inconnu
2016-02-04_VAAL_R2C3,statut_inconnu
2016-02-04_VAAL_R2C4,statut_inconnu
2016-02-05_FAIRVIEW_R3C1,statut_inconnu
2016-02-05_GREYVILLE_R6C4,statut_inconnu
2016-02-05_GREYVILLE_R6C5,statut_inconnu
2016-02-05_GREYVILLE_R6C7,statut_inconnu
2016-02-05_GREYVILLE_R6C8,statut_inconnu
2016-02-05_SINGAPOUR_R2C1,statut_inconnu
2016-02-05_SINGAPOUR_R2C2,statut_inconnu
2016-02-05_SINGAPOUR_R2C3,statut_inconnu
2016-02-05_SINGAPOUR_R2C4,statut_inconnu
2016-02-06_CHILE_R6C1,statut_inconnu
2016-02-06_CHILE_R6C4,statut_inconnu
2016-02-06_CHILE_R6C8,statut_inconnu
2016-02-07_MARONAS_R4C6,statut_inconnu
2016-02-07_MARONAS_R4C7,statut_inconnu
2016-02-07_VALPARAISO_R5C1,statut_inconnu
2016-02-07_VALPARAISO_R5C2,statut_inconnu
2016-02-07_VALPARAISO_R5C3,statut_inconnu
2016-02-07_VALPARAISO_R5C4,statut_inconnu
2016-02-07_VALPARAISO_R5C5,statut_inconnu
2016-02-07_VALPARAISO_R5C6,statut_inconnu
2016-02-07_VALPARAISO_R5C7,statut_inconnu
2016-02-09_TURFFONTEIN_R4C2,statut_inconnu
2016-02-09_TURFFONTEIN_R4C8,statut_inconnu
2016-02-10_GREYVILLE_R2C1,statut_inconnu
2016-02-10_GREYVILLE_R2C2,statut_inconnu
2016-02-10_GREYVILLE_R2C3,statut_inconnu
2016-02-10_GREYVILLE_R2C4,statut_inconnu
2016-02-10_KEMPTON-PARK_R5C2,statut_inconnu
2016-02-10_KEMPTON-PARK_R5C6,statut_inconnu
2016-02-10_KEMPTON-PARK_R5C7,statut_inconnu
2016-02-11_CHELMSFORD_R6C4,statut_inconnu
2016-02-11_CHELMSFORD_R6C5,statut_inconnu
2016-02-11_CHELMSFORD_R6C6,statut_inconnu
2016-02-11_CHELMSFORD_R6C7,statut_inconnu
2016-02-11_MEYDAN-(E.A.U)_R4C3,statut_inconnu
2016-02-11_MEYDAN-(E.A.U)_R4C7,statut_inconnu
2016-02-11_VAAL_R2C1,statut_inconnu
2016-02-11_VALPARAISO_R5C1,statut_inconnu
2016-02-11_VALPARAISO_R5C2,statut_inconnu
2016-02-11_VALPARAISO_R5C4,statut_inconnu
2016-02-11_VALPARAISO_R5C5,statut_inconnu
2016-02-12_GREYVILLE_R6C3,statut_inconnu
2016-02-12_GREYVILLE_R6C4,statut_inconnu
2016-02-12_GREYVILLE_R6C8,statut_inconnu
2016-02-13_CHILE_R5C1,statut_inconnu
2016-02-13_CHILE_R5C2,statut_inconnu
2016-02-13_CHILE_R5C4,statut_inconnu
2016-02-13_CHILE_R5C8,statut_inconnu
2016-02-15_VALPARAISO_R5C1,statut_inconnu
2016-02-15_VALPARAISO_R5C4,statut_inconnu
2016-02-17_KENILWORTH_R2C1,statut_inconnu
2016-02-18_CHELMSFORD_R6C4,statut_inconnu
2016-02-18_CHELMSFORD_R6C5,statut_inconnu
2016-02-18_MEYDAN-(E.A.U)_R4C3,statut_inconnu
2016-02-18_MEYDAN-(E.A.U)_R4C5,statut_inconnu
2016-02-18_MEYDAN-(E.A.U)_R4C6,statut_inconnu
2016-02-18_MEYDAN-(E.A.U)_R4C7,statut_inconnu
2016-02-18_VAAL_R2C1,statut_inconnu
2016-02-18_VAAL_R2C2,statut_inconnu
2016-02-18_VAAL_R2C3,statut_inconnu
2016-02-18_VAAL_R2C4,statut_inconnu
2016-02-19_SINGAPOUR_R2C1,statut_inconnu
2016-02-20_CHILE_R5C1,statut_inconnu
2016-02-20_CHILE_R5C4,statut_inconnu
2016-02-20_CHILE_R5C8,statut_inconnu
2016-02-21_VALPARAISO_R5C3,statut_inconnu
2016-02-21_VALPARAISO_R5C4,statut_inconnu
2016-02-21_VALPARAISO_R5C5,statut_inconnu
2016-02-21_VALPARAISO_R5C7,statut_inconnu
2016-02-25_CHELMSFORD_R6C6,statut_inconnu
2016-02-25_MEYDAN-(E.A.U)_R4C7,statut_inconnu
2016-02-25_TURFFONTEIN_R2C1,statut_inconnu
2016-02-26_SINGAPOUR_R2C4,statut_inconnu
2016-03-01_TURFFONTEIN_R3C1,statut_inconnu
2016-03-01_TURFFONTEIN_R3C2,statut_inconnu
2016-03-02_GREYVILLE_R2C4,statut_inconnu
2016-03-03_CHELMSFORD_R6C5,statut_inconnu
2016-03-03_MEYDAN-(E.A.U)_R4C1,statut_inconnu
2016-03-03_MEYDAN-(E.A.U)_R4C5,statut_inconnu
2016-03-03_MEYDAN-(E.A.U)_R4C6,statut_inconnu
2016-03-03_MEYDAN-(E.A.U)_R4C7,statut_inconnu
2016-03-03_VAAL_R2C1,statut_inconnu
2016-03-03_VAAL_R2C3,statut_inconnu
2016-03-03_VAAL_R2C4,statut_inconnu
2016-03-04_SINGAPOUR_R2C2,statut_inconnu
2016-03-04_SINGAPOUR_R2C3,statut_inconnu
2016-03-04_SINGAPOUR_R2C4,statut_inconnu
2016-03-04_SINGAPOUR_R2C5,statut_inconnu
2016-03-05_MEYDAN-(E.A.U)_R3C3,statut_inconnu
2016-03-05_MEYDAN-(E.A.U)_R3C6,statut_inconnu
2016-03-09_LAUNCESTON_R2C8,statut_inconnu
2016-03-09_VALPARAISO_R5C1,statut_inconnu
2016-03-09_VALPARAISO_R5C7,statut_inconnu
2016-03-10_VAAL_R2C1,statut_inconnu
2016-03-10_VAAL_R2C3,statut_inconnu
2016-03-10_VAAL_R2C4,statut_inconnu
2016-03-11_SINGAPOUR_R2C1,statut_inconnu
2016-03-11_SINGAPOUR_R2C3,statut_inconnu
2016-03-11_SINGAPOUR_R2C4,statut_inconnu
2016-03-12_CHILE_R5C1,statut_inconnu
2016-03-12_CHILE_R5C2,statut_inconnu
2016-03-12_CHILE_R5C4,statut_inconnu
2016-03-12_CHILE_R5C6,statut_inconnu
2016-03-12_CHILE_R5C8,statut_inconnu
2016-03-14_SANTIAGO_R4C1,statut_inconnu
2016-03-14_SANTIAGO_R4C2,statut_inconnu
2016-03-14_SANTIAGO_R4C4,statut_inconnu
2016-03-14_SANTIAGO_R4C5,statut_inconnu
2016-03-14_SANTIAGO_R4C7,statut_inconnu
2016-03-14_SANTIAGO_R4C8,statut_inconnu
2016-03-16_LAUNCESTON_R2C5,statut_inconnu
2016-03-16_LAUNCESTON_R2C8,statut_inconnu
2016-03-16_VALPARAISO_R5C1,statut_inconnu
2016-03-16_VALPARAISO_R5C2,statut_inconnu
2016-03-16_VALPARAISO_R5C4,statut_inconnu
2016-03-16_VALPARAISO_R5C5,statut_inconnu
2016-03-16_VALPARAISO_R5C7,statut_inconnu
2016-03-18_GREYVILLE_R5C3,statut_inconnu
2016-03-18_SINGAPOUR_R2C1,statut_inconnu
2016-03-18_SINGAPOUR_R2C2,statut_inconnu
2016-03-18_SINGAPOUR_R2C4,statut_inconnu
2016-03-19_CHILE_R5C1,statut_inconnu
2016-03-19_CHILE_R5C2,statut_inconnu
2016-03-19_CHILE_R5C4,statut_inconnu
2016-03-19_CHILE_R5C6,statut_inconnu
2016-03-19_CHILE_R5C8,statut_inconnu
2016-03-23_LAUNCESTON_R2C6,statut_inconnu
2016-03-24_VAAL_R2C4,statut_inconnu
2016-03-26_CHILE_R5C4,statut_inconnu
2016-03-26_CHILE_R5C5,statut_inconnu
2016-03-26_CHILE_R5C6,statut_inconnu
2016-03-26_MEYDAN-(E.A.U)_R3C1,statut_inconnu
2016-03-26_MEYDAN-(E.A.U)_R3C3,statut_inconnu
2016-03-26_MEYDAN-(E.A.U)_R3C5,statut_inconnu
2016-03-26_MEYDAN-(E.A.U)_R3C7,statut_inconnu
2016-03-26_MEYDAN-(E.A.U)_R3C9,statut_inconnu
2016-03-28_VALPARAISO_R5C1,statut_inconnu
2016-03-28_VALPARAISO_R5C4,statut_inconnu
2016-03-30_KEMPTON-PARK_R6C1,statut_inconnu
2016-03-30_KEMPTON-PARK_R6C3,statut_inconnu
2016-03-30_KEMPTON-PARK_R6C4,statut_inconnu
2016-03-30_LINGFIELD-PARK_R5C7,statut_inconnu
2016-04-01_SINGAPOUR_R3C1,statut_inconnu
2016-04-05_TURFFONTEIN_R4C2,statut_inconnu
2016-04-05_TURFFONTEIN_R4C6,statut_inconnu
2016-04-05_TURFFONTEIN_R4C7,statut_inconnu
2016-04-05_TURFFONTEIN_R4C8,statut_inconnu
2016-04-08_CRANBOURNE_R2C4,statut_inconnu
2016-04-08_CRANBOURNE_R2C7,statut_inconnu
2016-04-11_VALPARAISO_R5C1,statut_inconnu
2016-04-15_FAIRVIEW_R2C4,statut_inconnu
2016-04-19_CONCEPCION_R6C1,statut_inconnu
2016-04-19_CONCEPCION_R6C2,statut_inconnu
2016-04-22_FAIRVIEW_R2C4,statut_inconnu
2016-04-22_FONTAINEBLEAU_R4C4,statut_inconnu
2016-04-24_SHA-TIN-(HONG-KONG)_R6C8,statut_inconnu
2016-04-27_VALPARAISO_R6C2,statut_inconnu
2016-04-27_VALPARAISO_R6C4,statut_inconnu
2016-04-27_VALPARAISO_R6C5,statut_inconnu
2016-04-29_FAIRVIEW_R2C4,statut_inconnu
2016-04-29_GREYVILLE_R6C3,statut_inconnu
2016-04-29_GREYVILLE_R6C4,statut_inconnu
2016-04-29_GREYVILLE_R6C8,statut_inconnu
2016-04-29_SANTIAGO_R9C5,statut_inconnu
2016-04-29_SANTIAGO_R9C6,statut_inconnu
2016-04-29_SANTIAGO_R9C7,statut_inconnu
2016-04-29_SANTIAGO_R9C8,statut_inconnu
2016-04-29_SANTIAGO_R9C9,statut_inconnu
2016-04-30_NEWMARKET_R7C4,statut_inconnu
2016-05-01_NEWMARKET_R7C4,statut_inconnu
2016-05-01_SHA-TIN-(HONG-KONG)_R6C8,statut_inconnu
2016-05-03_BRIGHTON_R4C6,statut_inconnu
2016-05-03_CONCEPCION_R7C1,statut_inconnu
2016-05-03_CONCEPCION_R7C4,statut_inconnu
2016-05-10_STRASBOURG_R3C2,statut_inconnu
2016-05-14_NEWBURY_R6C4,statut_inconnu
2016-05-17_CONCEPCION_R6C1,statut_inconnu
2016-05-17_CONCEPCION_R6C4,statut_inconnu
2016-05-18_AYR_R5C7,statut_inconnu
2016-05-18_AYR_R5C8,statut_inconnu
2016-05-18_VALPARAISO_R6C1,statut_inconnu
2016-05-18_VALPARAISO_R6C2,statut_inconnu
2016-05-18_VALPARAISO_R6C4,statut_inconnu
2016-05-21_CURRAGH_R9C5,statut_inconnu
2016-05-21_PIMLICO_R7C2,statut_inconnu
2016-05-21_PIMLICO_R7C5,statut_inconnu
2016-05-22_CURRAGH_R7C2,statut_inconnu
2016-05-22_CURRAGH_R7C5,statut_inconnu
2016-05-27_FAIRVIEW_R2C3,statut_inconnu
2016-05-27_FAIRVIEW_R2C4,statut_inconnu
2016-05-28_KENILWORTH_R2C2,statut_inconnu
2016-05-28_KENILWORTH_R2C3,statut_inconnu
2016-05-28_KENILWORTH_R2C4,statut_inconnu
2016-05-28_LE-BOUSCAT_R3C8,statut_inconnu
2016-05-31_CONCEPCION_R6C1,statut_inconnu
2016-05-31_CONCEPCION_R6C2,statut_inconnu
2016-05-31_CONCEPCION_R6C3,statut_inconnu
2016-06-01_CHANTILLY_R1C8,statut_inconnu
2016-06-03_EPSOM-DOWNS_R7C5,statut_inconnu
2016-06-04_EPSOM-DOWNS_R6C5,statut_inconnu
2016-06-06_LE-CROISE-LAROCHE_R3C1,statut_inconnu
2016-06-06_LE-CROISE-LAROCHE_R3C2,statut_inconnu
2016-06-07_CONCEPCION_R6C1,statut_inconnu
2016-06-07_CONCEPCION_R6C2,statut_inconnu
2016-06-07_CONCEPCION_R6C3,statut_inconnu
2016-06-07_CONCEPCION_R6C4,statut_inconnu
2016-06-08_DIEPPE_R5C1,statut_inconnu
2016-06-10_SINGAPOUR_R2C3,statut_inconnu
2016-06-11_BELMONT-PARK_R6C10,statut_inconnu
2016-06-11_BELMONT-PARK_R6C11,statut_inconnu
2016-06-11_BELMONT-PARK_R6C7,statut_inconnu
2016-06-11_BELMONT-PARK_R6C8,statut_inconnu
2016-06-11_BELMONT-PARK_R6C9,statut_inconnu
2016-06-14_ASCOT_R3C1,statut_inconnu
2016-06-14_ASCOT_R3C2,statut_inconnu
2016-06-14_ASCOT_R3C3,statut_inconnu
2016-06-14_ASCOT_R3C5,statut_inconnu
2016-06-14_ASCOT_R3C6,statut_inconnu
2016-06-14_CONCEPCION_R6C1,statut_inconnu
2016-06-14_CONCEPCION_R6C2,statut_inconnu
2016-06-14_CONCEPCION_R6C3,statut_inconnu
2016-06-14_CONCEPCION_R6C4,statut_inconnu
2016-06-14_CONCEPCION_R6C5,statut_inconnu
2016-06-15_ASCOT_R4C1,statut_inconnu
2016-06-15_ASCOT_R4C2,statut_inconnu
2016-06-15_ASCOT_R4C3,statut_inconnu
2016-06-16_ASCOT_R3C1,statut_inconnu
2016-06-16_ASCOT_R3C3,statut_inconnu
2016-06-16_ASCOT_R3C4,statut_inconnu
2016-06-17_ASCOT_R5C1,statut_inconnu
2016-06-17_ASCOT_R5C2,statut_inconnu
2016-06-17_ASCOT_R5C3,statut_inconnu
2016-06-17_ASCOT_R5C4,statut_inconnu
2016-06-17_ASCOT_R5C6,statut_inconnu
2016-06-18_ASCOT_R4C1,statut_inconnu
2016-06-18_ASCOT_R4C2,statut_inconnu
2016-06-18_ASCOT_R4C6,statut_inconnu
2016-06-25_CURRAGH_R6C5,statut_inconnu
2016-06-27_WINDSOR_R6C3,statut_inconnu
2016-06-27_WINDSOR_R6C4,statut_inconnu
2016-06-27_WOLVERHAMPTON_R5C7,statut_inconnu
2016-06-28_CONCEPCION_R6C1,statut_inconnu
2016-06-28_CONCEPCION_R6C2,statut_inconnu
2016-06-28_CONCEPCION_R6C3,statut_inconnu
2016-06-28_CONCEPCION_R6C4,statut_inconnu
2016-06-28_CONCEPCION_R6C5,statut_inconnu
2016-07-02_GREYVILLE_R6C7,statut_inconnu
2016-07-02_SANDOWN-PARK_R7C5,statut_inconnu
2016-07-04_OSTENDE_R4C3,statut_inconnu
2016-07-07_NEWMARKET-JULY_R5C3,statut_inconnu
2016-07-09_NEWMARKET-JULY_R6C5,statut_inconnu
2016-07-12_CONCEPCION_R6C1,statut_inconnu
2016-07-12_CONCEPCION_R6C2,statut_inconnu
2016-07-12_CONCEPCION_R6C3,statut_inconnu
2016-07-12_CONCEPCION_R6C4,statut_inconnu
2016-07-12_CONCEPCION_R6C5,statut_inconnu
2016-07-16_CURRAGH_R7C6,statut_inconnu
2016-07-18_OSTENDE_R4C3,statut_inconnu
2016-07-18_OSTENDE_R4C4,statut_inconnu
2016-07-18_OSTENDE_R4C6,statut_inconnu
2016-07-20_MONT-DE-MARSAN_R3C5,statut_inconnu
2016-07-20_MONT-DE-MARSAN_R3C6,statut_inconnu
2016-07-22_FAIRVIEW_R2C3,statut_inconnu
2016-07-22_FAIRVIEW_R2C5,statut_inconnu
2016-07-22_FAIRVIEW_R2C7,statut_inconnu
2016-07-22_FAIRVIEW_R2C8,statut_inconnu
2016-07-22_SINGAPOUR_R3C1,statut_inconnu
2016-07-23_ASCOT_R6C5,statut_inconnu
2016-07-24_GUADELOUPE_R7C6,statut_inconnu
2016-07-25_AYR_R3C6,statut_inconnu
2016-07-25_WOLVERHAMPTON_R5C3,statut_inconnu
2016-07-25_WOLVERHAMPTON_R5C4,statut_inconnu
2016-07-26_CONCEPCION_R6C1,statut_inconnu
2016-07-26_CONCEPCION_R6C6,statut_inconnu
2016-07-26_VICHY_R1C8,triple_ex_aequo
2016-07-28_GOODWOOD_R5C3,statut_inconnu
2016-07-29_GOODWOOD_R7C4,statut_inconnu
2016-08-01_OSTENDE_R4C3,statut_inconnu
2016-08-01_OSTENDE_R4C4,statut_inconnu
2016-08-01_OSTENDE_R4C5,statut_inconnu
2016-08-01_OSTENDE_R4C6,statut_inconnu
2016-08-01_OSTENDE_R4C7,statut_inconnu
2016-08-09_CONCEPCION_R6C1,statut_inconnu
2016-08-09_CONCEPCION_R6C2,statut_inconnu
2016-08-09_CONCEPCION_R6C5,statut_inconnu
2016-08-17_YORK_R6C4,statut_inconnu
2016-08-18_YORK_R5C4,statut_inconnu
2016-08-19_YORK_R7C4,statut_inconnu
2016-08-20_YORK_R6C4,statut_inconnu
2016-08-22_OSTENDE_R4C7,statut_inconnu
2016-08-23_CONCEPCION_R6C2,statut_inconnu
2016-08-23_CONCEPCION_R6C3,statut_inconnu
2016-08-23_CONCEPCION_R6C5,statut_inconnu
2016-08-27_MARONAS_R7C6,statut_inconnu
2016-08-27_MARONAS_R7C9,statut_inconnu
2016-08-27_PORNICHET_R4C4,statut_inconnu
2016-08-27_SARATOGA_R6C11,statut_inconnu
2016-08-27_SARATOGA_R6C8,statut_inconnu
2016-08-29_SAN-SEBASTIAN_R4C4,statut_inconnu
2016-08-31_VALPARAISO_R6C4,statut_inconnu
2016-09-02_FAIRVIEW_R3C1,statut_inconnu
2016-09-02_FAIRVIEW_R3C2,statut_inconnu
2016-09-02_FAIRVIEW_R3C3,statut_inconnu
2016-09-02_FAIRVIEW_R3C4,statut_inconnu
2016-09-02_FAIRVIEW_R3C5,statut_inconnu
2016-09-02_FAIRVIEW_R3C6,statut_inconnu
2016-09-02_FAIRVIEW_R3C7,statut_inconnu
2016-09-03_HAYDOCK_R6C6,statut_inconnu
2016-09-06_CONCEPCION_R6C1,statut_inconnu
2016-09-06_CONCEPCION_R6C4,statut_inconnu
2016-09-07_KEMPTON-PARK_R6C7,statut_inconnu
2016-09-10_LEOPARDSTOWN_R7C7,statut_inconnu
2016-09-12_VALPARAISO_R6C1,statut_inconnu
2016-09-12_WOLVERHAMPTON_R5C4,statut_inconnu
2016-09-12_WOLVERHAMPTON_R5C6,statut_inconnu
2016-09-14_SANDOWN-PARK_R5C7,statut_inconnu
2016-09-19_MONS-(GHLIN)_R5C1,statut_inconnu
2016-09-19_MONS-(GHLIN)_R5C2,statut_inconnu
2016-09-20_CONCEPCION_R6C1,statut_inconnu
2016-09-20_CONCEPCION_R6C2,statut_inconnu
2016-09-20_CONCEPCION_R6C3,statut_inconnu
2016-09-20_CONCEPCION_R6C4,statut_inconnu
2016-09-20_CONCEPCION_R6C5,statut_inconnu
2016-09-23_GREYVILLE_R6C3,statut_inconnu
2016-09-23_GREYVILLE_R6C4,statut_inconnu
2016-09-23_GREYVILLE_R6C5,statut_inconnu
2016-09-23_GREYVILLE_R6C7,statut_inconnu
2016-09-23_GREYVILLE_R6C8,statut_inconnu
2016-09-28_MONS-(GHLIN)_R5C1,statut_inconnu
2016-09-28_MONS-(GHLIN)_R5C2,statut_inconnu
2016-09-28_MONS-(GHLIN)_R5C3,statut_inconnu
2016-09-28_MONS-(GHLIN)_R5C4,statut_inconnu
2016-10-02_STRASBOURG_R2C5,statut_inconnu
2016-10-04_CONCEPCION_R6C1,statut_inconnu
2016-10-04_CONCEPCION_R6C2,statut_inconnu
2016-10-04_CONCEPCION_R6C3,statut_inconnu
2016-10-04_CONCEPCION_R6C4,statut_inconnu
2016-10-04_CONCEPCION_R6C5,statut_inconnu
2016-10-07_GREYVILLE_R6C3,statut_inconnu
2016-10-07_GREYVILLE_R6C4,statut_inconnu
2016-10-07_GREYVILLE_R6C5,statut_inconnu
2016-10-07_GREYVILLE_R6C6,statut_inconnu
2016-10-07_GREYVILLE_R6C7,statut_inconnu
2016-10-07_GREYVILLE_R6C8,statut_inconnu
2016-10-09_SANTIAGO_R6C1,statut_inconnu
2016-10-09_SANTIAGO_R6C2,statut_inconnu
2016-10-09_SANTIAGO_R6C3,statut_inconnu
2016-10-09_SANTIAGO_R6C4,statut_inconnu
2016-10-10_CHELMSFORD_R5C3,statut_inconnu
2016-10-10_CHELMSFORD_R5C4,statut_inconnu
2016-10-10_CHELMSFORD_R5C6,statut_inconnu
2016-10-10_CHELMSFORD_R5C7,statut_inconnu
2016-10-11_WOLVERHAMPTON_R5C1,statut_inconnu
2016-10-11_WOLVERHAMPTON_R5C2,statut_inconnu
2016-10-11_WOLVERHAMPTON_R5C3,statut_inconnu
2016-10-12_KEMPTON-PARK_R6C6,statut_inconnu
2016-10-12_KEMPTON-PARK_R6C7,statut_inconnu
2016-10-12_NOTTINGHAM_R5C8,statut_inconnu
2016-10-15_ASCOT_R7C2,statut_inconnu
2016-10-15_ASCOT_R7C3,statut_inconnu
2016-10-15_ASCOT_R7C4,statut_inconnu
2016-10-16_LE-PIN-AU-HARAS_R8C4,statut_inconnu
2016-10-16_NAAS_R5C6,statut_inconnu
2016-10-16_NAAS_R5C7,statut_inconnu
2016-10-16_NAAS_R5C8,statut_inconnu
2016-10-16_VALPARAISO_R7C1,statut_inconnu
2016-10-16_VALPARAISO_R7C4,statut_inconnu
2016-10-21_GREYVILLE_R6C3,statut_inconnu
2016-10-21_GREYVILLE_R6C8,statut_inconnu
2016-10-21_SANTIAGO_R7C6,statut_inconnu
2016-10-21_SANTIAGO_R7C8,statut_inconnu
2016-10-25_CATTERICK_R4C6,statut_inconnu
2016-10-25_CATTERICK_R4C7,statut_inconnu
2016-10-25_CONCEPCION_R7C1,statut_inconnu
2016-10-25_CONCEPCION_R7C2,statut_inconnu
2016-10-25_CONCEPCION_R7C3,statut_inconnu
2016-10-25_CONCEPCION_R7C4,statut_inconnu
2016-10-25_CONCEPCION_R7C7,statut_inconnu
2016-10-31_SANTIAGO_R6C2,statut_inconnu
2016-10-31_SANTIAGO_R6C3,statut_inconnu
2016-11-02_KEMPTON-PARK_R5C2,statut_inconnu
2016-11-02_KEMPTON-PARK_R5C3,statut_inconnu
2016-11-02_KEMPTON-PARK_R5C4,statut_inconnu
2016-11-02_LAUNCESTON_R2C5,statut_inconnu
2016-11-03_CHELMSFORD_R6C6,statut_inconnu
2016-11-03_MEYDAN-(E.A.U)_R4C3,statut_inconnu
2016-11-03_MEYDAN-(E.A.U)_R4C6,statut_inconnu
2016-11-03_MEYDAN-(E.A.U)_R4C7,statut_inconnu
2016-11-03_VAAL_R2C1,statut_inconnu
2016-11-03_VAAL_R2C4,statut_inconnu
2016-11-04_GREYVILLE_R6C3,statut_inconnu
2016-11-04_GREYVILLE_R6C4,statut_inconnu
2016-11-04_GREYVILLE_R6C6,statut_inconnu
2016-11-04_GREYVILLE_R6C7,statut_inconnu
2016-11-04_GREYVILLE_R6C8,statut_inconnu
2016-11-04_SANTA-ANITA_R7C6,statut_inconnu
2016-11-04_SANTA-ANITA_R7C8,statut_inconnu
2016-11-04_SANTA-ANITA_R7C9,statut_inconnu
2016-11-04_SINGAPOUR_R2C3,statut_inconnu
2016-11-04_SINGAPOUR_R2C4,statut_inconnu
2016-11-05_SANTA-ANITA_R6C10,statut_inconnu
2016-11-05_SANTA-ANITA_R6C11,statut_inconnu
2016-11-05_SANTA-ANITA_R6C12,statut_inconnu
2016-11-05_SANTA-ANITA_R6C4,statut_inconnu
2016-11-05_SANTA-ANITA_R6C5,statut_inconnu
2016-11-05_SANTA-ANITA_R6C7,statut_inconnu
2016-11-05_SANTA-ANITA_R6C8,statut_inconnu
2016-11-05_SANTA-ANITA_R6C9,statut_inconnu
2016-11-08_LE-BOUSCAT_R2C3,statut_inconnu
2016-11-09_KEMPTON-PARK_R5C3,statut_inconnu
2016-11-09_KEMPTON-PARK_R5C4,statut_inconnu
2016-11-09_KEMPTON-PARK_R5C5,statut_inconnu
2016-11-09_KEMPTON-PARK_R5C7,statut_inconnu
2016-11-09_LAUNCESTON_R2C8,statut_inconnu
2016-11-10_KENILWORTH_R2C3,statut_inconnu
2016-11-10_KENILWORTH_R2C4,statut_inconnu
2016-11-11_SINGAPOUR_R2C1,statut_inconnu
2016-11-11_SINGAPOUR_R2C3,statut_inconnu
2016-11-11_SINGAPOUR_R2C4,statut_inconnu
2016-11-11_SINGAPOUR_R2C5,statut_inconnu
2016-11-15_CHANTILLY_R2C7,statut_inconnu
2016-11-16_LAUNCESTON_R2C5,statut_inconnu
2016-11-16_LAUNCESTON_R2C6,statut_inconnu
2016-11-16_LAUNCESTON_R2C8,statut_inconnu
2016-11-17_CHELMSFORD_R6C4,statut_inconnu
2016-11-17_CHELMSFORD_R6C5,statut_inconnu
2016-11-17_CHELMSFORD_R6C6,statut_inconnu
2016-11-17_MEYDAN-(E.A.U)_R4C3,statut_inconnu
2016-11-17_MEYDAN-(E.A.U)_R4C4,statut_inconnu
2016-11-17_MEYDAN-(E.A.U)_R4C7,statut_inconnu
2016-11-17_VAAL_R2C1,statut_inconnu
2016-11-17_VAAL_R2C3,statut_inconnu
2016-11-18_FAIRVIEW_R8C8,statut_inconnu
2016-11-18_SANTIAGO_R7C1,statut_inconnu
2016-11-18_SANTIAGO_R7C3,statut_inconnu
2016-11-18_SANTIAGO_R7C4,statut_inconnu
2016-11-18_SINGAPOUR_R2C1,statut_inconnu
2016-11-18_SINGAPOUR_R2C2,statut_inconnu
2016-11-18_SINGAPOUR_R2C3,statut_inconnu
2016-11-18_SINGAPOUR_R2C4,statut_inconnu
2016-11-18_SINGAPOUR_R2C5,statut_inconnu
2016-11-20_LE-MANS_R2C4,statut_inconnu
2016-11-20_SANTIAGO_R5C4,statut_inconnu
2016-11-20_SANTIAGO_R5C5,statut_inconnu
2016-11-20_SANTIAGO_R5C6,statut_inconnu
2016-11-20_SHA-TIN-(HONG-KONG)_R6C9,statut_inconnu
2016-11-21_VALPARAISO_R5C1,statut_inconnu
2016-11-21_VALPARAISO_R5C2,statut_inconnu
2016-11-21_VALPARAISO_R5C7,statut_inconnu
2016-11-23_LAUNCESTON_R2C5,statut_inconnu
2016-11-23_LAUNCESTON_R2C6,statut_inconnu
2016-11-24_CHELMSFORD_R5C3,statut_inconnu
2016-11-24_CHELMSFORD_R5C4,statut_inconnu
2016-11-24_CHELMSFORD_R5C5,statut_inconnu
2016-11-24_CHELMSFORD_R5C6,statut_inconnu
2016-11-24_CHELMSFORD_R5C7,statut_inconnu
2016-11-25_SINGAPOUR_R2C2,statut_inconnu
2016-11-27_TOKYO_R7C11,statut_inconnu
2016-11-30_DEAUVILLE_R3C8,triple_ex_aequo
2016-11-30_KEMPTON-PARK_R5C3,statut_inconnu
2016-11-30_KEMPTON-PARK_R5C4,statut_inconnu
2016-11-30_KEMPTON-PARK_R5C5,statut_inconnu
2016-11-30_KEMPTON-PARK_R5C6,statut_inconnu
2016-11-30_KEMPTON-PARK_R5C7,statut_inconnu
2016-11-30_KEMPTON-PARK_R5C8,statut_inconnu
2016-11-30_LAUNCESTON_R2C7,statut_inconnu
2016-12-01_MEYDAN-(E.A.U)_R4C3,statut_inconnu
2016-12-01_MEYDAN-(E.A.U)_R4C4,statut_inconnu
2016-12-01_MEYDAN-(E.A.U)_R4C6,statut_inconnu
2016-12-01_MEYDAN-(E.A.U)_R4C7,statut_inconnu
2016-12-01_VAAL_R2C2,statut_inconnu
2016-12-01_VAAL_R2C3,statut_inconnu
2016-12-01_VAAL_R2C4,statut_inconnu
2016-12-02_SINGAPOUR_R2C1,statut_inconnu
2016-12-02_SINGAPOUR_R2C4,statut_inconnu
2016-12-05_VALPARAISO_R5C1,statut_inconnu
2016-12-05_VALPARAISO_R5C2,statut_inconnu
2016-12-05_VALPARAISO_R5C7,statut_inconnu
2016-12-08_CHELMSFORD_R5C2,statut_inconnu
2016-12-08_CHELMSFORD_R5C3,statut_inconnu
2016-12-08_CHELMSFORD_R5C4,statut_inconnu
2016-12-08_CHELMSFORD_R5C5,statut_inconnu
2016-12-08_VAAL_R2C2,statut_inconnu
2016-12-08_VAAL_R2C3,statut_inconnu
2016-12-08_VAAL_R2C4,statut_inconnu
2016-12-08_VAAL_R2C5,statut_inconnu
2016-12-09_FAIRVIEW_R2C1,statut_inconnu
2016-12-09_FAIRVIEW_R2C2,statut_inconnu
2016-12-09_FAIRVIEW_R2C3,statut_inconnu
2016-12-09_FAIRVIEW_R2C4,statut_inconnu
2016-12-10_CHILE_R5C1,statut_inconnu
2016-12-10_CHILE_R5C2,statut_inconnu
2016-12-10_CHILE_R5C4,statut_inconnu
2016-12-10_CHILE_R5C8,statut_inconnu
2016-12-11_SHA-TIN-(HONG-KONG)_R2C4,statut_inconnu
2016-12-11_SHA-TIN-(HONG-KONG)_R2C5,statut_inconnu
2016-12-11_SHA-TIN-(HONG-KONG)_R2C7,statut_inconnu
2016-12-11_SHA-TIN-(HONG-KONG)_R2C8,statut_inconnu
2016-12-11_SHA-TIN-(HONG-KONG)_R2C9,statut_inconnu
2016-12-14_LAUNCESTON_R2C7,statut_inconnu
2016-12-14_LAUNCESTON_R2C8,statut_inconnu
2016-12-15_CHELMSFORD_R6C5,statut_inconnu
2016-12-15_CHELMSFORD_R6C6,statut_inconnu
2016-12-15_CHELMSFORD_R6C7,statut_inconnu
2016-12-15_MEYDAN-(E.A.U)_R4C1,statut_inconnu
2016-12-15_MEYDAN-(E.A.U)_R4C3,statut_inconnu
2016-12-15_MEYDAN-(E.A.U)_R4C4,statut_inconnu
2016-12-15_MEYDAN-(E.A.U)_R4C5,statut_inconnu
2016-12-15_MEYDAN-(E.A.U)_R4C6,statut_inconnu
2016-12-15_MEYDAN-(E.A.U)_R4C7,statut_inconnu
2016-12-16_FAIRVIEW_R2C1,statut_inconnu
2016-12-16_FAIRVIEW_R2C4,statut_inconnu
2016-12-16_MOONEE-VALLEY_R3C6,statut_inconnu
2016-12-16_MOONEE-VALLEY_R3C7,statut_inconnu
2016-12-17_CHILE_R5C1,statut_inconnu
2016-12-17_CHILE_R5C4,statut_inconnu
2016-12-17_CHILE_R5C8,statut_inconnu
2016-12-21_LAUNCESTON_R2C6,statut_inconnu
2016-12-22_VAAL_R2C2,statut_inconnu
2016-12-22_VAAL_R2C3,statut_inconnu
2016-12-22_VAAL_R2C4,statut_inconnu
2016-12-23_FAIRVIEW_R3C3,statut_inconnu
2016-12-23_FAIRVIEW_R3C4,statut_inconnu
2016-12-23_GREYVILLE_R6C4,statut_inconnu
2016-12-23_GREYVILLE_R6C5,statut_inconnu
2016-12-23_GREYVILLE_R6C8,statut_inconnu
2016-12-24_CHILE_R4C1,statut_inconnu
2016-12-24_CHILE_R4C2,statut_inconnu
2016-12-24_CHILE_R4C4,statut_inconnu
2016-12-24_CHILE_R4C7,statut_inconnu
2016-12-28_KENILWORTH_R2C2,statut_inconnu
2016-12-29_MEYDAN-(E.A.U)_R4C1,statut_inconnu
2016-12-29_MEYDAN-(E.A.U)_R4C3,statut_inconnu
2016-12-29_MEYDAN-(E.A.U)_R4C4,statut_inconnu
2016-12-29_MEYDAN-(E.A.U)_R4C6,statut_inconnu
2016-12-29_MEYDAN-(E.A.U)_R4C7,statut_inconnu
2016-12-29_VAAL_R2C2,statut_inconnu
2016-12-29_VAAL_R2C4,statut_inconnu
2016-12-30_CRANBOURNE_R2C6,statut_inconnu
2016-12-30_FAIRVIEW_R3C1,statut_inconnu
2016-12-30_FAIRVIEW_R3C2,statut_inconnu
2016-12-30_GREYVILLE_R6C2,statut_inconnu
2016-12-30_GREYVILLE_R6C5,statut_inconnu
2016-12-30_GREYVILLE_R6C6,statut_inconnu
2016-12-30_GREYVILLE_R6C7,statut_inconnu
2016-12-30_GREYVILLE_R6C8,statut_inconnu
2016-12-31_CHILE_R5C4,statut_inconnu
2016-12-31_CHILE_R5C5,statut_inconnu
2016-12-31_CHILE_R5C7,statut_inconnu
2016-12-31_CHILE_R5C8,statut_inconnu
2016-12-31_CHILE_R5C9,statut_inconnu
2017-01-03_PORNICHET_R3C1,statut_inconnu
2017-01-04_FAIRVIEW_R2C1,statut_inconnu
2017-01-04_FAIRVIEW_R2C2,statut_inconnu
2017-01-04_HAPPY-VALLEY_R3C1,statut_inconnu
2017-01-04_HAPPY-VALLEY_R3C2,statut_inconnu
2017-01-04_HAPPY-VALLEY_R3C3,statut_inconnu
2017-01-04_HAPPY-VALLEY_R3C4,statut_inconnu
2017-01-04_HAPPY-VALLEY_R3C5,statut_inconnu
2017-01-04_HAPPY-VALLEY_R3C6,statut_inconnu
2017-01-04_HAPPY-VALLEY_R3C7,statut_inconnu
2017-01-04_HAPPY-VALLEY_R3C8,statut_inconnu
2017-01-05_MEYDAN-(E.A.U)_R4C1,statut_inconnu
2017-01-05_MEYDAN-(E.A.U)_R4C2,statut_inconnu
2017-01-05_MEYDAN-(E.A.U)_R4C4,statut_inconnu
2017-01-05_MEYDAN-(E.A.U)_R4C6,statut_inconnu
2017-01-05_MEYDAN-(E.A.U)_R4C7,statut_inconnu
2017-01-05_VAAL_R2C2,statut_inconnu
2017-01-05_VAAL_R2C5,statut_inconnu
2017-01-06_GREYVILLE_R5C2,statut_inconnu
2017-01-06_GREYVILLE_R5C4,statut_inconnu
2017-01-06_GREYVILLE_R5C5,statut_inconnu
2017-01-06_GREYVILLE_R5C8,statut_inconnu
2017-01-06_KENILWORTH_R2C2,statut_inconnu
2017-01-06_KENILWORTH_R2C3,statut_inconnu
2017-01-11_HAPPY-VALLEY_R3C1,statut_inconnu
2017-01-11_HAPPY-VALLEY_R3C2,statut_inconnu
2017-01-11_HAPPY-VALLEY_R3C3,statut_inconnu
2017-01-11_HAPPY-VALLEY_R3C4,statut_inconnu
2017-01-11_HAPPY-VALLEY_R3C5,statut_inconnu
2017-01-11_HAPPY-VALLEY_R3C6,statut_inconnu
2017-01-11_HAPPY-VALLEY_R3C7,statut_inconnu
2017-01-11_HAPPY-VALLEY_R3C8,statut_inconnu
2017-01-11_KENILWORTH_R2C2,statut_inconnu
2017-01-12_MEYDAN-(E.A.U)_R4C3,statut_inconnu
2017-01-12_MEYDAN-(E.A.U)_R4C4,statut_inconnu
2017-01-12_MEYDAN-(E.A.U)_R4C5,statut_inconnu
2017-01-12_MEYDAN-(E.A.U)_R4C7,statut_inconnu
2017-01-12_VAAL_R2C1,statut_inconnu
2017-01-12_VAAL_R2C3,statut_inconnu
2017-01-12_VAAL_R2C4,statut_inconnu
2017-01-13_FAIRVIEW_R2C2,statut_inconnu
2017-01-13_FAIRVIEW_R2C3,statut_inconnu
2017-01-13_FAIRVIEW_R2C4,statut_inconnu
2017-01-13_GREYVILLE_R5C4,statut_inconnu
2017-01-13_GREYVILLE_R5C5,statut_inconnu
2017-01-13_GREYVILLE_R5C7,statut_inconnu
2017-01-13_GREYVILLE_R5C8,statut_inconnu
2017-01-13_GREYVILLE_R5C9,statut_inconnu
2017-01-14_CHILE_R5C1,statut_inconnu
2017-01-14_CHILE_R5C2,statut_inconnu
2017-01-14_CHILE_R5C4,statut_inconnu
2017-01-14_CHILE_R5C5,statut_inconnu
2017-01-14_CHILE_R5C7,statut_inconnu
2017-01-14_CHILE_R5C8,statut_inconnu
2017-01-15_VALPARAISO_R4C1,statut_inconnu
2017-01-15_VALPARAISO_R4C2,statut_inconnu
2017-01-15_VALPARAISO_R4C3,statut_inconnu
2017-01-15_VALPARAISO_R4C5,statut_inconnu
2017-01-15_VALPARAISO_R4C6,statut_inconnu
2017-01-15_VALPARAISO_R4C8,statut_inconnu
2017-01-18_KENILWORTH_R2C1,statut_inconnu
2017-01-19_CHELMSFORD_R6C4,statut_inconnu
2017-01-19_MEYDAN-(E.A.U)_R4C1,statut_inconnu
2017-01-19_MEYDAN-(E.A.U)_R4C2,statut_inconnu
2017-01-19_MEYDAN-(E.A.U)_R4C3,statut_inconnu
2017-01-19_MEYDAN-(E.A.U)_R4C4,statut_inconnu
2017-01-19_MEYDAN-(E.A.U)_R4C6,statut_inconnu
2017-01-19_MEYDAN-(E.A.U)_R4C7,statut_inconnu
2017-01-19_VAAL_R2C1,statut_inconnu
2017-01-19_VAAL_R2C3,statut_inconnu
2017-01-19_VAAL_R2C6,statut_inconnu
2017-01-19_VAAL_R2C7,statut_inconnu
2017-01-19_VAAL_R2C9,statut_inconnu
2017-01-20_FAIRVIEW_R2C1,statut_inconnu
2017-01-20_GREYVILLE_R5C2,statut_inconnu
2017-01-20_GREYVILLE_R5C4,statut_inconnu
2017-01-20_GREYVILLE_R5C6,statut_inconnu
2017-01-20_GREYVILLE_R5C8,statut_inconnu
2017-01-21_CHILE_R5C1,statut_inconnu
2017-01-21_CHILE_R5C2,statut_inconnu
2017-01-21_CHILE_R5C4,statut_inconnu
2017-01-21_CHILE_R5C7,statut_inconnu
2017-01-21_CHILE_R5C8,statut_inconnu
2017-01-25_HAPPY-VALLEY_R3C1,statut_inconnu
2017-01-25_HAPPY-VALLEY_R3C2,statut_inconnu
2017-01-25_HAPPY-VALLEY_R3C4,statut_inconnu
2017-01-25_HAPPY-VALLEY_R3C5,statut_inconnu
2017-01-25_HAPPY-VALLEY_R3C6,statut_inconnu
2017-01-25_HAPPY-VALLEY_R3C7,statut_inconnu
2017-01-25_HAPPY-VALLEY_R3C8,statut_inconnu
2017-01-25_LAUNCESTON_R2C8,statut_inconnu
2017-01-26_CONCEPCION_R5C1,statut_inconnu
2017-01-26_CONCEPCION_R5C3,statut_inconnu
2017-01-26_CONCEPCION_R5C4,statut_inconnu
2017-01-26_CONCEPCION_R5C5,statut_inconnu
2017-01-26_MEYDAN-(E.A.U)_R4C4,statut_inconnu
2017-01-26_MEYDAN-(E.A.U)_R4C7,statut_inconnu
2017-01-26_VAAL_R2C1,statut_inconnu
2017-01-26_VAAL_R2C4,statut_inconnu
2017-01-26_VAAL_R2C5,statut_inconnu
2017-01-27_FAIRVIEW_R2C1,statut_inconnu
2017-01-27_FAIRVIEW_R2C4,statut_inconnu
2017-01-28_GULFSTREAM-PARK_R6C10,statut_inconnu
2017-01-28_GULFSTREAM-PARK_R6C11,statut_inconnu
2017-01-28_GULFSTREAM-PARK_R6C12,statut_inconnu
2017-01-28_GULFSTREAM-PARK_R6C8,statut_inconnu
2017-01-28_GULFSTREAM-PARK_R6C9,statut_inconnu
2017-01-28_KENILWORTH_R2C2,statut_inconnu
2017-01-28_KENILWORTH_R2C3,statut_inconnu
2017-01-28_KENILWORTH_R2C4,statut_inconnu
2017-01-28_KENILWORTH_R2C5,statut_inconnu
2017-01-28_KENILWORTH_R2C7,statut_inconnu
2017-01-28_KENILWORTH_R2C9,statut_inconnu
2017-01-30_SANTIAGO_R5C1,statut_inconnu
2017-01-30_SANTIAGO_R5C8,statut_inconnu
2017-02-01_SCOTTSVILLE_R2C2,statut_inconnu
2017-02-01_SCOTTSVILLE_R2C3,statut_inconnu
2017-02-01_SCOTTSVILLE_R2C4,statut_inconnu
2017-02-02_CHELMSFORD_R7C2,statut_inconnu
2017-02-02_HAPPY-VALLEY_R3C1,statut_inconnu
2017-02-02_HAPPY-VALLEY_R3C2,statut_inconnu
2017-02-02_HAPPY-VALLEY_R3C3,statut_inconnu
2017-02-02_HAPPY-VALLEY_R3C4,statut_inconnu
2017-02-02_HAPPY-VALLEY_R3C5,statut_inconnu
2017-02-02_HAPPY-VALLEY_R3C6,statut_inconnu
2017-02-02_HAPPY-VALLEY_R3C7,statut_inconnu
2017-02-02_HAPPY-VALLEY_R3C8,statut_inconnu
2017-02-02_MEYDAN-(E.A.U)_R5C7,statut_inconnu
2017-02-02_VAAL_R2C3,statut_inconnu
2017-02-03_FAIRVIEW_R3C1,statut_inconnu
2017-02-03_FAIRVIEW_R3C2,statut_inconnu
2017-02-03_GREYVILLE_R6C2,statut_inconnu
2017-02-03_GREYVILLE_R6C3,statut_inconnu
2017-02-03_GREYVILLE_R6C7,statut_inconnu
2017-02-03_SINGAPOUR_R2C1,statut_inconnu
2017-02-03_SINGAPOUR_R2C3,statut_inconnu
2017-02-03_SINGAPOUR_R2C4,statut_inconnu
2017-02-04_CHILE_R6C1,statut_inconnu
2017-02-04_CHILE_R6C2,statut_inconnu
2017-02-04_CHILE_R6C4,statut_inconnu
2017-02-04_CHILE_R6C6,statut_inconnu
2017-02-04_CHILE_R6C8,statut_inconnu
2017-02-05_VALPARAISO_R4C1,statut_inconnu
2017-02-05_VALPARAISO_R4C2,statut_inconnu
2017-02-05_VALPARAISO_R4C3,statut_inconnu
2017-02-05_VALPARAISO_R4C4,statut_inconnu
2017-02-05_VALPARAISO_R4C5,statut_inconnu
2017-02-05_VALPARAISO_R4C6,statut_inconnu
2017-02-05_VALPARAISO_R4C7,statut_inconnu
2017-02-05_VALPARAISO_R4C8,statut_inconnu
2017-02-07_TURFFONTEIN_R4C1,statut_inconnu
2017-02-07_TURFFONTEIN_R4C2,statut_inconnu
2017-02-07_TURFFONTEIN_R4C7,statut_inconnu
2017-02-07_TURFFONTEIN_R4C8,statut_inconnu
2017-02-08_HAPPY-VALLEY_R3C1,statut_inconnu
2017-02-08_HAPPY-VALLEY_R3C2,statut_inconnu
2017-02-08_HAPPY-VALLEY_R3C3,statut_inconnu
2017-02-08_HAPPY-VALLEY_R3C4,statut_inconnu
2017-02-08_HAPPY-VALLEY_R3C5,statut_inconnu
2017-02-08_HAPPY-VALLEY_R3C6,statut_inconnu
2017-02-08_HAPPY-VALLEY_R3C7,statut_inconnu
2017-02-08_HAPPY-VALLEY_R3C8,statut_inconnu
2017-02-08_VALPARAISO_R6C1,statut_inconnu
2017-02-08_VALPARAISO_R6C2,statut_inconnu
2017-02-08_VALPARAISO_R6C4,statut_inconnu
2017-02-08_VALPARAISO_R6C7,statut_inconnu
2017-02-09_CHELMSFORD_R6C5,statut_inconnu
2017-02-09_CONCEPCION_R5C1,statut_inconnu
2017-02-09_CONCEPCION_R5C2,statut_inconnu
2017-02-09_CONCEPCION_R5C3,statut_inconnu
2017-02-09_CONCEPCION_R5C4,statut_inconnu
2017-02-09_CONCEPCION_R5C5,statut_inconnu
2017-02-09_MEYDAN-(E.A.U)_R4C2,statut_inconnu
2017-02-09_MEYDAN-(E.A.U)_R4C3,statut_inconnu
2017-02-09_MEYDAN-(E.A.U)_R4C4,statut_inconnu
2017-02-09_MEYDAN-(E.A.U)_R4C5,statut_inconnu
2017-02-09_MEYDAN-(E.A.U)_R4C7,statut_inconnu
2017-02-09_VAAL_R2C1,statut_inconnu
2017-02-09_VAAL_R2C4,statut_inconnu
2017-02-09_VAAL_R2C5,statut_inconnu
2017-02-10_FAIRVIEW_R3C1,statut_inconnu
2017-02-10_FAIRVIEW_R3C3,statut_inconnu
2017-02-10_GREYVILLE_R6C2,statut_inconnu
2017-02-10_GREYVILLE_R6C3,statut_inconnu
2017-02-10_GREYVILLE_R6C4,statut_inconnu
2017-02-10_GREYVILLE_R6C5,statut_inconnu
2017-02-10_GREYVILLE_R6C7,statut_inconnu
2017-02-10_GREYVILLE_R6C8,statut_inconnu
2017-02-10_SINGAPOUR_R2C2,statut_inconnu
2017-02-10_SINGAPOUR_R2C5,statut_inconnu
2017-02-11_CHILE_R5C1,statut_inconnu
2017-02-11_CHILE_R5C10,statut_inconnu
2017-02-11_CHILE_R5C2,statut_inconnu
2017-02-11_CHILE_R5C4,statut_inconnu
2017-02-11_CHILE_R5C5,statut_inconnu
2017-02-11_CHILE_R5C8,statut_inconnu
2017-02-13_SANTIAGO_R5C1,statut_inconnu
2017-02-13_SANTIAGO_R5C4,statut_inconnu
2017-02-13_SANTIAGO_R5C6,statut_inconnu
2017-02-13_SANTIAGO_R5C8,statut_inconnu
2017-02-15_HAPPY-VALLEY_R3C1,statut_inconnu
2017-02-15_HAPPY-VALLEY_R3C2,statut_inconnu
2017-02-15_HAPPY-VALLEY_R3C3,statut_inconnu
2017-02-15_HAPPY-VALLEY_R3C4,statut_inconnu
2017-02-15_HAPPY-VALLEY_R3C5,statut_inconnu
2017-02-15_HAPPY-VALLEY_R3C6,statut_inconnu
2017-02-15_HAPPY-VALLEY_R3C7,statut_inconnu
2017-02-15_HAPPY-VALLEY_R3C8,statut_inconnu
2017-02-15_LAUNCESTON_R2C5,statut_inconnu
2017-02-15_VALPARAISO_R6C1,statut_inconnu
2017-02-15_VALPARAISO_R6C2,statut_inconnu
2017-02-15_VALPARAISO_R6C4,statut_inconnu
2017-02-15_VALPARAISO_R6C5,statut_inconnu
2017-02-15_VALPARAISO_R6C6,statut_inconnu
2017-02-15_VALPARAISO_R6C7,statut_inconnu
2017-02-15_VALPARAISO_R6C8,statut_inconnu
2017-02-16_CHELMSFORD_R6C4,statut_inconnu
2017-02-16_CHELMSFORD_R6C5,statut_inconnu
2017-02-16_MEYDAN-(E.A.U)_R4C1,statut_inconnu
2017-02-16_MEYDAN-(E.A.U)_R4C4,statut_inconnu
2017-02-16_VAAL_R2C3,statut_inconnu
2017-02-16_VAAL_R2C5,statut_inconnu
2017-02-17_FAIRVIEW_R3C1,statut_inconnu
2017-02-17_SINGAPOUR_R2C1,statut_inconnu
2017-02-17_SINGAPOUR_R2C2,statut_inconnu
2017-02-17_SINGAPOUR_R2C3,statut_inconnu
2017-02-17_SINGAPOUR_R2C5,statut_inconnu
2017-02-22_CAGNES/MER_R1C7,statut_inconnu
2017-02-22_CAGNES/MER_R1C8,statut_inconnu
2017-02-22_HAPPY-VALLEY_R3C1,statut_inconnu
2017-02-22_HAPPY-VALLEY_R3C2,statut_inconnu
2017-02-22_HAPPY-VALLEY_R3C3,statut_inconnu
2017-02-22_HAPPY-VALLEY_R3C4,statut_inconnu
2017-02-22_HAPPY-VALLEY_R3C6,statut_inconnu
2017-02-22_HAPPY-VALLEY_R3C7,statut_inconnu
2017-02-22_HAPPY-VALLEY_R3C8,statut_inconnu
2017-02-23_CONCEPCION_R5C1,statut_inconnu
2017-02-23_CONCEPCION_R5C2,statut_inconnu
2017-02-23_CONCEPCION_R5C4,statut_inconnu
2017-02-23_CONCEPCION_R5C6,statut_inconnu
2017-02-23_MEYDAN-(E.A.U)_R4C2,statut_inconnu
2017-02-23_MEYDAN-(E.A.U)_R4C3,statut_inconnu
2017-02-23_MEYDAN-(E.A.U)_R4C7,statut_inconnu
2017-02-24_FAIRVIEW_R3C1,statut_inconnu
2017-02-24_FAIRVIEW_R3C3,statut_inconnu
2017-02-24_SINGAPOUR_R2C1,statut_inconnu
2017-02-24_SINGAPOUR_R2C3,statut_inconnu
2017-02-26_VALPARAISO_R4C1,statut_inconnu
2017-02-26_VALPARAISO_R4C7,statut_inconnu
2017-02-28_KENILWORTH_R5C7,statut_inconnu
2017-03-02_NEWCASTLE_R5C6,statut_inconnu
2017-03-02_NEWCASTLE_R5C7,statut_inconnu
2017-03-02_VAAL_R2C1,statut_inconnu
2017-03-02_VAAL_R2C2,statut_inconnu
2017-03-02_VAAL_R2C3,statut_inconnu
2017-03-02_VAAL_R2C4,statut_inconnu
2017-03-02_VAAL_R2C5,statut_inconnu
2017-03-03_FAIRVIEW_R3C1,statut_inconnu
2017-03-03_SINGAPOUR_R2C1,statut_inconnu
2017-03-03_SINGAPOUR_R2C2,statut_inconnu
2017-03-03_SINGAPOUR_R2C3,statut_inconnu
2017-03-03_SINGAPOUR_R2C4,statut_inconnu
2017-03-03_SINGAPOUR_R2C5,statut_inconnu
2017-03-04_LA-CEPIERE_R4C4,statut_inconnu
2017-03-04_MEYDAN-(E.A.U)_R3C1,statut_inconnu
2017-03-04_MEYDAN-(E.A.U)_R3C4,statut_inconnu
2017-03-04_MEYDAN-(E.A.U)_R3C5,statut_inconnu
2017-03-04_MEYDAN-(E.A.U)_R3C7,statut_inconnu
2017-03-05_VALPARAISO_R5C1,statut_inconnu
2017-03-05_VALPARAISO_R5C2,statut_inconnu
2017-03-05_VALPARAISO_R5C3,statut_inconnu
2017-03-05_VALPARAISO_R5C5,statut_inconnu
2017-03-05_VALPARAISO_R5C6,statut_inconnu
2017-03-05_VALPARAISO_R5C7,statut_inconnu
2017-03-08_HAPPY-VALLEY_R3C1,statut_inconnu
2017-03-08_HAPPY-VALLEY_R3C2,statut_inconnu
2017-03-08_HAPPY-VALLEY_R3C4,statut_inconnu
2017-03-08_HAPPY-VALLEY_R3C5,statut_inconnu
2017-03-08_HAPPY-VALLEY_R3C6,statut_inconnu
2017-03-08_HAPPY-VALLEY_R3C7,statut_inconnu
2017-03-08_HAPPY-VALLEY_R3C8,statut_inconnu
2017-03-08_VALPARAISO_R6C2,statut_inconnu
2017-03-08_VALPARAISO_R6C4,statut_inconnu
2017-03-08_VALPARAISO_R6C7,statut_inconnu
2017-03-09_CHILE_R6C3,statut_inconnu
2017-03-09_CHILE_R6C4,statut_inconnu
2017-03-09_CHILE_R6C5,statut_inconnu
2017-03-09_MEYDAN-(E.A.U)_R4C1,statut_inconnu
2017-03-09_MEYDAN-(E.A.U)_R4C2,statut_inconnu
2017-03-09_MEYDAN-(E.A.U)_R4C3,statut_inconnu
2017-03-09_MEYDAN-(E.A.U)_R4C5,statut_inconnu
2017-03-09_MEYDAN-(E.A.U)_R4C7,statut_inconnu
2017-03-09_VAAL_R2C2,statut_inconnu
2017-03-10_FAIRVIEW_R3C1,statut_inconnu
2017-03-10_FAIRVIEW_R3C2,statut_inconnu
2017-03-10_FAIRVIEW_R3C3,statut_inconnu
2017-03-10_SINGAPOUR_R2C1,statut_inconnu
2017-03-10_SINGAPOUR_R2C3,statut_inconnu
2017-03-10_SINGAPOUR_R2C5,statut_inconnu
2017-03-11_CHILE_R5C1,statut_inconnu
2017-03-11_CHILE_R5C10,statut_inconnu
2017-03-11_CHILE_R5C4,statut_inconnu
2017-03-13_SANTIAGO_R5C1,statut_inconnu
2017-03-13_SANTIAGO_R5C6,statut_inconnu
2017-03-13_SANTIAGO_R5C8,statut_inconnu
2017-03-15_HAPPY-VALLEY_R3C1,statut_inconnu
2017-03-15_HAPPY-VALLEY_R3C2,statut_inconnu
2017-03-15_HAPPY-VALLEY_R3C3,statut_inconnu
2017-03-15_HAPPY-VALLEY_R3C4,statut_inconnu
2017-03-15_HAPPY-VALLEY_R3C5,statut_inconnu
2017-03-15_HAPPY-VALLEY_R3C6,statut_inconnu
2017-03-15_HAPPY-VALLEY_R3C7,statut_inconnu
2017-03-15_HAPPY-VALLEY_R3C8,statut_inconnu
2017-03-15_LAUNCESTON_R2C6,statut_inconnu
2017-03-15_VALPARAISO_R6C1,statut_inconnu
2017-03-15_VALPARAISO_R6C2,statut_inconnu
2017-03-15_VALPARAISO_R6C4,statut_inconnu
2017-03-15_VALPARAISO_R6C5,statut_inconnu
2017-03-15_VALPARAISO_R6C7,statut_inconnu
2017-03-16_TURFFONTEIN_R2C3,statut_inconnu
2017-03-16_TURFFONTEIN_R2C4,statut_inconnu
2017-03-17_FAIRVIEW_R3C1,statut_inconnu
2017-03-17_GREYVILLE_R6C4,statut_inconnu
2017-03-17_GREYVILLE_R6C5,statut_inconnu
2017-03-17_GREYVILLE_R6C6,statut_inconnu
2017-03-17_GREYVILLE_R6C8,statut_inconnu
2017-03-17_SINGAPOUR_R2C1,statut_inconnu
2017-03-17_SINGAPOUR_R2C2,statut_inconnu
2017-03-17_SINGAPOUR_R2C3,statut_inconnu
2017-03-17_SINGAPOUR_R2C4,statut_inconnu
2017-03-17_SINGAPOUR_R2C5,statut_inconnu
2017-03-18_CHILE_R5C1,statut_inconnu
2017-03-18_CHILE_R5C5,statut_inconnu
2017-03-18_CHILE_R5C7,statut_inconnu
2017-03-18_CHILE_R5C8,statut_inconnu
2017-03-18_TURFFONTEIN_R2C1,statut_inconnu
2017-03-18_TURFFONTEIN_R2C4,statut_inconnu
2017-03-22_HAPPY-VALLEY_R3C1,statut_inconnu
2017-03-22_HAPPY-VALLEY_R3C2,statut_inconnu
2017-03-22_HAPPY-VALLEY_R3C3,statut_inconnu
2017-03-22_HAPPY-VALLEY_R3C4,statut_inconnu
2017-03-22_HAPPY-VALLEY_R3C5,statut_inconnu
2017-03-22_HAPPY-VALLEY_R3C6,statut_inconnu
2017-03-22_HAPPY-VALLEY_R3C7,statut_inconnu
2017-03-22_HAPPY-VALLEY_R3C8,statut_inconnu
2017-03-22_LAUNCESTON_R2C6,statut_inconnu
2017-03-22_LAUNCESTON_R2C7,statut_inconnu
2017-03-23_VAAL_R2C1,statut_inconnu
2017-03-24_SANTIAGO_R7C10,statut_inconnu
2017-03-24_SANTIAGO_R7C11,statut_inconnu
2017-03-24_SINGAPOUR_R2C1,statut_inconnu
2017-03-24_SINGAPOUR_R2C2,statut_inconnu
2017-03-24_SINGAPOUR_R2C5,statut_inconnu
2017-03-25_CHILE_R5C1,statut_inconnu
2017-03-25_CHILE_R5C2,statut_inconnu
2017-03-25_CHILE_R5C4,statut_inconnu
2017-03-25_CHILE_R5C5,statut_inconnu
2017-03-25_MEYDAN-(E.A.U)_R3C1,statut_inconnu
2017-03-25_MEYDAN-(E.A.U)_R3C2,statut_inconnu
2017-03-25_MEYDAN-(E.A.U)_R3C3,statut_inconnu
2017-03-25_MEYDAN-(E.A.U)_R3C4,statut_inconnu
2017-03-25_MEYDAN-(E.A.U)_R3C5,statut_inconnu
2017-03-25_MEYDAN-(E.A.U)_R3C6,statut_inconnu
2017-03-25_MEYDAN-(E.A.U)_R3C7,statut_inconnu
2017-03-25_MEYDAN-(E.A.U)_R3C9,statut_inconnu
2017-03-27_SANTIAGO_R6C1,statut_inconnu
2017-03-27_SANTIAGO_R6C7,statut_inconnu
2017-03-27_WOLVERHAMPTON_R5C7,statut_inconnu
2017-03-29_KEMPTON-PARK_R6C5,statut_inconnu
2017-03-31_SINGAPOUR_R3C1,statut_inconnu
2017-03-31_SINGAPOUR_R3C2,statut_inconnu
2017-04-01_RANDWICK_R6C10,statut_inconnu
2017-04-01_RANDWICK_R6C9,statut_inconnu
2017-04-06_SAINT-CLOUD_R1C5,statut_inconnu
2017-04-07_SINGAPOUR_R2C1,statut_inconnu
2017-04-07_SINGAPOUR_R2C2,statut_inconnu
2017-04-07_SINGAPOUR_R2C3,statut_inconnu
2017-04-08_RANDWICK_R6C10,statut_inconnu
2017-04-08_RANDWICK_R6C9,statut_inconnu
2017-04-09_LIGNIERES_R5C3,statut_inconnu
2017-04-09_LIGNIERES_R5C4,statut_inconnu
2017-04-09_LIGNIERES_R5C7,statut_inconnu
2017-04-10_SANTIAGO_R6C1,statut_inconnu
2017-04-10_SANTIAGO_R6C2,statut_inconnu
2017-04-10_SANTIAGO_R6C3,statut_inconnu
2017-04-10_SANTIAGO_R6C4,statut_inconnu
2017-04-14_FAIRVIEW_R2C1,statut_inconnu
2017-04-14_FAIRVIEW_R2C2,statut_inconnu
2017-04-14_FAIRVIEW_R2C4,statut_inconnu
2017-04-21_FAIRVIEW_R2C2,statut_inconnu
2017-04-21_FAIRVIEW_R2C3,statut_inconnu
2017-04-21_FAIRVIEW_R2C4,statut_inconnu
2017-04-24_SANTIAGO_R6C3,statut_inconnu
2017-04-28_FAIRVIEW_R2C1,statut_inconnu
2017-04-28_FAIRVIEW_R2C3,statut_inconnu
2017-04-28_GREYVILLE_R6C5,statut_inconnu
2017-04-28_GREYVILLE_R6C7,statut_inconnu
2017-04-30_SHA-TIN-(HONG-KONG)_R7C9,statut_inconnu
2017-05-01_MONS-(GHLIN)_R5C2,statut_inconnu
2017-05-02_WOLVERHAMPTON_R5C1,statut_inconnu
2017-05-02_WOLVERHAMPTON_R5C3,statut_inconnu
2017-05-07_NEWMARKET_R9C4,statut_inconnu
2017-05-10_CHELMSFORD_R6C1,statut_inconnu
2017-05-13_LINGFIELD-PARK_R6C4,statut_inconnu
2017-05-14_MORLAIX_R5C8,statut_inconnu
2017-05-17_BATH_R6C5,statut_inconnu
2017-05-17_BATH_R6C7,statut_inconnu
2017-05-17_YARMOUTH_R5C8,statut_inconnu
2017-05-18_FONTAINEBLEAU_R1C9,triple_ex_aequo
2017-05-19_SINGAPOUR_R2C2,statut_inconnu
2017-05-20_PIMLICO_R8C2,statut_inconnu
2017-05-20_PIMLICO_R8C3,statut_inconnu
2017-05-20_PIMLICO_R8C5,statut_inconnu
2017-05-22_CARLISLE_R5C6,statut_inconnu
2017-05-22_WINDSOR_R6C5,statut_inconnu
2017-05-22_WINDSOR_R6C6,statut_inconnu
2017-05-26_SINGAPOUR_R2C1,statut_inconnu
2017-05-26_SINGAPOUR_R2C2,statut_inconnu
2017-05-27_KENILWORTH_R2C3,statut_inconnu
2017-05-27_KENILWORTH_R2C4,statut_inconnu
2017-06-03_EPSOM-DOWNS_R6C5,statut_inconnu
2017-06-05_AYR_R6C5,statut_inconnu
2017-06-05_LEICESTER_R5C7,statut_inconnu
2017-06-05_SALON-DE-PROVENCE_R4C1,statut_inconnu
2017-06-05_SALON-DE-PROVENCE_R4C4,statut_inconnu
2017-06-05_SALON-DE-PROVENCE_R4C7,statut_inconnu
2017-06-07_KEMPTON-PARK_R6C3,statut_inconnu
2017-06-07_KEMPTON-PARK_R6C4,statut_inconnu
2017-06-10_BELMONT-PARK_R6C11,statut_inconnu
2017-06-10_BELMONT-PARK_R6C7,statut_inconnu
2017-06-10_BELMONT-PARK_R6C9,statut_inconnu
2017-06-10_CHILE_R7C4,statut_inconnu
2017-06-10_CHILE_R7C7,statut_inconnu
2017-06-10_CHILE_R7C8,statut_inconnu
2017-06-10_CHILE_R7C9,statut_inconnu
2017-06-11_GUADELOUPE_R10C3,statut_inconnu
2017-06-14_CASABLANCA_R4C4,statut_inconnu
2017-06-14_CASABLANCA_R4C5,statut_inconnu
2017-06-14_CASABLANCA_R4C6,statut_inconnu
2017-06-14_CASABLANCA_R4C7,statut_inconnu
2017-06-14_CASABLANCA_R4C8,statut_inconnu
2017-06-14_KEMPTON-PARK_R6C3,statut_inconnu
2017-06-20_ASCOT_R3C1,statut_inconnu
2017-06-20_ASCOT_R3C2,statut_inconnu
2017-06-20_ASCOT_R3C3,statut_inconnu
2017-06-20_ASCOT_R3C5,statut_inconnu
2017-06-20_ASCOT_R3C6,statut_inconnu
2017-06-20_DAX_R4C1,statut_inconnu
2017-06-20_DAX_R4C5,statut_inconnu
2017-06-20_DIEPPE_R1C5,statut_inconnu
2017-06-20_DIEPPE_R1C7,statut_inconnu
2017-06-20_DIEPPE_R1C8,statut_inconnu
2017-06-20_LES-SABLES-D-OLONNE_R2C7,statut_inconnu
2017-06-20_LES-SABLES-D-OLONNE_R2C8,statut_inconnu
2017-06-21_ASCOT_R4C1,statut_inconnu
2017-06-21_ASCOT_R4C2,statut_inconnu
2017-06-21_ASCOT_R4C3,statut_inconnu
2017-06-21_ASCOT_R4C6,statut_inconnu
2017-06-22_ASCOT_R5C1,statut_inconnu
2017-06-22_ASCOT_R5C2,statut_inconnu
2017-06-22_ASCOT_R5C3,statut_inconnu
2017-06-22_ASCOT_R5C4,statut_inconnu
2017-06-22_ASCOT_R5C6,statut_inconnu
2017-06-23_ASCOT_R7C1,statut_inconnu
2017-06-23_ASCOT_R7C2,statut_inconnu
2017-06-23_ASCOT_R7C3,statut_inconnu
2017-06-23_ASCOT_R7C5,statut_inconnu
2017-06-23_FAIRVIEW_R2C4,statut_inconnu
2017-06-24_ASCOT_R6C1,statut_inconnu
2017-06-24_ASCOT_R6C2,statut_inconnu
2017-06-24_ASCOT_R6C3,statut_inconnu
2017-06-24_ASCOT_R6C4,statut_inconnu
2017-06-27_LE-CROISE-LAROCHE_R2C6,statut_inconnu
2017-07-01_GREYVILLE_R7C7,statut_inconnu
2017-07-02_CURRAGH_R7C6,statut_inconnu
2017-07-12_KEMPTON-PARK_R6C2,statut_inconnu
2017-07-12_KEMPTON-PARK_R6C3,statut_inconnu
2017-07-12_KEMPTON-PARK_R6C4,statut_inconnu
2017-07-17_OSTENDE_R5C4,statut_inconnu
2017-07-17_OSTENDE_R5C5,statut_inconnu
2017-07-17_OSTENDE_R5C7,statut_inconnu
2017-07-23_GUADELOUPE_R7C6,statut_inconnu
2017-08-01_GOODWOOD_R6C4,statut_inconnu
2017-08-03_CLAIREFONTAINE_R1C6,statut_inconnu
2017-08-03_CLAIREFONTAINE_R1C8,statut_inconnu
2017-08-04_GOODWOOD_R8C4,statut_inconnu
2017-08-25_YORK_R8C4,statut_inconnu
2017-08-26_CHILE_R7C10,statut_inconnu
2017-08-26_CHILE_R7C11,statut_inconnu
2017-08-26_CHILE_R7C7,statut_inconnu
2017-08-26_CHILE_R7C8,statut_inconnu
2017-08-26_CHILE_R7C9,statut_inconnu
2017-08-26_SARATOGA_R6C11,statut_inconnu
2017-09-06_KEMPTON-PARK_R6C3,statut_inconnu
2017-09-06_KEMPTON-PARK_R6C5,statut_inconnu
2017-09-06_KEMPTON-PARK_R6C6,statut_inconnu
2017-09-09_HAYDOCK_R7C3,statut_inconnu
2017-09-09_WOLVERHAMPTON_R6C5,statut_inconnu
2017-09-09_WOLVERHAMPTON_R6C6,statut_inconnu
2017-09-09_WOLVERHAMPTON_R6C8,statut_inconnu
2017-09-11_SANTIAGO_R6C2,statut_inconnu
2017-09-11_SANTIAGO_R6C5,statut_inconnu
2017-09-11_SANTIAGO_R6C6,statut_inconnu
2017-09-11_SANTIAGO_R6C7,statut_inconnu
2017-09-27_LE-MANS_R4C1,statut_inconnu
2017-10-13_NEWMARKET_R7C3,statut_inconnu
2017-10-28_DONCASTER_R8C1,statut_inconnu
2017-10-28_NOUMEA_R2C5,statut_inconnu
2017-10-28_NOUMEA_R2C7,statut_inconnu
2017-11-01_AMIENS_R5C8,statut_inconnu
2017-11-01_SHA-TIN-(HONG-KONG)_R3C2,statut_inconnu
2017-11-01_SHA-TIN-(HONG-KONG)_R3C3,statut_inconnu
2017-11-03_DEL-MAR_R7C9,statut_inconnu
2017-11-04_DEL-MAR_R6C12,statut_inconnu
2017-11-16_VAAL_R2C2,statut_inconnu
2017-11-16_VAAL_R2C3,statut_inconnu
2017-11-18_CASABLANCA_R6C4,statut_inconnu
2017-11-25_PERTH-ASCOT_R6C9,statut_inconnu
2017-11-27_PORNICHET_R5C3,statut_inconnu
2017-12-09_PERTH-ASCOT_R6C8,statut_inconnu
2017-12-09_PERTH-ASCOT_R6C9,statut_inconnu
2017-12-10_SHA-TIN-(HONG-KONG)_R6C6,statut_inconnu
2017-12-14_VAAL_R2C10,statut_inconnu
2017-12-23_CHILE_R5C1,statut_inconnu
2018-01-04_VAAL_R2C5,statut_inconnu
2018-01-05_KENILWORTH_R2C1,statut_inconnu
2018-01-12_SINGAPOUR_R3C4,statut_inconnu
2018-01-17_LAUNCESTON_R2C5,statut_inconnu
2018-01-18_MEYDAN-(E.A.U)_R4C6,statut_inconnu
2018-01-20_CHILE_R5C8,statut_inconnu
2018-01-24_SHA-TIN-(HONG-KONG)_R3C4,statut_inconnu
2018-01-24_SHA-TIN-(HONG-KONG)_R3C5,statut_inconnu
2018-01-25_MEYDAN-(E.A.U)_R4C3,statut_inconnu
2018-01-27_GULFSTREAM-PARK_R6C10,statut_inconnu
2018-01-27_GULFSTREAM-PARK_R6C11,statut_inconnu
2018-01-27_GULFSTREAM-PARK_R6C12,statut_inconnu
2018-01-27_GULFSTREAM-PARK_R6C6,statut_inconnu
2018-01-27_GULFSTREAM-PARK_R6C9,statut_inconnu
2018-02-01_CHANTILLY_R3C1,statut_inconnu
2018-02-01_CHANTILLY_R3C2,statut_inconnu
2018-02-01_CHANTILLY_R3C3,statut_inconnu
2018-02-01_CHANTILLY_R3C4,statut_inconnu
2018-02-01_CHANTILLY_R3C5,statut_inconnu
2018-02-01_VAAL_R2C4,statut_inconnu
2018-02-19_VALPARAISO_R5C6,statut_inconnu
2018-02-23_SINGAPOUR_R3C4,statut_inconnu
2018-03-01_MEYDAN-(E.A.U)_R4C5,statut_inconnu
2018-03-23_STRASBOURG_R3C6,statut_inconnu
2018-03-25_GUADELOUPE_R7C3,statut_inconnu
2018-03-25_GUADELOUPE_R7C4,statut_inconnu
2018-03-30_FONTAINEBLEAU_R4C4,statut_inconnu
2018-03-30_FONTAINEBLEAU_R4C7,statut_inconnu
2018-03-30_FONTAINEBLEAU_R4C8,statut_inconnu
2018-03-31_CHANTILLY_R1C2,statut_inconnu
2018-03-31_CHANTILLY_R1C3,statut_inconnu
2018-03-31_CHANTILLY_R1C4,statut_inconnu
2018-03-31_CHANTILLY_R1C5,statut_inconnu
2018-03-31_CHANTILLY_R1C7,statut_inconnu
2018-03-31_CHANTILLY_R1C8,statut_inconnu
2018-04-01_MARONAS_R6C3,statut_inconnu
2018-04-01_MARONAS_R6C4,statut_inconnu
2018-04-01_MARONAS_R6C5,statut_inconnu
2018-04-02_SAINT-CLOUD_R1C7,statut_inconnu
2018-04-03_CHANTILLY_R1C1,statut_inconnu
2018-04-03_CHANTILLY_R1C3,statut_inconnu
2018-04-03_CHANTILLY_R1C4,statut_inconnu
2018-04-03_CHANTILLY_R1C6,statut_inconnu
2018-04-03_CHANTILLY_R1C8,statut_inconnu
2018-04-03_MULHEIM_R4C4,statut_inconnu
2018-04-11_ParisLongchamp_R3C8,statut_inconnu
2018-04-12_BORELY_R3C1,statut_inconnu
2018-04-29_ParisLongchamp_R1C3,statut_inconnu
2018-05-19_PIMLICO_R7C5,statut_inconnu
2018-05-21_WINDSOR_R6C5,statut_inconnu
2018-06-05_CASABLANCA_R3C5,statut_inconnu
2018-06-09_BELMONT-PARK_R6C11,statut_inconnu
2018-06-10_MORLAIX_R4C1,statut_inconnu
2018-06-15_LA-CEPIERE_R3C4,statut_inconnu
2018-06-23_COMPIEGNE_R1C8,statut_inconnu
2018-07-10_AVENCHES_R4C1,statut_inconnu
2018-07-12_NEWMARKET-JULY_R6C6,statut_inconnu
2018-07-21_CURRAGH_R6C3,statut_inconnu
2018-07-22_GUADELOUPE_R7C6,statut_inconnu
2018-08-02_GOODWOOD_R5C5,statut_inconnu
2018-08-05_SARATOGA_R7C7,statut_inconnu
2018-08-05_SARATOGA_R7C8,statut_inconnu
2018-08-16_LA-TESTE_R4C6,statut_inconnu
2018-08-22_YORK_R6C1,statut_inconnu
2018-08-25_SARATOGA_R6C11,statut_inconnu
2018-09-16_CURRAGH_R7C7,statut_inconnu
2018-09-16_MARONAS_R6C3,statut_inconnu
2018-09-16_MARONAS_R6C4,statut_inconnu
2018-09-16_MARONAS_R6C5,statut_inconnu
2018-09-23_MONT-DE-MARSAN_R2C7,statut_inconnu
2018-10-07_SAINT-BRIEUC_R8C2,statut_inconnu
2018-10-20_ASCOT_R8C4,statut_inconnu
2018-10-20_NOUMEA_R2C6,statut_inconnu
2018-10-31_SHA-TIN-(HONG-KONG)_R3C7,statut_inconnu
2018-11-02_CHURCHILL-DOWNS_R7C8,statut_inconnu
2018-11-02_CHURCHILL-DOWNS_R7C9,statut_inconnu
2018-11-03_CHURCHILL-DOWNS_R6C11,statut_inconnu
2018-11-22_MEYDAN-(E.A.U)_R4C6,statut_inconnu
2018-12-01_TURFFONTEIN_R7C7,statut_inconnu
2018-12-02_LAS-PIEDRAS_R4C1,statut_inconnu
2018-12-02_LAS-PIEDRAS_R4C4,statut_inconnu
2018-12-02_LAS-PIEDRAS_R4C5,statut_inconnu
2018-12-02_LAS-PIEDRAS_R4C7,statut_inconnu
2018-12-02_LAS-PIEDRAS_R4C8,statut_inconnu
2018-12-20_MEYDAN-(E.A.U)_R4C5,statut_inconnu
2019-01-23_LAUNCESTON_R6C7,statut_inconnu
2019-01-24_MEYDAN-(E.A.U)_R5C2,statut_inconnu
2019-03-02_CHANTILLY_R3C7,statut_inconnu
2019-03-02_CHANTILLY_R3C8,statut_inconnu
2019-03-15_FONTAINEBLEAU_R2C6,statut_inconnu
2019-04-12_LA-TESTE_R2C8,statut_inconnu
2019-04-22_ParisLongchamp_R1C3,statut_inconnu
2019-04-25_CHELMSFORD_R5C6,statut_inconnu
2019-04-30_CHANTILLY_R2C5,statut_inconnu
2019-04-30_CHANTILLY_R2C8,statut_inconnu
2019-05-05_NEWMARKET_R6C4,statut_inconnu
2019-05-08_SHA-TIN-(HONG-KONG)_R6C2,statut_inconnu
2019-05-08_SHA-TIN-(HONG-KONG)_R6C8,statut_inconnu
2019-05-11_CHANTILLY_R3C5,statut_inconnu
2019-06-07_SINGAPOUR_R3C1,statut_inconnu
2019-06-10_WINDSOR_R6C7,statut_inconnu
2019-06-18_ASCOT_R5C1,statut_inconnu
2019-07-21_GUADELOUPE_R7C7,statut_inconnu
2019-07-29_WINDSOR_R5C6,statut_inconnu
2019-07-29_WINDSOR_R5C7,statut_inconnu
2019-07-31_GOODWOOD_R6C3,statut_inconnu
2019-08-21_LE-TOUQUET_R2C1,statut_inconnu
2019-09-17_COMPIEGNE_R1C9,statut_inconnu
2019-09-23_KEMPTON-PARK_R5C3,statut_inconnu
2019-10-07_NEWCASTLE_R5C4,statut_inconnu
2019-10-24_CHELMSFORD_R6C5,statut_inconnu
2019-11-01_SANTA-ANITA_R6C10,statut_inconnu
2019-11-02_DURTAL_R3C1,statut_inconnu
2019-11-02_SANTA-ANITA_R7C12,statut_inconnu
2019-12-06_LYON-LA-SOIE_R4C4,statut_inconnu
2019-12-07_AMIENS_R4C2,statut_inconnu
2019-12-23_CHANTILLY_R1C7,statut_inconnu
2020-01-06_SANTIAGO_R5C11,statut_inconnu
2020-01-10_AQUEDUCT_R6C7,statut_inconnu
2020-01-17_CAGNES/MER_R1C5,statut_inconnu
2020-01-20_CAGNES/MER_R1C7,statut_inconnu
2020-01-22_HAPPY-VALLEY_R4C3,statut_inconnu
2020-01-22_HAPPY-VALLEY_R4C4,statut_inconnu
2020-01-22_HAPPY-VALLEY_R4C5,statut_inconnu
2020-01-22_HAPPY-VALLEY_R4C6,statut_inconnu
2020-01-25_GULFSTREAM-PARK_R6C11,statut_inconnu
2020-01-25_GULFSTREAM-PARK_R6C12,statut_inconnu
2020-02-13_PONT-DE-VIVAUX_R4C3,statut_inconnu
2020-02-14_AQUEDUCT_R6C7,statut_inconnu
2020-02-14_GULFSTREAM-PARK_R7C6,statut_inconnu
2020-02-21_AQUEDUCT_R6C6,statut_inconnu
2020-02-27_CHELMSFORD_R6C6,statut_inconnu
2020-02-28_AQUEDUCT_R6C6,statut_inconnu
2020-03-06_GULFSTREAM-PARK_R7C6,statut_inconnu
2020-03-21_DURBANVILLE_R2C2,statut_inconnu
2020-03-27_SINGAPOUR_R1C4,statut_inconnu
2020-04-03_GULFSTREAM-PARK_R5C1,statut_inconnu
2020-04-03_GULFSTREAM-PARK_R5C2,statut_inconnu
2020-04-03_GULFSTREAM-PARK_R5C3,statut_inconnu
2020-04-03_GULFSTREAM-PARK_R5C4,statut_inconnu
2020-04-03_GULFSTREAM-PARK_R5C5,statut_inconnu
2020-04-03_GULFSTREAM-PARK_R5C6,statut_inconnu
2020-04-03_GULFSTREAM-PARK_R5C7,statut_inconnu
2020-04-03_GULFSTREAM-PARK_R5C8,statut_inconnu
2020-04-03_GULFSTREAM-PARK_R5C9,statut_inconnu
2020-04-04_GULFSTREAM-PARK_R5C1,statut_inconnu
2020-04-04_GULFSTREAM-PARK_R5C2,statut_inconnu
2020-04-04_GULFSTREAM-PARK_R5C3,statut_inconnu
2020-04-04_GULFSTREAM-PARK_R5C4,statut_inconnu
2020-04-04_GULFSTREAM-PARK_R5C5,statut_inconnu
2020-04-04_GULFSTREAM-PARK_R5C6,statut_inconnu
2020-04-04_GULFSTREAM-PARK_R5C7,statut_inconnu
2020-04-09_GULFSTREAM-PARK_R4C1,statut_inconnu
2020-04-09_GULFSTREAM-PARK_R4C10,statut_inconnu
2020-04-09_GULFSTREAM-PARK_R4C2,statut_inconnu
2020-04-09_GULFSTREAM-PARK_R4C3,statut_inconnu
2020-04-09_GULFSTREAM-PARK_R4C5,statut_inconnu
2020-04-09_GULFSTREAM-PARK_R4C6,statut_inconnu
2020-04-09_GULFSTREAM-PARK_R4C8,statut_inconnu
2020-04-09_GULFSTREAM-PARK_R4C9,statut_inconnu
2020-04-09_PAKENHAM-AUSTRALIE_R2C1,statut_inconnu
2020-04-10_GULFSTREAM-PARK_R4C1,statut_inconnu
2020-04-10_GULFSTREAM-PARK_R4C2,statut_inconnu
2020-04-10_GULFSTREAM-PARK_R4C3,statut_inconnu
2020-04-10_GULFSTREAM-PARK_R4C4,statut_inconnu
2020-04-10_GULFSTREAM-PARK_R4C5,statut_inconnu
2020-04-10_GULFSTREAM-PARK_R4C6,statut_inconnu
2020-04-10_GULFSTREAM-PARK_R4C7,statut_inconnu
2020-04-10_GULFSTREAM-PARK_R4C8,statut_inconnu
2020-04-10_TAMPA-BAY-USA_R3C1,statut_inconnu
2020-04-10_TAMPA-BAY-USA_R3C2,statut_inconnu
2020-04-10_TAMPA-BAY-USA_R3C3,statut_inconnu
2020-04-10_TAMPA-BAY-USA_R3C4,statut_inconnu
2020-04-10_TAMPA-BAY-USA_R3C5,statut_inconnu
2020-04-10_TAMPA-BAY-USA_R3C6,statut_inconnu
2020-04-10_TAMPA-BAY-USA_R3C7,statut_inconnu
2020-04-10_TAMPA-BAY-USA_R3C8,statut_inconnu
2020-04-11_GULFSTREAM-PARK_R5C1,statut_inconnu
2020-04-11_GULFSTREAM-PARK_R5C2,statut_inconnu
2020-04-11_GULFSTREAM-PARK_R5C3,statut_inconnu
2020-04-11_GULFSTREAM-PARK_R5C4,statut_inconnu
2020-04-11_GULFSTREAM-PARK_R5C5,statut_inconnu
2020-04-11_GULFSTREAM-PARK_R5C6,statut_inconnu
2020-04-11_GULFSTREAM-PARK_R5C7,statut_inconnu
2020-04-11_TAMPA-BAY-USA_R4C1,statut_inconnu
2020-04-11_TAMPA-BAY-USA_R4C2,statut_inconnu
2020-04-11_TAMPA-BAY-USA_R4C3,statut_inconnu
2020-04-11_TAMPA-BAY-USA_R4C4,statut_inconnu
2020-04-11_TAMPA-BAY-USA_R4C5,statut_inconnu
2020-04-11_TAMPA-BAY-USA_R4C6,statut_inconnu
2020-04-11_TAMPA-BAY-USA_R4C7,statut_inconnu
2020-04-11_TAMPA-BAY-USA_R4C8,statut_inconnu
2020-04-11_TAMPA-BAY-USA_R4C9,statut_inconnu
2020-04-15_HAPPY-VALLEY_R1C5,statut_inconnu
2020-04-17_GULFSTREAM-PARK_R5C1,statut_inconnu
2020-04-17_GULFSTREAM-PARK_R5C2,statut_inconnu
2020-04-17_GULFSTREAM-PARK_R5C3,statut_inconnu
2020-04-17_GULFSTREAM-PARK_R5C4,statut_inconnu
2020-04-17_GULFSTREAM-PARK_R5C5,statut_inconnu
2020-04-17_GULFSTREAM-PARK_R5C6,statut_inconnu
2020-04-17_GULFSTREAM-PARK_R5C7,statut_inconnu
2020-04-17_GULFSTREAM-PARK_R5C8,statut_inconnu
2020-04-17_GULFSTREAM-PARK_R5C9,statut_inconnu
2020-04-18_GULFSTREAM-PARK_R5C1,statut_inconnu
2020-04-18_GULFSTREAM-PARK_R5C10,statut_inconnu
2020-04-18_GULFSTREAM-PARK_R5C2,statut_inconnu
2020-04-18_GULFSTREAM-PARK_R5C3,statut_inconnu
2020-04-18_GULFSTREAM-PARK_R5C4,statut_inconnu
2020-04-18_GULFSTREAM-PARK_R5C5,statut_inconnu
2020-04-18_GULFSTREAM-PARK_R5C6,statut_inconnu
2020-04-18_GULFSTREAM-PARK_R5C7,statut_inconnu
2020-04-18_GULFSTREAM-PARK_R5C8,statut_inconnu
2020-04-18_GULFSTREAM-PARK_R5C9,statut_inconnu
2020-04-18_PERTH-ASCOT_R2C8,statut_inconnu
2020-04-18_TAMPA-BAY-USA_R4C1,statut_inconnu
2020-04-18_TAMPA-BAY-USA_R4C2,statut_inconnu
2020-04-18_TAMPA-BAY-USA_R4C3,statut_inconnu
2020-04-18_TAMPA-BAY-USA_R4C4,statut_inconnu
2020-04-18_TAMPA-BAY-USA_R4C5,statut_inconnu
2020-04-18_TAMPA-BAY-USA_R4C6,statut_inconnu
2020-04-18_TAMPA-BAY-USA_R4C7,statut_inconnu
2020-04-18_TAMPA-BAY-USA_R4C8,statut_inconnu
2020-04-18_TAMPA-BAY-USA_R4C9,statut_inconnu
2020-04-19_GERALDTON-AUSTRALIE_R3C6,statut_inconnu
2020-04-19_GULFSTREAM-PARK_R6C1,statut_inconnu
2020-04-19_GULFSTREAM-PARK_R6C3,statut_inconnu
2020-04-19_GULFSTREAM-PARK_R6C4,statut_inconnu
2020-04-19_GULFSTREAM-PARK_R6C5,statut_inconnu
2020-04-19_GULFSTREAM-PARK_R6C6,statut_inconnu
2020-04-19_GULFSTREAM-PARK_R6C7,statut_inconnu
2020-04-19_GULFSTREAM-PARK_R6C8,statut_inconnu
2020-04-19_GULFSTREAM-PARK_R6C9,statut_inconnu
2020-04-19_TAMPA-BAY-USA_R5C1,statut_inconnu
2020-04-19_TAMPA-BAY-USA_R5C2,statut_inconnu
2020-04-19_TAMPA-BAY-USA_R5C3,statut_inconnu
2020-04-19_TAMPA-BAY-USA_R5C4,statut_inconnu
2020-04-19_TAMPA-BAY-USA_R5C6,statut_inconnu
2020-04-19_TAMPA-BAY-USA_R5C7,statut_inconnu
2020-04-19_TAMPA-BAY-USA_R5C8,statut_inconnu
2020-04-19_TAMPA-BAY-USA_R5C9,statut_inconnu
2020-04-20_WILL-ROGER-DOWNS-USA_R4C2,statut_inconnu
2020-04-20_WILL-ROGER-DOWNS-USA_R4C3,statut_inconnu
2020-04-20_WILL-ROGER-DOWNS-USA_R4C4,statut_inconnu
2020-04-20_WILL-ROGER-DOWNS-USA_R4C5,statut_inconnu
2020-04-20_WILL-ROGER-DOWNS-USA_R4C6,statut_inconnu
2020-04-20_WILL-ROGER-DOWNS-USA_R4C7,statut_inconnu
2020-04-20_WILL-ROGER-DOWNS-USA_R4C8,statut_inconnu
2020-04-21_WILL-ROGER-DOWNS-USA_R5C1,statut_inconnu
2020-04-21_WILL-ROGER-DOWNS-USA_R5C2,statut_inconnu
2020-04-21_WILL-ROGER-DOWNS-USA_R5C3,statut_inconnu
2020-04-21_WILL-ROGER-DOWNS-USA_R5C4,statut_inconnu
2020-04-21_WILL-ROGER-DOWNS-USA_R5C5,statut_inconnu
2020-04-21_WILL-ROGER-DOWNS-USA_R5C6,statut_inconnu
2020-04-21_WILL-ROGER-DOWNS-USA_R5C7,statut_inconnu
2020-04-23_GULFSTREAM-PARK_R7C1,statut_inconnu
2020-04-23_GULFSTREAM-PARK_R7C2,statut_inconnu
2020-04-23_GULFSTREAM-PARK_R7C3,statut_inconnu
2020-04-23_GULFSTREAM-PARK_R7C4,statut_inconnu
2020-04-23_GULFSTREAM-PARK_R7C5,statut_inconnu
2020-04-23_GULFSTREAM-PARK_R7C7,statut_inconnu
2020-04-23_GULFSTREAM-PARK_R7C8,statut_inconnu
2020-04-23_GULFSTREAM-PARK_R7C9,statut_inconnu
2020-04-24_GULFSTREAM-PARK_R5C1,statut_inconnu
2020-04-24_GULFSTREAM-PARK_R5C2,statut_inconnu
2020-04-24_GULFSTREAM-PARK_R5C3,statut_inconnu
2020-04-24_GULFSTREAM-PARK_R5C4,statut_inconnu
2020-04-24_GULFSTREAM-PARK_R5C5,statut_inconnu
2020-04-24_GULFSTREAM-PARK_R5C6,statut_inconnu
2020-04-24_GULFSTREAM-PARK_R5C7,statut_inconnu
2020-04-24_GULFSTREAM-PARK_R5C8,statut_inconnu
2020-04-24_GULFSTREAM-PARK_R5C9,statut_inconnu
2020-04-25_GULFSTREAM-PARK_R6C1,statut_inconnu
2020-04-25_GULFSTREAM-PARK_R6C2,statut_inconnu
2020-04-25_GULFSTREAM-PARK_R6C3,statut_inconnu
2020-04-25_GULFSTREAM-PARK_R6C4,statut_inconnu
2020-04-25_GULFSTREAM-PARK_R6C5,statut_inconnu
2020-04-25_GULFSTREAM-PARK_R6C6,statut_inconnu
2020-04-25_GULFSTREAM-PARK_R6C7,statut_inconnu
2020-04-25_GULFSTREAM-PARK_R6C8,statut_inconnu
2020-04-25_GULFSTREAM-PARK_R6C9,statut_inconnu
2020-04-25_TAMPA-BAY-USA_R5C1,statut_inconnu
2020-04-25_TAMPA-BAY-USA_R5C2,statut_inconnu
2020-04-25_TAMPA-BAY-USA_R5C3,statut_inconnu
2020-04-25_TAMPA-BAY-USA_R5C4,statut_inconnu
2020-04-25_TAMPA-BAY-USA_R5C5,statut_inconnu
2020-04-25_TAMPA-BAY-USA_R5C6,statut_inconnu
2020-04-25_TAMPA-BAY-USA_R5C7,statut_inconnu
2020-04-25_TAMPA-BAY-USA_R5C8,statut_inconnu
2020-04-25_TAMPA-BAY-USA_R5C9,statut_inconnu
2020-04-26_GULFSTREAM-PARK_R6C1,statut_inconnu
2020-04-26_GULFSTREAM-PARK_R6C2,statut_inconnu
2020-04-26_GULFSTREAM-PARK_R6C3,statut_inconnu
2020-04-26_GULFSTREAM-PARK_R6C4,statut_inconnu
2020-04-26_GULFSTREAM-PARK_R6C5,statut_inconnu
2020-04-26_GULFSTREAM-PARK_R6C6,statut_inconnu
2020-04-26_GULFSTREAM-PARK_R6C7,statut_inconnu
2020-04-26_GULFSTREAM-PARK_R6C8,statut_inconnu
2020-04-26_TAMPA-BAY-USA_R5C1,statut_inconnu
2020-04-26_TAMPA-BAY-USA_R5C2,statut_inconnu
2020-04-26_TAMPA-BAY-USA_R5C3,statut_inconnu
2020-04-26_TAMPA-BAY-USA_R5C4,statut_inconnu
2020-04-26_TAMPA-BAY-USA_R5C5,statut_inconnu
2020-04-26_TAMPA-BAY-USA_R5C6,statut_inconnu
2020-04-26_TAMPA-BAY-USA_R5C7,statut_inconnu
2020-04-26_TAMPA-BAY-USA_R5C8,statut_inconnu
2020-04-26_TAMPA-BAY-USA_R5C9,statut_inconnu
2020-04-27_WILL-ROGER-DOWNS-USA_R7C1,statut_inconnu
2020-04-27_WILL-ROGER-DOWNS-USA_R7C2,statut_inconnu
2020-04-27_WILL-ROGER-DOWNS-USA_R7C3,statut_inconnu
2020-04-27_WILL-ROGER-DOWNS-USA_R7C4,statut_inconnu
2020-04-27_WILL-ROGER-DOWNS-USA_R7C5,statut_inconnu
2020-04-27_WILL-ROGER-DOWNS-USA_R7C6,statut_inconnu
2020-04-27_WILL-ROGER-DOWNS-USA_R7C7,statut_inconnu
2020-04-28_WILL-ROGER-DOWNS-USA_R6C1,statut_inconnu
2020-04-28_WILL-ROGER-DOWNS-USA_R6C2,statut_inconnu
2020-04-28_WILL-ROGER-DOWNS-USA_R6C3,statut_inconnu
2020-04-28_WILL-ROGER-DOWNS-USA_R6C4,statut_inconnu
2020-04-28_WILL-ROGER-DOWNS-USA_R6C5,statut_inconnu
2020-04-28_WILL-ROGER-DOWNS-USA_R6C6,statut_inconnu
2020-04-28_WILL-ROGER-DOWNS-USA_R6C7,statut_inconnu
2020-04-30_GULFSTREAM-PARK_R6C1,statut_inconnu
2020-04-30_GULFSTREAM-PARK_R6C2,statut_inconnu
2020-04-30_GULFSTREAM-PARK_R6C3,statut_inconnu
2020-04-30_GULFSTREAM-PARK_R6C4,statut_inconnu
2020-04-30_GULFSTREAM-PARK_R6C5,statut_inconnu
2020-04-30_GULFSTREAM-PARK_R6C7,statut_inconnu
2020-04-30_GULFSTREAM-PARK_R6C8,statut_inconnu
2020-05-01_GULFSTREAM-PARK_R7C1,statut_inconnu
2020-05-01_GULFSTREAM-PARK_R7C2,statut_inconnu
2020-05-01_GULFSTREAM-PARK_R7C3,statut_inconnu
2020-05-01_GULFSTREAM-PARK_R7C4,statut_inconnu
2020-05-01_GULFSTREAM-PARK_R7C5,statut_inconnu
2020-05-01_GULFSTREAM-PARK_R7C7,statut_inconnu
2020-05-01_GULFSTREAM-PARK_R7C8,statut_inconnu
2020-05-02_GULFSTREAM-PARK_R6C1,statut_inconnu
2020-05-02_GULFSTREAM-PARK_R6C2,statut_inconnu
2020-05-02_GULFSTREAM-PARK_R6C3,statut_inconnu
2020-05-02_GULFSTREAM-PARK_R6C4,statut_inconnu
2020-05-02_GULFSTREAM-PARK_R6C5,statut_inconnu
2020-05-02_GULFSTREAM-PARK_R6C6,statut_inconnu
2020-05-02_GULFSTREAM-PARK_R6C7,statut_inconnu
2020-05-02_GULFSTREAM-PARK_R6C8,statut_inconnu
2020-05-02_GULFSTREAM-PARK_R6C9,statut_inconnu
2020-05-02_TAMPA-BAY-USA_R5C1,statut_inconnu
2020-05-02_TAMPA-BAY-USA_R5C2,statut_inconnu
2020-05-02_TAMPA-BAY-USA_R5C4,statut_inconnu
2020-05-02_TAMPA-BAY-USA_R5C5,statut_inconnu
2020-05-02_TAMPA-BAY-USA_R5C6,statut_inconnu
2020-05-02_TAMPA-BAY-USA_R5C7,statut_inconnu
2020-05-02_TAMPA-BAY-USA_R5C8,statut_inconnu
2020-05-02_TAMPA-BAY-USA_R5C9,statut_inconnu
2020-05-03_GULFSTREAM-PARK_R7C1,statut_inconnu
2020-05-03_GULFSTREAM-PARK_R7C2,statut_inconnu
2020-05-03_GULFSTREAM-PARK_R7C3,statut_inconnu
2020-05-03_GULFSTREAM-PARK_R7C4,statut_inconnu
2020-05-03_GULFSTREAM-PARK_R7C5,statut_inconnu
2020-05-03_GULFSTREAM-PARK_R7C6,statut_inconnu
2020-05-03_GULFSTREAM-PARK_R7C7,statut_inconnu
2020-05-03_GULFSTREAM-PARK_R7C8,statut_inconnu
2020-05-04_GAVEA_R6C1,statut_inconnu
2020-05-04_GAVEA_R6C2,statut_inconnu
2020-05-04_GAVEA_R6C4,statut_inconnu
2020-05-04_GAVEA_R6C5,statut_inconnu
2020-05-04_GAVEA_R6C6,statut_inconnu
2020-05-04_GAVEA_R6C8,statut_inconnu
2020-05-04_GAVEA_R6C9,statut_inconnu
2020-05-05_WILL-ROGER-DOWNS-USA_R5C1,statut_inconnu
2020-05-05_WILL-ROGER-DOWNS-USA_R5C2,statut_inconnu
2020-05-05_WILL-ROGER-DOWNS-USA_R5C3,statut_inconnu
2020-05-05_WILL-ROGER-DOWNS-USA_R5C4,statut_inconnu
2020-05-05_WILL-ROGER-DOWNS-USA_R5C5,statut_inconnu
2020-05-05_WILL-ROGER-DOWNS-USA_R5C6,statut_inconnu
2020-05-05_WILL-ROGER-DOWNS-USA_R5C7,statut_inconnu
2020-05-07_GULFSTREAM-PARK_R5C1,statut_inconnu
2020-05-07_GULFSTREAM-PARK_R5C2,statut_inconnu
2020-05-07_GULFSTREAM-PARK_R5C3,statut_inconnu
2020-05-07_GULFSTREAM-PARK_R5C4,statut_inconnu
2020-05-07_GULFSTREAM-PARK_R5C6,statut_inconnu
2020-05-07_GULFSTREAM-PARK_R5C7,statut_inconnu
2020-05-07_GULFSTREAM-PARK_R5C8,statut_inconnu
2020-05-08_GULFSTREAM-PARK_R6C1,statut_inconnu
2020-05-08_GULFSTREAM-PARK_R6C2,statut_inconnu
2020-05-08_GULFSTREAM-PARK_R6C3,statut_inconnu
2020-05-08_GULFSTREAM-PARK_R6C4,statut_inconnu
2020-05-08_GULFSTREAM-PARK_R6C5,statut_inconnu
2020-05-08_GULFSTREAM-PARK_R6C6,statut_inconnu
2020-05-08_GULFSTREAM-PARK_R6C7,statut_inconnu
2020-05-08_GULFSTREAM-PARK_R6C8,statut_inconnu
2020-05-09_GULFSTREAM-PARK_R6C1,statut_inconnu
2020-05-09_GULFSTREAM-PARK_R6C10,statut_inconnu
2020-05-09_GULFSTREAM-PARK_R6C2,statut_inconnu
2020-05-09_GULFSTREAM-PARK_R6C3,statut_inconnu
2020-05-09_GULFSTREAM-PARK_R6C4,statut_inconnu
2020-05-09_GULFSTREAM-PARK_R6C5,statut_inconnu
2020-05-09_GULFSTREAM-PARK_R6C6,statut_inconnu
2020-05-09_GULFSTREAM-PARK_R6C7,statut_inconnu
2020-05-09_GULFSTREAM-PARK_R6C8,statut_inconnu
2020-05-09_GULFSTREAM-PARK_R6C9,statut_inconnu
2020-05-10_GULFSTREAM-PARK_R5C1,statut_inconnu
2020-05-10_GULFSTREAM-PARK_R5C2,statut_inconnu
2020-05-10_GULFSTREAM-PARK_R5C3,statut_inconnu
2020-05-10_GULFSTREAM-PARK_R5C4,statut_inconnu
2020-05-10_GULFSTREAM-PARK_R5C5,statut_inconnu
2020-05-10_GULFSTREAM-PARK_R5C6,statut_inconnu
2020-05-10_GULFSTREAM-PARK_R5C7,statut_inconnu
2020-05-10_GULFSTREAM-PARK_R5C8,statut_inconnu
2020-05-21_LYON-PARILLY_R4C2,statut_inconnu
2020-05-27_SHA-TIN-(HONG-KONG)_R5C1,statut_inconnu
2020-06-03_SAN-SEBASTIAN_R2C3,statut_inconnu
2020-06-06_BELMONT-PARK_R7C9,statut_inconnu
2020-06-17_ASCOT_R4C6,statut_inconnu
2020-06-20_BELMONT-PARK_R7C10,statut_inconnu
2020-07-03_SAN-SEBASTIAN_R2C1,statut_inconnu
2020-07-05_CHANTILLY_R1C9,statut_inconnu
2020-07-15_HAPPY-VALLEY_R7C5,statut_inconnu
2020-07-26_GUADELOUPE_R8C4,statut_inconnu
2020-08-07_FAIRVIEW_R3C3,statut_inconnu
2020-08-08_SARATOGA_R8C11,statut_inconnu
2020-08-08_SARATOGA_R8C7,statut_inconnu
2020-08-08_SARATOGA_R8C8,statut_inconnu
2020-08-08_SARATOGA_R8C9,statut_inconnu
2020-08-14_LA-TESTE_R4C6,statut_inconnu
2020-08-15_SARATOGA_R7C6,statut_inconnu
2020-08-15_SARATOGA_R7C7,statut_inconnu
2020-08-15_SARATOGA_R7C8,statut_inconnu
2020-08-15_SARATOGA_R7C9,statut_inconnu
2020-08-22_SARATOGA_R7C6,statut_inconnu
2020-08-22_SARATOGA_R7C8,statut_inconnu
2020-08-22_SARATOGA_R7C9,statut_inconnu
2020-08-29_SARATOGA_R7C9,statut_inconnu
2020-09-13_EVREUX_R5C2,statut_inconnu
2020-09-14_AVENCHES_R2C4,statut_inconnu
2020-09-26_BELMONT-PARK_R7C5,statut_inconnu
2020-09-26_BELMONT-PARK_R7C6,statut_inconnu
2020-09-26_BELMONT-PARK_R7C7,statut_inconnu
2020-09-26_BELMONT-PARK_R7C8,statut_inconnu
2020-09-26_NEWMARKET_R6C5,statut_inconnu
2020-10-03_PIMLICO_R7C10,statut_inconnu
2020-10-03_PIMLICO_R7C11,statut_inconnu
2020-10-03_PIMLICO_R7C8,statut_inconnu
2020-10-03_PIMLICO_R7C9,statut_inconnu
2020-10-08_VAAL_R2C1,statut_inconnu
2020-10-10_SAINT-BRIEUC_R9C2,statut_inconnu
2020-10-17_GULFSTREAM-WEST-USA_R7C10,statut_inconnu
2020-10-17_GULFSTREAM-WEST-USA_R7C6,statut_inconnu
2020-10-17_GULFSTREAM-WEST-USA_R7C7,statut_inconnu
2020-10-17_GULFSTREAM-WEST-USA_R7C8,statut_inconnu
2020-10-17_GULFSTREAM-WEST-USA_R7C9,statut_inconnu
2020-10-23_BELMONT-PARK_R5C10,statut_inconnu
2020-10-23_BELMONT-PARK_R5C5,statut_inconnu
2020-10-23_BELMONT-PARK_R5C6,statut_inconnu
2020-10-23_BELMONT-PARK_R5C7,statut_inconnu
2020-10-23_BELMONT-PARK_R5C9,statut_inconnu
2020-10-28_HAPPY-VALLEY_R2C7,statut_inconnu
2020-10-30_AMIENS_R5C1,statut_inconnu
2020-10-30_AMIENS_R5C2,statut_inconnu
2020-10-30_BELMONT-PARK_R6C10,statut_inconnu
2020-10-30_BELMONT-PARK_R6C7,statut_inconnu
2020-10-30_BELMONT-PARK_R6C8,statut_inconnu
2020-10-30_BELMONT-PARK_R6C9,statut_inconnu
2020-10-30_SAINT-CLOUD_R4C5,statut_inconnu
2020-10-30_SAINT-CLOUD_R4C6,statut_inconnu
2020-10-30_SAINT-CLOUD_R4C7,statut_inconnu
2020-10-30_SAINT-CLOUD_R4C8,statut_inconnu
2020-11-06_KEENELAND_R6C10,statut_inconnu
2020-11-06_KEENELAND_R6C5,statut_inconnu
2020-11-06_KEENELAND_R6C6,statut_inconnu
2020-11-06_KEENELAND_R6C7,statut_inconnu
2020-11-06_KEENELAND_R6C8,statut_inconnu
2020-11-06_KEENELAND_R6C9,statut_inconnu
2020-11-07_KEENELAND_R5C1,statut_inconnu
2020-11-07_KEENELAND_R5C10,statut_inconnu
2020-11-07_KEENELAND_R5C11,statut_inconnu
2020-11-07_KEENELAND_R5C12,statut_inconnu
2020-11-07_KEENELAND_R5C2,statut_inconnu
2020-11-07_KEENELAND_R5C3,statut_inconnu
2020-11-07_KEENELAND_R5C4,statut_inconnu
2020-11-07_KEENELAND_R5C5,statut_inconnu
2020-11-07_KEENELAND_R5C6,statut_inconnu
2020-11-07_KEENELAND_R5C7,statut_inconnu
2020-11-07_KEENELAND_R5C8,statut_inconnu
2020-11-07_KEENELAND_R5C9,statut_inconnu
2020-11-11_HAPPY-VALLEY_R6C1,statut_inconnu
2020-11-11_HAPPY-VALLEY_R6C5,statut_inconnu
2020-11-13_GULFSTREAM-WEST-USA_R7C5,statut_inconnu
2020-11-13_GULFSTREAM-WEST-USA_R7C6,statut_inconnu
2020-11-13_GULFSTREAM-WEST-USA_R7C9,statut_inconnu
2020-11-14_GULFSTREAM-WEST-USA_R6C7,statut_inconnu
2020-11-14_GULFSTREAM-WEST-USA_R6C9,statut_inconnu
2020-11-19_GULFSTREAM-WEST-USA_R7C5,statut_inconnu
2020-11-19_GULFSTREAM-WEST-USA_R7C6,statut_inconnu
2020-11-19_GULFSTREAM-WEST-USA_R7C8,statut_inconnu
2020-11-20_GULFSTREAM-WEST-USA_R6C5,statut_inconnu
2020-11-20_GULFSTREAM-WEST-USA_R6C6,statut_inconnu
2020-11-20_GULFSTREAM-WEST-USA_R6C7,statut_inconnu
2020-11-20_GULFSTREAM-WEST-USA_R6C8,statut_inconnu
2020-11-20_GULFSTREAM-WEST-USA_R6C9,statut_inconnu
2020-11-21_AQUEDUCT_R7C10,statut_inconnu
2020-11-21_AQUEDUCT_R7C7,statut_inconnu
2020-11-21_AQUEDUCT_R7C8,statut_inconnu
2020-11-21_AQUEDUCT_R7C9,statut_inconnu
2020-11-24_DEAUVILLE_R1C3,statut_inconnu
2020-11-24_DEAUVILLE_R1C4,statut_inconnu
2020-11-24_DEAUVILLE_R1C5,statut_inconnu
2020-11-24_DEAUVILLE_R1C6,statut_inconnu
2020-11-24_DEAUVILLE_R1C7,statut_inconnu
2020-11-24_DEAUVILLE_R1C8,statut_inconnu
2020-11-26_CONCEPCION_R5C6,statut_inconnu
2020-11-27_GULFSTREAM-WEST-USA_R6C9,statut_inconnu
2020-11-28_AQUEDUCT_R5C4,statut_inconnu
2020-11-28_AQUEDUCT_R5C5,statut_inconnu
2020-11-28_AQUEDUCT_R5C6,statut_inconnu
2020-11-28_AQUEDUCT_R5C7,statut_inconnu
2020-11-28_AQUEDUCT_R5C8,statut_inconnu
2020-12-02_HAPPY-VALLEY_R2C5,statut_inconnu
2020-12-03_GULFSTREAM-PARK_R8C10,statut_inconnu
2020-12-03_GULFSTREAM-PARK_R8C5,statut_inconnu
2020-12-03_GULFSTREAM-PARK_R8C7,statut_inconnu
2020-12-03_GULFSTREAM-PARK_R8C8,statut_inconnu
2020-12-03_GULFSTREAM-PARK_R8C9,statut_inconnu
2020-12-04_GULFSTREAM-PARK_R6C10,statut_inconnu
2020-12-04_GULFSTREAM-PARK_R6C5,statut_inconnu
2020-12-04_GULFSTREAM-PARK_R6C6,statut_inconnu
2020-12-04_GULFSTREAM-PARK_R6C7,statut_inconnu
2020-12-04_GULFSTREAM-PARK_R6C8,statut_inconnu
2020-12-04_GULFSTREAM-PARK_R6C9,statut_inconnu
2020-12-05_AQUEDUCT_R6C10,statut_inconnu
2020-12-05_AQUEDUCT_R6C7,statut_inconnu
2020-12-05_AQUEDUCT_R6C8,statut_inconnu
2020-12-05_AQUEDUCT_R6C9,statut_inconnu
2020-12-10_GULFSTREAM-PARK_R7C10,statut_inconnu
2020-12-10_GULFSTREAM-PARK_R7C6,statut_inconnu
2020-12-10_GULFSTREAM-PARK_R7C7,statut_inconnu
2020-12-10_GULFSTREAM-PARK_R7C8,statut_inconnu
2020-12-10_GULFSTREAM-PARK_R7C9,statut_inconnu
2020-12-11_GULFSTREAM-PARK_R6C10,statut_inconnu
2020-12-11_GULFSTREAM-PARK_R6C5,statut_inconnu
2020-12-11_GULFSTREAM-PARK_R6C6,statut_inconnu
2020-12-11_GULFSTREAM-PARK_R6C7,statut_inconnu
2020-12-11_GULFSTREAM-PARK_R6C8,statut_inconnu
2020-12-11_GULFSTREAM-PARK_R6C9,statut_inconnu
2020-12-12_GULFSTREAM-PARK_R6C10,statut_inconnu
2020-12-12_GULFSTREAM-PARK_R6C6,statut_inconnu
2020-12-12_GULFSTREAM-PARK_R6C7,statut_inconnu
2020-12-12_GULFSTREAM-PARK_R6C8,statut_inconnu
2020-12-12_GULFSTREAM-PARK_R6C9,statut_inconnu
2020-12-17_DEAUVILLE_R1C10,triple_ex_aequo
2020-12-17_GULFSTREAM-PARK_R8C10,statut_inconnu
2020-12-17_GULFSTREAM-PARK_R8C8,statut_inconnu
2020-12-17_GULFSTREAM-PARK_R8C9,statut_inconnu
2020-12-18_GULFSTREAM-PARK_R6C10,statut_inconnu
2020-12-18_GULFSTREAM-PARK_R6C9,statut_inconnu
2020-12-19_GULFSTREAM-PARK_R6C10,statut_inconnu
2020-12-19_GULFSTREAM-PARK_R6C11,statut_inconnu
2020-12-19_GULFSTREAM-PARK_R6C7,statut_inconnu
2020-12-19_GULFSTREAM-PARK_R6C8,statut_inconnu
2020-12-19_GULFSTREAM-PARK_R6C9,statut_inconnu
2021-01-07_GULFSTREAM-PARK_R7C10,statut_inconnu
2021-01-07_GULFSTREAM-PARK_R7C5,statut_inconnu
2021-01-07_GULFSTREAM-PARK_R7C7,statut_inconnu
2021-01-07_GULFSTREAM-PARK_R7C8,statut_inconnu
2021-01-07_GULFSTREAM-PARK_R7C9,statut_inconnu
2021-01-08_GULFSTREAM-PARK_R5C10,statut_inconnu
2021-01-08_GULFSTREAM-PARK_R5C5,statut_inconnu
2021-01-08_GULFSTREAM-PARK_R5C9,statut_inconnu
2021-01-09_GULFSTREAM-PARK_R6C10,statut_inconnu
2021-01-09_GULFSTREAM-PARK_R6C11,statut_inconnu
2021-01-09_GULFSTREAM-PARK_R6C6,statut_inconnu
2021-01-09_GULFSTREAM-PARK_R6C7,statut_inconnu
2021-01-09_GULFSTREAM-PARK_R6C8,statut_inconnu
2021-01-09_GULFSTREAM-PARK_R6C9,statut_inconnu
2021-01-14_GULFSTREAM-PARK_R7C10,statut_inconnu
2021-01-14_GULFSTREAM-PARK_R7C7,statut_inconnu
2021-01-14_GULFSTREAM-PARK_R7C8,statut_inconnu
2021-01-14_GULFSTREAM-PARK_R7C9,statut_inconnu
2021-01-15_GULFSTREAM-PARK_R6C10,statut_inconnu
2021-01-15_GULFSTREAM-PARK_R6C4,statut_inconnu
2021-01-15_GULFSTREAM-PARK_R6C5,statut_inconnu
2021-01-15_GULFSTREAM-PARK_R6C6,statut_inconnu
2021-01-15_GULFSTREAM-PARK_R6C7,statut_inconnu
2021-01-15_GULFSTREAM-PARK_R6C8,statut_inconnu
2021-01-15_GULFSTREAM-PARK_R6C9,statut_inconnu
2021-01-16_GULFSTREAM-PARK_R6C10,statut_inconnu
2021-01-16_GULFSTREAM-PARK_R6C11,statut_inconnu
2021-01-16_GULFSTREAM-PARK_R6C12,statut_inconnu
2021-01-16_GULFSTREAM-PARK_R6C7,statut_inconnu
2021-01-16_GULFSTREAM-PARK_R6C8,statut_inconnu
2021-01-16_GULFSTREAM-PARK_R6C9,statut_inconnu
2021-01-21_CHILE_R8C7,statut_inconnu
2021-01-21_GULFSTREAM-PARK_R7C10,statut_inconnu
2021-01-21_GULFSTREAM-PARK_R7C3,statut_inconnu
2021-01-21_GULFSTREAM-PARK_R7C5,statut_inconnu
2021-01-21_GULFSTREAM-PARK_R7C7,statut_inconnu
2021-01-21_GULFSTREAM-PARK_R7C8,statut_inconnu
2021-01-21_GULFSTREAM-PARK_R7C9,statut_inconnu
2021-01-22_GULFSTREAM-PARK_R6C1,statut_inconnu
2021-01-22_GULFSTREAM-PARK_R6C10,statut_inconnu
2021-01-22_GULFSTREAM-PARK_R6C3,statut_inconnu
2021-01-22_GULFSTREAM-PARK_R6C4,statut_inconnu
2021-01-22_GULFSTREAM-PARK_R6C5,statut_inconnu
2021-01-22_GULFSTREAM-PARK_R6C7,statut_inconnu
2021-01-22_GULFSTREAM-PARK_R6C8,statut_inconnu
2021-01-22_GULFSTREAM-PARK_R6C9,statut_inconnu
2021-01-23_GULFSTREAM-PARK_R6C10,statut_inconnu
2021-01-23_GULFSTREAM-PARK_R6C11,statut_inconnu
2021-01-23_GULFSTREAM-PARK_R6C12,statut_inconnu
2021-01-23_GULFSTREAM-PARK_R6C5,statut_inconnu
2021-01-23_GULFSTREAM-PARK_R6C6,statut_inconnu
2021-01-23_GULFSTREAM-PARK_R6C7,statut_inconnu
2021-01-23_GULFSTREAM-PARK_R6C8,statut_inconnu
2021-01-23_GULFSTREAM-PARK_R6C9,statut_inconnu
2021-01-28_GULFSTREAM-PARK_R7C10,statut_inconnu
2021-01-28_GULFSTREAM-PARK_R7C3,statut_inconnu
2021-01-28_GULFSTREAM-PARK_R7C4,statut_inconnu
2021-01-28_GULFSTREAM-PARK_R7C5,statut_inconnu
2021-01-28_GULFSTREAM-PARK_R7C6,statut_inconnu
2021-01-28_GULFSTREAM-PARK_R7C7,statut_inconnu
2021-01-28_GULFSTREAM-PARK_R7C8,statut_inconnu
2021-01-28_GULFSTREAM-PARK_R7C9,statut_inconnu
2021-01-29_GULFSTREAM-PARK_R5C10,statut_inconnu
2021-01-29_GULFSTREAM-PARK_R5C3,statut_inconnu
2021-01-29_GULFSTREAM-PARK_R5C4,statut_inconnu
2021-01-29_GULFSTREAM-PARK_R5C5,statut_inconnu
2021-01-29_GULFSTREAM-PARK_R5C6,statut_inconnu
2021-01-29_GULFSTREAM-PARK_R5C7,statut_inconnu
2021-01-29_GULFSTREAM-PARK_R5C8,statut_inconnu
2021-01-29_GULFSTREAM-PARK_R5C9,statut_inconnu
2021-01-30_GULFSTREAM-PARK_R6C10,statut_inconnu
2021-01-30_GULFSTREAM-PARK_R6C11,statut_inconnu
2021-01-30_GULFSTREAM-PARK_R6C12,statut_inconnu
2021-01-30_GULFSTREAM-PARK_R6C5,statut_inconnu
2021-01-30_GULFSTREAM-PARK_R6C7,statut_inconnu
2021-01-30_GULFSTREAM-PARK_R6C8,statut_inconnu
2021-01-30_GULFSTREAM-PARK_R6C9,statut_inconnu
2021-01-30_SAN-ISIDRO_R5C6,statut_inconnu
2021-02-04_GULFSTREAM-PARK_R7C10,statut_inconnu
2021-02-04_GULFSTREAM-PARK_R7C3,statut_inconnu
2021-02-04_GULFSTREAM-PARK_R7C5,statut_inconnu
2021-02-04_GULFSTREAM-PARK_R7C6,statut_inconnu
2021-02-04_GULFSTREAM-PARK_R7C7,statut_inconnu
2021-02-04_GULFSTREAM-PARK_R7C8,statut_inconnu
2021-02-05_GULFSTREAM-PARK_R6C1,statut_inconnu
2021-02-05_GULFSTREAM-PARK_R6C10,statut_inconnu
2021-02-05_GULFSTREAM-PARK_R6C2,statut_inconnu
2021-02-05_GULFSTREAM-PARK_R6C3,statut_inconnu
2021-02-05_GULFSTREAM-PARK_R6C5,statut_inconnu
2021-02-05_GULFSTREAM-PARK_R6C7,statut_inconnu
2021-02-05_GULFSTREAM-PARK_R6C8,statut_inconnu
2021-02-05_GULFSTREAM-PARK_R6C9,statut_inconnu
2021-02-06_GULFSTREAM-PARK_R6C10,statut_inconnu
2021-02-06_GULFSTREAM-PARK_R6C12,statut_inconnu
2021-02-06_GULFSTREAM-PARK_R6C4,statut_inconnu
2021-02-06_GULFSTREAM-PARK_R6C6,statut_inconnu
2021-02-06_GULFSTREAM-PARK_R6C7,statut_inconnu
2021-02-06_GULFSTREAM-PARK_R6C9,statut_inconnu
2021-02-11_GULFSTREAM-PARK_R7C10,statut_inconnu
2021-02-11_GULFSTREAM-PARK_R7C2,statut_inconnu
2021-02-11_GULFSTREAM-PARK_R7C3,statut_inconnu
2021-02-11_GULFSTREAM-PARK_R7C4,statut_inconnu
2021-02-11_GULFSTREAM-PARK_R7C5,statut_inconnu
2021-02-11_GULFSTREAM-PARK_R7C7,statut_inconnu
2021-02-11_GULFSTREAM-PARK_R7C8,statut_inconnu
2021-02-11_GULFSTREAM-PARK_R7C9,statut_inconnu
2021-02-12_GULFSTREAM-PARK_R6C1,statut_inconnu
2021-02-12_GULFSTREAM-PARK_R6C10,statut_inconnu
2021-02-12_GULFSTREAM-PARK_R6C2,statut_inconnu
2021-02-12_GULFSTREAM-PARK_R6C3,statut_inconnu
2021-02-12_GULFSTREAM-PARK_R6C4,statut_inconnu
2021-02-12_GULFSTREAM-PARK_R6C5,statut_inconnu
2021-02-12_GULFSTREAM-PARK_R6C6,statut_inconnu
2021-02-12_GULFSTREAM-PARK_R6C7,statut_inconnu
2021-02-12_GULFSTREAM-PARK_R6C8,statut_inconnu
2021-02-12_GULFSTREAM-PARK_R6C9,statut_inconnu
2021-02-13_GULFSTREAM-PARK_R6C10,statut_inconnu
2021-02-13_GULFSTREAM-PARK_R6C12,statut_inconnu
2021-02-13_GULFSTREAM-PARK_R6C4,statut_inconnu
2021-02-13_GULFSTREAM-PARK_R6C5,statut_inconnu
2021-02-13_GULFSTREAM-PARK_R6C6,statut_inconnu
2021-02-13_GULFSTREAM-PARK_R6C7,statut_inconnu
2021-02-13_GULFSTREAM-PARK_R6C8,statut_inconnu
2021-02-13_GULFSTREAM-PARK_R6C9,statut_inconnu
2021-02-15_SANTIAGO_R7C1,statut_inconnu
2021-02-18_GULFSTREAM-PARK_R8C10,statut_inconnu
2021-02-18_GULFSTREAM-PARK_R8C7,statut_inconnu
2021-02-18_GULFSTREAM-PARK_R8C8,statut_inconnu
2021-02-18_GULFSTREAM-PARK_R8C9,statut_inconnu
2021-02-19_GULFSTREAM-PARK_R7C3,statut_inconnu
2021-02-19_GULFSTREAM-PARK_R7C4,statut_inconnu
2021-02-19_GULFSTREAM-PARK_R7C5,statut_inconnu
2021-02-19_GULFSTREAM-PARK_R7C7,statut_inconnu
2021-02-19_GULFSTREAM-PARK_R7C8,statut_inconnu
2021-02-19_GULFSTREAM-PARK_R7C9,statut_inconnu
2021-02-20_GULFSTREAM-PARK_R6C10,statut_inconnu
2021-02-20_GULFSTREAM-PARK_R6C11,statut_inconnu
2021-02-20_GULFSTREAM-PARK_R6C12,statut_inconnu
2021-02-20_GULFSTREAM-PARK_R6C3,statut_inconnu
2021-02-20_GULFSTREAM-PARK_R6C5,statut_inconnu
2021-02-20_GULFSTREAM-PARK_R6C7,statut_inconnu
2021-02-20_GULFSTREAM-PARK_R6C8,statut_inconnu
2021-02-20_GULFSTREAM-PARK_R6C9,statut_inconnu
2021-02-25_GULFSTREAM-PARK_R7C10,statut_inconnu
2021-02-25_GULFSTREAM-PARK_R7C7,statut_inconnu
2021-02-25_GULFSTREAM-PARK_R7C8,statut_inconnu
2021-02-25_GULFSTREAM-PARK_R7C9,statut_inconnu
2021-02-26_GULFSTREAM-PARK_R6C1,statut_inconnu
2021-02-26_GULFSTREAM-PARK_R6C10,statut_inconnu
2021-02-26_GULFSTREAM-PARK_R6C2,statut_inconnu
2021-02-26_GULFSTREAM-PARK_R6C3,statut_inconnu
2021-02-26_GULFSTREAM-PARK_R6C5,statut_inconnu
2021-02-26_GULFSTREAM-PARK_R6C6,statut_inconnu
2021-02-26_GULFSTREAM-PARK_R6C7,statut_inconnu
2021-02-26_GULFSTREAM-PARK_R6C8,statut_inconnu
2021-02-27_GULFSTREAM-PARK_R6C10,statut_inconnu
2021-02-27_GULFSTREAM-PARK_R6C11,statut_inconnu
2021-02-27_GULFSTREAM-PARK_R6C12,statut_inconnu
2021-02-27_GULFSTREAM-PARK_R6C3,statut_inconnu
2021-02-27_GULFSTREAM-PARK_R6C4,statut_inconnu
2021-02-27_GULFSTREAM-PARK_R6C5,statut_inconnu
2021-02-27_GULFSTREAM-PARK_R6C6,statut_inconnu
2021-02-27_GULFSTREAM-PARK_R6C8,statut_inconnu
2021-02-27_GULFSTREAM-PARK_R6C9,statut_inconnu
2021-02-28_NIMES_R8C7,statut_inconnu
2021-03-04_GULFSTREAM-PARK_R6C10,statut_inconnu
2021-03-04_GULFSTREAM-PARK_R6C5,statut_inconnu
2021-03-04_GULFSTREAM-PARK_R6C7,statut_inconnu
2021-03-04_GULFSTREAM-PARK_R6C8,statut_inconnu
2021-03-04_GULFSTREAM-PARK_R6C9,statut_inconnu
2021-03-06_CHILE_R5C3,statut_inconnu
2021-03-06_GULFSTREAM-PARK_R7C10,statut_inconnu
2021-03-06_GULFSTREAM-PARK_R7C11,statut_inconnu
2021-03-06_GULFSTREAM-PARK_R7C12,statut_inconnu
2021-03-06_GULFSTREAM-PARK_R7C4,statut_inconnu
2021-03-06_GULFSTREAM-PARK_R7C5,statut_inconnu
2021-03-06_GULFSTREAM-PARK_R7C6,statut_inconnu
2021-03-06_GULFSTREAM-PARK_R7C7,statut_inconnu
2021-03-06_GULFSTREAM-PARK_R7C8,statut_inconnu
2021-03-11_CHILE_R8C5,statut_inconnu
2021-03-11_GULFSTREAM-PARK_R7C10,statut_inconnu
2021-03-11_GULFSTREAM-PARK_R7C2,statut_inconnu
2021-03-11_GULFSTREAM-PARK_R7C3,statut_inconnu
2021-03-11_GULFSTREAM-PARK_R7C4,statut_inconnu
2021-03-11_GULFSTREAM-PARK_R7C5,statut_inconnu
2021-03-11_GULFSTREAM-PARK_R7C6,statut_inconnu
2021-03-11_GULFSTREAM-PARK_R7C9,statut_inconnu
2021-03-12_GULFSTREAM-PARK_R7C10,statut_inconnu
2021-03-12_GULFSTREAM-PARK_R7C3,statut_inconnu
2021-03-12_GULFSTREAM-PARK_R7C5,statut_inconnu
2021-03-12_GULFSTREAM-PARK_R7C7,statut_inconnu
2021-03-12_GULFSTREAM-PARK_R7C8,statut_inconnu
2021-03-12_GULFSTREAM-PARK_R7C9,statut_inconnu
2021-03-13_GULFSTREAM-PARK_R6C10,statut_inconnu
2021-03-13_GULFSTREAM-PARK_R6C11,statut_inconnu
2021-03-13_GULFSTREAM-PARK_R6C12,statut_inconnu
2021-03-13_GULFSTREAM-PARK_R6C3,statut_inconnu
2021-03-13_GULFSTREAM-PARK_R6C5,statut_inconnu
2021-03-13_GULFSTREAM-PARK_R6C7,statut_inconnu
2021-03-13_GULFSTREAM-PARK_R6C8,statut_inconnu
2021-03-13_GULFSTREAM-PARK_R6C9,statut_inconnu
2021-03-18_GULFSTREAM-PARK_R7C10,statut_inconnu
2021-03-18_GULFSTREAM-PARK_R7C5,statut_inconnu
2021-03-18_GULFSTREAM-PARK_R7C7,statut_inconnu
2021-03-18_GULFSTREAM-PARK_R7C8,statut_inconnu
2021-03-19_SAN-ISIDRO_R7C5,statut_inconnu
2021-03-20_GULFSTREAM-PARK_R6C10,statut_inconnu
2021-03-20_GULFSTREAM-PARK_R6C11,statut_inconnu
2021-03-20_GULFSTREAM-PARK_R6C12,statut_inconnu
2021-03-20_GULFSTREAM-PARK_R6C5,statut_inconnu
2021-03-20_GULFSTREAM-PARK_R6C6,statut_inconnu
2021-03-20_GULFSTREAM-PARK_R6C7,statut_inconnu
2021-03-20_GULFSTREAM-PARK_R6C8,statut_inconnu
2021-03-20_GULFSTREAM-PARK_R6C9,statut_inconnu
2021-03-24_LE-CROISE-LAROCHE_R4C4,statut_inconnu
2021-03-25_GULFSTREAM-PARK_R6C10,statut_inconnu
2021-03-25_GULFSTREAM-PARK_R6C3,statut_inconnu
2021-03-25_GULFSTREAM-PARK_R6C4,statut_inconnu
2021-03-25_GULFSTREAM-PARK_R6C5,statut_inconnu
2021-03-25_GULFSTREAM-PARK_R6C7,statut_inconnu
2021-03-25_GULFSTREAM-PARK_R6C8,statut_inconnu
2021-03-25_GULFSTREAM-PARK_R6C9,statut_inconnu
2021-03-26_GULFSTREAM-PARK_R7C10,statut_inconnu
2021-03-26_GULFSTREAM-PARK_R7C3,statut_inconnu
2021-03-26_GULFSTREAM-PARK_R7C4,statut_inconnu
2021-03-26_GULFSTREAM-PARK_R7C5,statut_inconnu
2021-03-26_GULFSTREAM-PARK_R7C7,statut_inconnu
2021-03-26_GULFSTREAM-PARK_R7C8,statut_inconnu
2021-03-26_GULFSTREAM-PARK_R7C9,statut_inconnu
2021-03-27_GULFSTREAM-PARK_R6C10,statut_inconnu
2021-03-27_GULFSTREAM-PARK_R6C11,statut_inconnu
2021-03-27_GULFSTREAM-PARK_R6C12,statut_inconnu
2021-03-27_GULFSTREAM-PARK_R6C4,statut_inconnu
2021-03-27_GULFSTREAM-PARK_R6C5,statut_inconnu
2021-03-27_GULFSTREAM-PARK_R6C6,statut_inconnu
2021-03-27_GULFSTREAM-PARK_R6C7,statut_inconnu
2021-03-27_GULFSTREAM-PARK_R6C8,statut_inconnu
2021-03-27_GULFSTREAM-PARK_R6C9,statut_inconnu
2021-04-02_GULFSTREAM-PARK_R7C3,statut_inconnu
2021-04-02_GULFSTREAM-PARK_R7C4,statut_inconnu
2021-04-02_GULFSTREAM-PARK_R7C5,statut_inconnu
2021-04-02_GULFSTREAM-PARK_R7C6,statut_inconnu
2021-04-02_GULFSTREAM-PARK_R7C7,statut_inconnu
2021-04-02_GULFSTREAM-PARK_R7C8,statut_inconnu
2021-04-02_GULFSTREAM-PARK_R7C9,statut_inconnu
2021-04-03_GULFSTREAM-PARK_R6C10,statut_inconnu
2021-04-03_GULFSTREAM-PARK_R6C11,statut_inconnu
2021-04-03_GULFSTREAM-PARK_R6C6,statut_inconnu
2021-04-03_GULFSTREAM-PARK_R6C7,statut_inconnu
2021-04-03_GULFSTREAM-PARK_R6C8,statut_inconnu
2021-04-03_GULFSTREAM-PARK_R6C9,statut_inconnu
2021-04-09_GULFSTREAM-PARK_R7C2,statut_inconnu
2021-04-09_GULFSTREAM-PARK_R7C4,statut_inconnu
2021-04-09_GULFSTREAM-PARK_R7C5,statut_inconnu
2021-04-09_GULFSTREAM-PARK_R7C6,statut_inconnu
2021-04-09_GULFSTREAM-PARK_R7C7,statut_inconnu
2021-04-09_GULFSTREAM-PARK_R7C8,statut_inconnu
2021-04-09_GULFSTREAM-PARK_R7C9,statut_inconnu
2021-04-10_GULFSTREAM-PARK_R6C10,statut_inconnu
2021-04-10_GULFSTREAM-PARK_R6C2,statut_inconnu
2021-04-10_GULFSTREAM-PARK_R6C3,statut_inconnu
2021-04-10_GULFSTREAM-PARK_R6C5,statut_inconnu
2021-04-10_GULFSTREAM-PARK_R6C7,statut_inconnu
2021-04-10_GULFSTREAM-PARK_R6C8,statut_inconnu
2021-04-10_GULFSTREAM-PARK_R6C9,statut_inconnu
2021-04-16_GULFSTREAM-PARK_R7C4,statut_inconnu
2021-04-16_GULFSTREAM-PARK_R7C5,statut_inconnu
2021-04-16_GULFSTREAM-PARK_R7C6,statut_inconnu
2021-04-16_GULFSTREAM-PARK_R7C7,statut_inconnu
2021-04-16_GULFSTREAM-PARK_R7C8,statut_inconnu
2021-04-16_GULFSTREAM-PARK_R7C9,statut_inconnu
2021-04-16_MONS-(GHLIN)_R2C3,statut_inconnu
2021-04-17_GULFSTREAM-PARK_R6C4,statut_inconnu
2021-04-17_GULFSTREAM-PARK_R6C5,statut_inconnu
2021-04-17_GULFSTREAM-PARK_R6C6,statut_inconnu
2021-04-17_GULFSTREAM-PARK_R6C7,statut_inconnu
2021-04-17_GULFSTREAM-PARK_R6C8,statut_inconnu
2021-04-17_GULFSTREAM-PARK_R6C9,statut_inconnu
2021-04-23_GULFSTREAM-PARK_R7C1,statut_inconnu
2021-04-23_GULFSTREAM-PARK_R7C2,statut_inconnu
2021-04-23_GULFSTREAM-PARK_R7C4,statut_inconnu
2021-04-23_GULFSTREAM-PARK_R7C5,statut_inconnu
2021-04-23_GULFSTREAM-PARK_R7C6,statut_inconnu
2021-04-23_GULFSTREAM-PARK_R7C7,statut_inconnu
2021-04-23_GULFSTREAM-PARK_R7C8,statut_inconnu
2021-04-23_GULFSTREAM-PARK_R7C9,statut_inconnu
2021-04-24_GULFSTREAM-PARK_R6C10,statut_inconnu
2021-04-24_GULFSTREAM-PARK_R6C11,statut_inconnu
2021-04-24_GULFSTREAM-PARK_R6C4,statut_inconnu
2021-04-24_GULFSTREAM-PARK_R6C5,statut_inconnu
2021-04-24_GULFSTREAM-PARK_R6C6,statut_inconnu
2021-04-24_GULFSTREAM-PARK_R6C7,statut_inconnu
2021-04-24_GULFSTREAM-PARK_R6C9,statut_inconnu
2021-04-26_WINDSOR_R5C4,statut_inconnu
2021-05-01_GULFSTREAM-PARK_R7C11,statut_inconnu
2021-05-01_GULFSTREAM-PARK_R7C5,statut_inconnu
2021-05-01_GULFSTREAM-PARK_R7C7,statut_inconnu
2021-05-01_GULFSTREAM-PARK_R7C9,statut_inconnu
2021-05-03_VALPARAISO_R6C2,statut_inconnu
2021-05-07_GULFSTREAM-PARK_R7C4,statut_inconnu
2021-05-07_GULFSTREAM-PARK_R7C5,statut_inconnu
2021-05-07_GULFSTREAM-PARK_R7C6,statut_inconnu
2021-05-07_GULFSTREAM-PARK_R7C7,statut_inconnu
2021-05-07_GULFSTREAM-PARK_R7C8,statut_inconnu
2021-05-07_GULFSTREAM-PARK_R7C9,statut_inconnu
2021-05-08_GULFSTREAM-PARK_R7C10,statut_inconnu
2021-05-08_GULFSTREAM-PARK_R7C11,statut_inconnu
2021-05-08_GULFSTREAM-PARK_R7C4,statut_inconnu
2021-05-08_GULFSTREAM-PARK_R7C5,statut_inconnu
2021-05-08_GULFSTREAM-PARK_R7C7,statut_inconnu
2021-05-08_GULFSTREAM-PARK_R7C8,statut_inconnu
2021-05-08_GULFSTREAM-PARK_R7C9,statut_inconnu
2021-05-14_GULFSTREAM-PARK_R7C10,statut_inconnu
2021-05-14_GULFSTREAM-PARK_R7C2,statut_inconnu
2021-05-14_GULFSTREAM-PARK_R7C4,statut_inconnu
2021-05-14_GULFSTREAM-PARK_R7C5,statut_inconnu
2021-05-14_GULFSTREAM-PARK_R7C6,statut_inconnu
2021-05-14_GULFSTREAM-PARK_R7C8,statut_inconnu
2021-05-15_PIMLICO_R7C10,statut_inconnu
2021-05-15_PIMLICO_R7C11,statut_inconnu
2021-05-15_PIMLICO_R7C12,statut_inconnu
2021-05-15_PIMLICO_R7C6,statut_inconnu
2021-05-15_PIMLICO_R7C7,statut_inconnu
2021-05-15_PIMLICO_R7C8,statut_inconnu
2021-05-15_PIMLICO_R7C9,statut_inconnu
2021-05-21_GULFSTREAM-PARK_R7C5,statut_inconnu
2021-05-21_GULFSTREAM-PARK_R7C6,statut_inconnu
2021-05-21_GULFSTREAM-PARK_R7C7,statut_inconnu
2021-05-21_GULFSTREAM-PARK_R7C8,statut_inconnu
2021-05-21_GULFSTREAM-PARK_R7C9,statut_inconnu
2021-06-04_GULFSTREAM-PARK_R7C3,statut_inconnu
2021-06-04_GULFSTREAM-PARK_R7C4,statut_inconnu
2021-06-04_GULFSTREAM-PARK_R7C5,statut_inconnu
2021-06-04_GULFSTREAM-PARK_R7C6,statut_inconnu
2021-06-04_GULFSTREAM-PARK_R7C7,statut_inconnu
2021-06-05_BELMONT-PARK_R7C10,statut_inconnu
2021-06-05_BELMONT-PARK_R7C11,statut_inconnu
2021-06-05_BELMONT-PARK_R7C6,statut_inconnu
2021-06-05_BELMONT-PARK_R7C8,statut_inconnu
2021-06-16_ASCOT_R6C5,statut_inconnu
2021-06-16_ASCOT_R6C6,statut_inconnu
2021-06-17_ASCOT_R5C3,statut_inconnu
2021-06-17_ASCOT_R5C4,statut_inconnu
2021-06-17_ASCOT_R5C5,statut_inconnu
2021-06-17_ASCOT_R5C6,statut_inconnu
2021-06-17_ASCOT_R5C7,statut_inconnu
2021-06-19_ASCOT_R6C2,statut_inconnu
2021-06-22_CONCEPCION_R6C4,statut_inconnu
2021-07-18_HOPPEGARTEN_R2C4,statut_inconnu
2021-07-23_VICHY_R4C7,statut_inconnu
2021-07-24_CHATEAUBRIANT_R3C3,statut_inconnu
2021-07-24_CHATEAUBRIANT_R3C6,statut_inconnu
2021-07-24_CHATEAUBRIANT_R3C7,statut_inconnu
2021-07-25_GUADELOUPE_R8C5,statut_inconnu
2021-07-30_LE-TOUQUET_R5C2,statut_inconnu
2021-07-30_LE-TOUQUET_R5C6,statut_inconnu
2021-07-30_LE-TOUQUET_R5C7,statut_inconnu
2021-07-31_COLOGNE_R2C2,statut_inconnu
2021-07-31_COLOGNE_R2C4,statut_inconnu
2021-07-31_COLOGNE_R2C5,statut_inconnu
2021-07-31_LA-TESTE_R3C5,statut_inconnu
2021-08-02_DIEPPE_R1C8,statut_inconnu
2021-08-21_LE-TOUQUET_R2C1,statut_inconnu
2021-08-28_DEAUVILLE_R1C8,statut_inconnu
2021-09-04_SARATOGA_R6C10,statut_inconnu
2021-09-04_SARATOGA_R6C3,statut_inconnu
2021-09-04_SARATOGA_R6C4,statut_inconnu
2021-09-04_SARATOGA_R6C6,statut_inconnu
2021-09-04_SARATOGA_R6C7,statut_inconnu
2021-09-04_SARATOGA_R6C9,statut_inconnu
2021-09-06_VALPARAISO_R5C8,statut_inconnu
2021-09-19_KALGOORLIE-AUSTRALIE_R7C4,statut_inconnu
2021-09-25_BELMONT-PARK_R7C5,statut_inconnu
2021-09-25_BELMONT-PARK_R7C6,statut_inconnu
2021-09-25_BELMONT-PARK_R7C7,statut_inconnu
2021-09-25_BELMONT-PARK_R7C8,statut_inconnu
2021-09-25_BELMONT-PARK_R7C9,statut_inconnu
2021-10-07_CONCEPCION_R6C4,statut_inconnu
2021-10-09_BELMONT-PARK_R7C10,statut_inconnu
2021-10-09_BELMONT-PARK_R7C11,statut_inconnu
2021-10-10_COLOGNE_R2C3,statut_inconnu
2021-10-10_TARBES_R13C1,statut_inconnu
2021-10-10_TARBES_R13C2,statut_inconnu
2021-10-10_TARBES_R13C3,statut_inconnu
2021-10-10_TARBES_R13C4,statut_inconnu
2021-10-10_TARBES_R13C5,statut_inconnu
2021-10-10_TARBES_R13C6,statut_inconnu
2021-10-10_TARBES_R13C7,statut_inconnu
2021-10-10_TARBES_R13C8,statut_inconnu
2021-10-23_BELMONT-PARK_R7C10,statut_inconnu
2021-10-23_BELMONT-PARK_R7C5,statut_inconnu
2021-10-23_BELMONT-PARK_R7C6,statut_inconnu
2021-10-23_BELMONT-PARK_R7C7,statut_inconnu
2021-10-23_BELMONT-PARK_R7C8,statut_inconnu
2021-10-23_BELMONT-PARK_R7C9,statut_inconnu
2021-10-30_BELMONT-PARK_R6C10,statut_inconnu
2021-10-30_BELMONT-PARK_R6C5,statut_inconnu
2021-10-30_BELMONT-PARK_R6C7,statut_inconnu
2021-10-30_BELMONT-PARK_R6C8,statut_inconnu
2021-10-30_BELMONT-PARK_R6C9,statut_inconnu
2021-11-03_DUNDALK_R5C5,statut_inconnu
2021-11-03_DUNDALK_R5C6,statut_inconnu
2021-11-03_DUNDALK_R5C8,statut_inconnu
2021-11-05_DEL-MAR_R6C10,statut_inconnu
2021-11-05_DEL-MAR_R6C5,statut_inconnu
2021-11-05_DEL-MAR_R6C6,statut_inconnu
2021-11-05_DEL-MAR_R6C8,statut_inconnu
2021-11-05_DEL-MAR_R6C9,statut_inconnu
2021-11-06_DEL-MAR_R6C1,statut_inconnu
2021-11-06_DEL-MAR_R6C10,statut_inconnu
2021-11-06_DEL-MAR_R6C11,statut_inconnu
2021-11-06_DEL-MAR_R6C12,statut_inconnu
2021-11-06_DEL-MAR_R6C3,statut_inconnu
2021-11-06_DEL-MAR_R6C5,statut_inconnu
2021-11-06_DEL-MAR_R6C6,statut_inconnu
2021-11-06_DEL-MAR_R6C7,statut_inconnu
2021-11-06_DEL-MAR_R6C8,statut_inconnu
2021-11-06_DEL-MAR_R6C9,statut_inconnu
2021-11-13_AQUEDUCT_R6C10,statut_inconnu
2021-11-13_AQUEDUCT_R6C5,statut_inconnu
2021-11-13_AQUEDUCT_R6C6,statut_inconnu
2021-11-13_AQUEDUCT_R6C7,statut_inconnu
2021-11-13_AQUEDUCT_R6C8,statut_inconnu
2021-11-13_AQUEDUCT_R6C9,statut_inconnu
2021-11-20_AQUEDUCT_R7C10,statut_inconnu
2021-11-20_AQUEDUCT_R7C7,statut_inconnu
2021-11-20_AQUEDUCT_R7C8,statut_inconnu
2021-11-20_AQUEDUCT_R7C9,statut_inconnu
2021-11-21_SHA-TIN-(HONG-KONG)_R6C7,statut_inconnu
2021-11-24_KEMPTON-PARK_R5C4,statut_inconnu
2021-11-27_AQUEDUCT_R6C10,statut_inconnu
2021-11-27_AQUEDUCT_R6C7,statut_inconnu
2021-11-27_AQUEDUCT_R6C9,statut_inconnu
2021-11-27_CHILE_R5C5,statut_inconnu
2021-12-03_NEWCASTLE_R6C2,statut_inconnu
2021-12-03_NEWCASTLE_R6C4,statut_inconnu
2021-12-04_AQUEDUCT_R6C10,statut_inconnu
2021-12-04_AQUEDUCT_R6C7,statut_inconnu
2021-12-04_AQUEDUCT_R6C8,statut_inconnu
2021-12-04_AQUEDUCT_R6C9,statut_inconnu
2021-12-06_PONT-DE-VIVAUX_R4C5,statut_inconnu
2021-12-07_SOUTHWELL_R6C2,statut_inconnu
2021-12-07_SOUTHWELL_R6C5,statut_inconnu
2021-12-07_SOUTHWELL_R6C8,statut_inconnu
2021-12-08_HAPPY-VALLEY_R2C8,statut_inconnu
2021-12-11_GULFSTREAM-PARK_R6C10,statut_inconnu
2021-12-11_GULFSTREAM-PARK_R6C11,statut_inconnu
2021-12-11_GULFSTREAM-PARK_R6C7,statut_inconnu
2021-12-11_GULFSTREAM-PARK_R6C8,statut_inconnu
2021-12-11_GULFSTREAM-PARK_R6C9,statut_inconnu
2021-12-11_SAN-ISIDRO_R5C9,statut_inconnu
2021-12-14_CONCEPCION_R6C4,statut_inconnu
2021-12-18_GULFSTREAM-PARK_R6C10,statut_inconnu
2021-12-18_GULFSTREAM-PARK_R6C11,statut_inconnu
2021-12-18_GULFSTREAM-PARK_R6C7,statut_inconnu
2021-12-18_GULFSTREAM-PARK_R6C8,statut_inconnu
2022-01-04_CONCEPCION_R6C7,statut_inconnu
2022-01-07_GULFSTREAM-PARK_R7C10,statut_inconnu
2022-01-07_GULFSTREAM-PARK_R7C5,statut_inconnu
2022-01-07_GULFSTREAM-PARK_R7C6,statut_inconnu
2022-01-07_GULFSTREAM-PARK_R7C7,statut_inconnu
2022-01-07_GULFSTREAM-PARK_R7C8,statut_inconnu
2022-01-07_GULFSTREAM-PARK_R7C9,statut_inconnu
2022-01-08_GULFSTREAM-PARK_R6C10,statut_inconnu
2022-01-08_GULFSTREAM-PARK_R6C11,statut_inconnu
2022-01-08_GULFSTREAM-PARK_R6C7,statut_inconnu
2022-01-08_GULFSTREAM-PARK_R6C8,statut_inconnu
2022-01-08_GULFSTREAM-PARK_R6C9,statut_inconnu
2022-01-11_CONCEPCION_R6C7,statut_inconnu
2022-01-14_AQUEDUCT_R6C7,statut_inconnu
2022-01-14_AQUEDUCT_R6C8,statut_inconnu
2022-01-14_AQUEDUCT_R6C9,statut_inconnu
2022-01-14_GULFSTREAM-PARK_R7C10,statut_inconnu
2022-01-14_GULFSTREAM-PARK_R7C8,statut_inconnu
2022-01-14_GULFSTREAM-PARK_R7C9,statut_inconnu
2022-01-14_MEYDAN-(E.A.U)_R8C5,statut_inconnu
2022-01-15_CHILE_R5C5,statut_inconnu
2022-01-15_GULFSTREAM-PARK_R6C10,statut_inconnu
2022-01-15_GULFSTREAM-PARK_R6C11,statut_inconnu
2022-01-15_GULFSTREAM-PARK_R6C7,statut_inconnu
2022-01-15_GULFSTREAM-PARK_R6C8,statut_inconnu
2022-01-15_GULFSTREAM-PARK_R6C9,statut_inconnu
2022-01-21_GULFSTREAM-PARK_R7C10,statut_inconnu
2022-01-21_GULFSTREAM-PARK_R7C6,statut_inconnu
2022-01-21_GULFSTREAM-PARK_R7C7,statut_inconnu
2022-01-21_GULFSTREAM-PARK_R7C9,statut_inconnu
2022-01-22_GULFSTREAM-PARK_R6C11,statut_inconnu
2022-01-22_GULFSTREAM-PARK_R6C8,statut_inconnu
2022-01-22_GULFSTREAM-PARK_R6C9,statut_inconnu
2022-01-24_VALPARAISO_R6C7,statut_inconnu
2022-01-28_AQUEDUCT_R6C6,statut_inconnu
2022-01-28_AQUEDUCT_R6C7,statut_inconnu
2022-01-28_AQUEDUCT_R6C9,statut_inconnu
2022-01-28_GULFSTREAM-PARK_R7C8,statut_inconnu
2022-01-28_GULFSTREAM-PARK_R7C9,statut_inconnu
2022-01-29_GULFSTREAM-PARK_R6C10,statut_inconnu
2022-01-29_GULFSTREAM-PARK_R6C11,statut_inconnu
2022-01-29_GULFSTREAM-PARK_R6C12,statut_inconnu
2022-01-29_GULFSTREAM-PARK_R6C8,statut_inconnu
2022-01-29_GULFSTREAM-PARK_R6C9,statut_inconnu
2022-02-01_CONCEPCION_R6C7,statut_inconnu
2022-02-04_AQUEDUCT_R5C5,statut_inconnu
2022-02-04_AQUEDUCT_R5C6,statut_inconnu
2022-02-04_AQUEDUCT_R5C7,statut_inconnu
2022-02-04_AQUEDUCT_R5C8,statut_inconnu
2022-02-04_AQUEDUCT_R5C9,statut_inconnu
2022-02-04_GULFSTREAM-PARK_R6C10,statut_inconnu
2022-02-04_GULFSTREAM-PARK_R6C5,statut_inconnu
2022-02-04_GULFSTREAM-PARK_R6C6,statut_inconnu
2022-02-04_GULFSTREAM-PARK_R6C8,statut_inconnu
2022-02-04_GULFSTREAM-PARK_R6C9,statut_inconnu
2022-02-04_MEYDAN-(E.A.U)_R7C4,statut_inconnu
2022-02-05_GULFSTREAM-PARK_R6C10,statut_inconnu
2022-02-05_GULFSTREAM-PARK_R6C11,statut_inconnu
2022-02-05_GULFSTREAM-PARK_R6C12,statut_inconnu
2022-02-05_GULFSTREAM-PARK_R6C7,statut_inconnu
2022-02-05_GULFSTREAM-PARK_R6C8,statut_inconnu
2022-02-05_GULFSTREAM-PARK_R6C9,statut_inconnu
2022-02-09_KEMPTON-PARK_R5C3,statut_inconnu
2022-02-11_AQUEDUCT_R5C5,statut_inconnu
2022-02-11_AQUEDUCT_R5C8,statut_inconnu
2022-02-11_GULFSTREAM-PARK_R6C5,statut_inconnu
2022-02-11_GULFSTREAM-PARK_R6C7,statut_inconnu
2022-02-11_GULFSTREAM-PARK_R6C8,statut_inconnu
2022-02-11_GULFSTREAM-PARK_R6C9,statut_inconnu
2022-02-12_GULFSTREAM-PARK_R6C10,statut_inconnu
2022-02-12_GULFSTREAM-PARK_R6C11,statut_inconnu
2022-02-12_GULFSTREAM-PARK_R6C12,statut_inconnu
2022-02-12_GULFSTREAM-PARK_R6C7,statut_inconnu
2022-02-12_GULFSTREAM-PARK_R6C8,statut_inconnu
2022-02-12_GULFSTREAM-PARK_R6C9,statut_inconnu
2022-02-16_HAPPY-VALLEY_R2C9,statut_inconnu
2022-02-17_CHELMSFORD_R5C2,statut_inconnu
2022-02-18_AQUEDUCT_R6C5,statut_inconnu
2022-02-18_AQUEDUCT_R6C6,statut_inconnu
2022-02-18_AQUEDUCT_R6C7,statut_inconnu
2022-02-18_AQUEDUCT_R6C8,statut_inconnu
2022-02-18_GULFSTREAM-PARK_R7C7,statut_inconnu
2022-02-18_GULFSTREAM-PARK_R7C8,statut_inconnu
2022-02-18_GULFSTREAM-PARK_R7C9,statut_inconnu
2022-02-19_GULFSTREAM-PARK_R6C10,statut_inconnu
2022-02-19_GULFSTREAM-PARK_R6C12,statut_inconnu
2022-02-19_GULFSTREAM-PARK_R6C8,statut_inconnu
2022-02-19_GULFSTREAM-PARK_R6C9,statut_inconnu
2022-02-20_SHA-TIN-(HONG-KONG)_R2C8,statut_inconnu
2022-02-25_AQUEDUCT_R6C6,statut_inconnu
2022-02-25_AQUEDUCT_R6C7,statut_inconnu
2022-02-25_AQUEDUCT_R6C8,statut_inconnu
2022-02-25_AQUEDUCT_R6C9,statut_inconnu
2022-02-25_GULFSTREAM-PARK_R7C10,statut_inconnu
2022-02-25_GULFSTREAM-PARK_R7C8,statut_inconnu
2022-02-25_GULFSTREAM-PARK_R7C9,statut_inconnu
2022-02-26_GULFSTREAM-PARK_R6C10,statut_inconnu
2022-02-26_GULFSTREAM-PARK_R6C11,statut_inconnu
2022-02-26_GULFSTREAM-PARK_R6C12,statut_inconnu
2022-02-26_GULFSTREAM-PARK_R6C7,statut_inconnu
2022-02-26_GULFSTREAM-PARK_R6C8,statut_inconnu
2022-02-26_GULFSTREAM-PARK_R6C9,statut_inconnu
2022-02-27_SHA-TIN-(HONG-KONG)_R2C10,statut_inconnu
2022-02-27_SHA-TIN-(HONG-KONG)_R2C7,statut_inconnu
2022-02-27_SHA-TIN-(HONG-KONG)_R2C9,statut_inconnu
2022-03-01_CONCEPCION_R6C5,statut_inconnu
2022-03-02_KEMPTON-PARK_R5C4,statut_inconnu
2022-03-05_GULFSTREAM-PARK_R7C10,statut_inconnu
2022-03-05_GULFSTREAM-PARK_R7C11,statut_inconnu
2022-03-05_GULFSTREAM-PARK_R7C12,statut_inconnu
2022-03-05_GULFSTREAM-PARK_R7C5,statut_inconnu
2022-03-05_GULFSTREAM-PARK_R7C6,statut_inconnu
2022-03-05_GULFSTREAM-PARK_R7C7,statut_inconnu
2022-03-05_GULFSTREAM-PARK_R7C8,statut_inconnu
2022-03-05_GULFSTREAM-PARK_R7C9,statut_inconnu
2022-03-06_SHA-TIN-(HONG-KONG)_R2C10,statut_inconnu
2022-03-12_GULFSTREAM-PARK_R6C11,statut_inconnu
2022-03-12_GULFSTREAM-PARK_R6C12,statut_inconnu
2022-03-12_GULFSTREAM-PARK_R6C6,statut_inconnu
2022-03-12_GULFSTREAM-PARK_R6C8,statut_inconnu
2022-03-12_GULFSTREAM-PARK_R6C9,statut_inconnu
2022-03-19_GULFSTREAM-PARK_R6C10,statut_inconnu
2022-03-19_GULFSTREAM-PARK_R6C12,statut_inconnu
2022-03-19_GULFSTREAM-PARK_R6C8,statut_inconnu
2022-03-19_GULFSTREAM-PARK_R6C9,statut_inconnu
2022-03-20_SHA-TIN-(HONG-KONG)_R2C9,statut_inconnu
2022-03-21_VALPARAISO_R5C8,statut_inconnu
2022-03-26_GULFSTREAM-PARK_R6C10,statut_inconnu
2022-03-26_GULFSTREAM-PARK_R6C11,statut_inconnu
2022-03-30_SHA-TIN-(HONG-KONG)_R6C3,statut_inconnu
2022-04-02_GULFSTREAM-PARK_R6C11,statut_inconnu
2022-04-02_GULFSTREAM-PARK_R6C12,statut_inconnu
2022-04-02_GULFSTREAM-PARK_R6C6,statut_inconnu
2022-04-02_GULFSTREAM-PARK_R6C7,statut_inconnu
2022-04-02_GULFSTREAM-PARK_R6C8,statut_inconnu
2022-04-02_GULFSTREAM-PARK_R6C9,statut_inconnu
2022-04-16_AQUEDUCT_R6C10,statut_inconnu
2022-04-16_AQUEDUCT_R6C3,statut_inconnu
2022-04-16_AQUEDUCT_R6C6,statut_inconnu
2022-04-16_AQUEDUCT_R6C8,statut_inconnu
2022-04-16_AQUEDUCT_R6C9,statut_inconnu
2022-04-16_CHATEAUBRIANT_R2C5,statut_inconnu
2022-04-21_CHILE_R6C10,statut_inconnu
2022-04-21_CHILE_R6C7,statut_inconnu
2022-04-27_HAPPY-VALLEY_R6C1,statut_inconnu
2022-04-30_BELMONT-PARK_R9C10,statut_inconnu
2022-04-30_BELMONT-PARK_R9C4,statut_inconnu
2022-04-30_BELMONT-PARK_R9C5,statut_inconnu
2022-04-30_BELMONT-PARK_R9C6,statut_inconnu
2022-04-30_BELMONT-PARK_R9C7,statut_inconnu
2022-04-30_BELMONT-PARK_R9C8,statut_inconnu
2022-04-30_BELMONT-PARK_R9C9,statut_inconnu
2022-05-01_SHA-TIN-(HONG-KONG)_R2C9,statut_inconnu
2022-05-09_ANGERS_R3C4,statut_inconnu
2022-05-19_PIMLICO_R6C5,statut_inconnu
2022-05-19_PIMLICO_R6C6,statut_inconnu
2022-05-19_PIMLICO_R6C7,statut_inconnu
2022-05-21_PIMLICO_R8C10,statut_inconnu
2022-05-21_PIMLICO_R8C11,statut_inconnu
2022-05-21_PIMLICO_R8C12,statut_inconnu
2022-05-21_PIMLICO_R8C7,statut_inconnu
2022-05-21_PIMLICO_R8C8,statut_inconnu
2022-05-21_PIMLICO_R8C9,statut_inconnu
2022-05-22_SHA-TIN-(HONG-KONG)_R2C7,statut_inconnu
2022-05-26_CONCEPCION_R5C2,statut_inconnu
2022-05-26_PIMLICO_R6C4,statut_inconnu
2022-05-26_PIMLICO_R6C5,statut_inconnu
2022-05-26_PIMLICO_R6C6,statut_inconnu
2022-06-07_CONCEPCION_R5C1,statut_inconnu
2022-06-07_CONCEPCION_R5C2,statut_inconnu
2022-06-11_BELMONT-PARK_R6C10,statut_inconnu
2022-06-11_BELMONT-PARK_R6C11,statut_inconnu
2022-06-11_BELMONT-PARK_R6C6,statut_inconnu
2022-06-11_BELMONT-PARK_R6C8,statut_inconnu
2022-06-12_SHA-TIN-(HONG-KONG)_R2C10,statut_inconnu
2022-06-15_ASCOT_R6C5,statut_inconnu
2022-06-16_ASCOT_R5C5,statut_inconnu
2022-06-16_ASCOT_R5C7,statut_inconnu
2022-06-17_ASCOT_R6C5,statut_inconnu
2022-06-17_ASCOT_R6C7,statut_inconnu
2022-06-19_SHA-TIN-(HONG-KONG)_R2C9,statut_inconnu
2022-07-11_OSTENDE_R2C4,statut_inconnu
2022-07-24_GUADELOUPE_R7C6,statut_inconnu
2022-08-19_YORK_R7C4,statut_inconnu
2022-09-06_CONCEPCION_R5C5,statut_inconnu
2022-09-10_DONCASTER_R7C5,sans_resultat
2022-09-28_KEMPTON-PARK_R5C4,statut_inconnu
2022-10-08_AQUEDUCT_R7C10,statut_inconnu
2022-10-08_AQUEDUCT_R7C11,statut_inconnu
2022-10-08_AQUEDUCT_R7C8,statut_inconnu
2022-10-08_AQUEDUCT_R7C9,statut_inconnu
2022-10-09_SHA-TIN-(HONG-KONG)_R2C9,statut_inconnu
2022-10-19_KEMPTON-PARK_R5C3,statut_inconnu
2022-10-19_KEMPTON-PARK_R5C4,statut_inconnu
2022-10-20_CHILE_R6C2,statut_inconnu
2022-10-22_AQUEDUCT_R7C10,statut_inconnu
2022-10-22_AQUEDUCT_R7C4,statut_inconnu
2022-10-22_AQUEDUCT_R7C5,statut_inconnu
2022-10-22_AQUEDUCT_R7C6,statut_inconnu
2022-10-22_AQUEDUCT_R7C7,statut_inconnu
2022-10-22_AQUEDUCT_R7C8,statut_inconnu
2022-10-22_AQUEDUCT_R7C9,statut_inconnu
2022-10-27_CHELMSFORD_R5C2,statut_inconnu
2022-10-29_AQUEDUCT_R6C10,statut_inconnu
2022-10-29_AQUEDUCT_R6C5,statut_inconnu
2022-10-29_AQUEDUCT_R6C6,statut_inconnu
2022-10-29_AQUEDUCT_R6C7,statut_inconnu
2022-10-29_AQUEDUCT_R6C8,statut_inconnu
2022-10-29_AQUEDUCT_R6C9,statut_inconnu
2022-11-04_KEENELAND_R6C10,statut_inconnu
2022-11-04_KEENELAND_R6C5,statut_inconnu
2022-11-04_KEENELAND_R6C6,statut_inconnu
2022-11-04_KEENELAND_R6C7,statut_inconnu
2022-11-04_KEENELAND_R6C8,statut_inconnu
2022-11-04_KEENELAND_R6C9,statut_inconnu
2022-11-05_KEENELAND_R5C1,statut_inconnu
2022-11-05_KEENELAND_R5C10,statut_inconnu
2022-11-05_KEENELAND_R5C11,statut_inconnu
2022-11-05_KEENELAND_R5C12,statut_inconnu
2022-11-05_KEENELAND_R5C2,statut_inconnu
2022-11-05_KEENELAND_R5C3,statut_inconnu
2022-11-05_KEENELAND_R5C4,statut_inconnu
2022-11-05_KEENELAND_R5C5,statut_inconnu
2022-11-05_KEENELAND_R5C6,statut_inconnu
2022-11-05_KEENELAND_R5C7,statut_inconnu
2022-11-05_KEENELAND_R5C8,statut_inconnu
2022-11-05_KEENELAND_R5C9,statut_inconnu
2022-11-12_GULFSTREAM-PARK_R6C10,statut_inconnu
2022-11-12_GULFSTREAM-PARK_R6C11,statut_inconnu
2022-11-12_GULFSTREAM-PARK_R6C6,statut_inconnu
2022-11-12_GULFSTREAM-PARK_R6C7,statut_inconnu
2022-11-12_GULFSTREAM-PARK_R6C8,statut_inconnu
2022-11-12_GULFSTREAM-PARK_R6C9,statut_inconnu
2022-11-19_GULFSTREAM-PARK_R5C10,statut_inconnu
2022-11-19_GULFSTREAM-PARK_R5C11,statut_inconnu
2022-11-19_GULFSTREAM-PARK_R5C6,statut_inconnu
2022-11-19_GULFSTREAM-PARK_R5C7,statut_inconnu
2022-11-19_GULFSTREAM-PARK_R5C8,statut_inconnu
2022-11-19_GULFSTREAM-PARK_R5C9,statut_inconnu
2022-11-26_GULFSTREAM-PARK_R5C10,statut_inconnu
2022-11-26_GULFSTREAM-PARK_R5C6,statut_inconnu
2022-11-26_GULFSTREAM-PARK_R5C7,statut_inconnu
2022-11-26_GULFSTREAM-PARK_R5C8,statut_inconnu
2022-12-03_GULFSTREAM-PARK_R6C10,statut_inconnu
2022-12-03_GULFSTREAM-PARK_R6C5,statut_inconnu
2022-12-03_GULFSTREAM-PARK_R6C6,statut_inconnu
2022-12-03_GULFSTREAM-PARK_R6C7,statut_inconnu
2022-12-03_GULFSTREAM-PARK_R6C8,statut_inconnu
2022-12-03_GULFSTREAM-PARK_R6C9,statut_inconnu
2022-12-04_MARONAS_R8C4,statut_inconnu
2022-12-10_GULFSTREAM-PARK_R6C10,statut_inconnu
2022-12-10_GULFSTREAM-PARK_R6C6,statut_inconnu
2022-12-10_GULFSTREAM-PARK_R6C8,statut_inconnu
2022-12-10_GULFSTREAM-PARK_R6C9,statut_inconnu
2022-12-17_GULFSTREAM-PARK_R6C10,statut_inconnu
2022-12-17_GULFSTREAM-PARK_R6C6,statut_inconnu
2022-12-17_GULFSTREAM-PARK_R6C8,statut_inconnu
2022-12-17_GULFSTREAM-PARK_R6C9,statut_inconnu
2022-12-20_CONCEPCION_R7C3,statut_inconnu
2023-01-05_GULFSTREAM-PARK_R6C6,statut_inconnu
2023-01-05_GULFSTREAM-PARK_R6C7,statut_inconnu
2023-01-05_GULFSTREAM-PARK_R6C8,statut_inconnu
2023-01-05_GULFSTREAM-PARK_R6C9,statut_inconnu
2023-01-06_AQUEDUCT_R6C6,statut_inconnu
2023-01-06_AQUEDUCT_R6C7,statut_inconnu
2023-01-06_AQUEDUCT_R6C8,statut_inconnu
2023-01-06_AQUEDUCT_R6C9,statut_inconnu
2023-01-06_GULFSTREAM-PARK_R7C6,statut_inconnu
2023-01-06_GULFSTREAM-PARK_R7C7,statut_inconnu
2023-01-06_GULFSTREAM-PARK_R7C8,statut_inconnu
2023-01-06_GULFSTREAM-PARK_R7C9,statut_inconnu
2023-01-07_GULFSTREAM-PARK_R6C10,statut_inconnu
2023-01-07_GULFSTREAM-PARK_R6C11,statut_inconnu
2023-01-07_GULFSTREAM-PARK_R6C7,statut_inconnu
2023-01-07_GULFSTREAM-PARK_R6C8,statut_inconnu
2023-01-07_GULFSTREAM-PARK_R6C9,statut_inconnu
2023-01-13_AQUEDUCT_R7C6,statut_inconnu
2023-01-13_AQUEDUCT_R7C7,statut_inconnu
2023-01-13_AQUEDUCT_R7C8,statut_inconnu
2023-01-13_GULFSTREAM-PARK_R8C8,statut_inconnu
2023-01-13_GULFSTREAM-PARK_R8C9,statut_inconnu
2023-01-14_GULFSTREAM-PARK_R6C10,statut_inconnu
2023-01-14_GULFSTREAM-PARK_R6C11,statut_inconnu
2023-01-14_GULFSTREAM-PARK_R6C7,statut_inconnu
2023-01-14_GULFSTREAM-PARK_R6C8,statut_inconnu
2023-01-14_GULFSTREAM-PARK_R6C9,statut_inconnu
2023-01-19_GULFSTREAM-PARK_R6C6,statut_inconnu
2023-01-19_GULFSTREAM-PARK_R6C7,statut_inconnu
2023-01-19_GULFSTREAM-PARK_R6C8,statut_inconnu
2023-01-19_GULFSTREAM-PARK_R6C9,statut_inconnu
2023-01-20_AQUEDUCT_R6C5,statut_inconnu
2023-01-20_GULFSTREAM-PARK_R7C7,statut_inconnu
2023-01-20_GULFSTREAM-PARK_R7C8,statut_inconnu
2023-01-20_GULFSTREAM-PARK_R7C9,statut_inconnu
2023-01-21_GULFSTREAM-PARK_R6C10,statut_inconnu
2023-01-21_GULFSTREAM-PARK_R6C11,statut_inconnu
2023-01-21_GULFSTREAM-PARK_R6C7,statut_inconnu
2023-01-21_GULFSTREAM-PARK_R6C8,statut_inconnu
2023-01-27_AQUEDUCT_R6C6,statut_inconnu
2023-01-27_AQUEDUCT_R6C7,statut_inconnu
2023-01-27_GULFSTREAM-PARK_R7C10,statut_inconnu
2023-01-27_GULFSTREAM-PARK_R7C7,statut_inconnu
2023-01-27_GULFSTREAM-PARK_R7C8,statut_inconnu
2023-01-27_GULFSTREAM-PARK_R7C9,statut_inconnu
2023-01-28_GULFSTREAM-PARK_R6C10,statut_inconnu
2023-01-28_GULFSTREAM-PARK_R6C11,statut_inconnu
2023-01-28_GULFSTREAM-PARK_R6C12,statut_inconnu
2023-01-28_GULFSTREAM-PARK_R6C8,statut_inconnu
2023-01-28_GULFSTREAM-PARK_R6C9,statut_inconnu
2023-02-03_AQUEDUCT_R6C5,sans_resultat
2023-02-03_AQUEDUCT_R6C6,sans_resultat
2023-02-03_AQUEDUCT_R6C7,sans_resultat
2023-02-03_AQUEDUCT_R6C8,sans_resultat
2023-02-03_GULFSTREAM-PARK_R7C7,statut_inconnu
2023-02-03_GULFSTREAM-PARK_R7C8,statut_inconnu
2023-02-03_GULFSTREAM-PARK_R7C9,statut_inconnu
2023-02-04_GULFSTREAM-PARK_R6C10,statut_inconnu
2023-02-04_GULFSTREAM-PARK_R6C11,statut_inconnu
2023-02-04_GULFSTREAM-PARK_R6C12,statut_inconnu
2023-02-04_GULFSTREAM-PARK_R6C7,statut_inconnu
2023-02-04_GULFSTREAM-PARK_R6C8,statut_inconnu
2023-02-04_GULFSTREAM-PARK_R6C9,statut_inconnu
2023-02-10_AQUEDUCT_R6C6,statut_inconnu
2023-02-10_AQUEDUCT_R6C7,statut_inconnu
2023-02-10_AQUEDUCT_R6C8,statut_inconnu
2023-02-10_AQUEDUCT_R6C9,statut_inconnu
2023-02-10_GULFSTREAM-PARK_R7C6,statut_inconnu
2023-02-10_GULFSTREAM-PARK_R7C7,statut_inconnu
2023-02-10_GULFSTREAM-PARK_R7C8,statut_inconnu
2023-02-10_GULFSTREAM-PARK_R7C9,statut_inconnu
2023-02-11_GULFSTREAM-PARK_R6C10,statut_inconnu
2023-02-11_GULFSTREAM-PARK_R6C12,statut_inconnu
2023-02-11_GULFSTREAM-PARK_R6C6,statut_inconnu
2023-02-11_GULFSTREAM-PARK_R6C7,statut_inconnu
2023-02-11_GULFSTREAM-PARK_R6C9,statut_inconnu
2023-02-16_GULFSTREAM-PARK_R6C7,statut_inconnu
2023-02-16_GULFSTREAM-PARK_R6C8,statut_inconnu
2023-02-16_GULFSTREAM-PARK_R6C9,statut_inconnu
2023-02-17_AQUEDUCT_R7C5,statut_inconnu
2023-02-17_AQUEDUCT_R7C6,statut_inconnu
2023-02-17_AQUEDUCT_R7C7,statut_inconnu
2023-02-17_AQUEDUCT_R7C8,statut_inconnu
2023-02-17_GULFSTREAM-PARK_R8C7,statut_inconnu
2023-02-17_GULFSTREAM-PARK_R8C8,statut_inconnu
2023-02-17_GULFSTREAM-PARK_R8C9,statut_inconnu
2023-02-18_GULFSTREAM-PARK_R6C10,statut_inconnu
2023-02-18_GULFSTREAM-PARK_R6C11,statut_inconnu
2023-02-18_GULFSTREAM-PARK_R6C12,statut_inconnu
2023-02-18_GULFSTREAM-PARK_R6C7,statut_inconnu
2023-02-18_GULFSTREAM-PARK_R6C8,statut_inconnu
2023-02-18_GULFSTREAM-PARK_R6C9,statut_inconnu
2023-02-21_MONS-(GHLIN)_R2C3,statut_inconnu
2023-02-25_GULFSTREAM-PARK_R8C10,statut_inconnu
2023-02-25_GULFSTREAM-PARK_R8C11,statut_inconnu
2023-02-25_GULFSTREAM-PARK_R8C12,statut_inconnu
2023-02-25_GULFSTREAM-PARK_R8C8,statut_inconnu
2023-02-25_GULFSTREAM-PARK_R8C9,statut_inconnu
2023-03-02_GULFSTREAM-PARK_R6C5,statut_inconnu
2023-03-02_GULFSTREAM-PARK_R6C6,statut_inconnu
2023-03-02_GULFSTREAM-PARK_R6C7,statut_inconnu
2023-03-02_GULFSTREAM-PARK_R6C9,statut_inconnu
2023-03-09_GULFSTREAM-PARK_R6C5,statut_inconnu
2023-03-09_GULFSTREAM-PARK_R6C6,statut_inconnu
2023-03-09_GULFSTREAM-PARK_R6C9,statut_inconnu
2023-03-11_GULFSTREAM-PARK_R5C10,statut_inconnu
2023-03-11_GULFSTREAM-PARK_R5C11,statut_inconnu
2023-03-11_GULFSTREAM-PARK_R5C12,statut_inconnu
2023-03-11_GULFSTREAM-PARK_R5C6,statut_inconnu
2023-03-11_GULFSTREAM-PARK_R5C7,statut_inconnu
2023-03-11_GULFSTREAM-PARK_R5C8,statut_inconnu
2023-03-11_GULFSTREAM-PARK_R5C9,statut_inconnu
2023-03-16_GULFSTREAM-PARK_R7C9,statut_inconnu
2023-03-21_CONCEPCION_R6C2,statut_inconnu
2023-03-24_GULFSTREAM-PARK_R6C7,statut_inconnu
2023-03-24_GULFSTREAM-PARK_R6C8,statut_inconnu
2023-03-24_GULFSTREAM-PARK_R6C9,statut_inconnu
2023-03-30_GULFSTREAM-PARK_R6C5,statut_inconnu
2023-03-30_GULFSTREAM-PARK_R6C6,statut_inconnu
2023-03-30_GULFSTREAM-PARK_R6C7,statut_inconnu
2023-03-30_GULFSTREAM-PARK_R6C9,statut_inconnu
2023-04-01_GULFSTREAM-PARK_R6C10,statut_inconnu
2023-04-01_GULFSTREAM-PARK_R6C11,statut_inconnu
2023-04-01_GULFSTREAM-PARK_R6C12,statut_inconnu
2023-04-01_GULFSTREAM-PARK_R6C6,statut_inconnu
2023-04-01_GULFSTREAM-PARK_R6C7,statut_inconnu
2023-04-01_GULFSTREAM-PARK_R6C8,statut_inconnu
2023-04-01_GULFSTREAM-PARK_R6C9,statut_inconnu
2023-04-02_PINJARRA-AUSTRALIE_R8C5,statut_inconnu
2023-04-20_GULFSTREAM-PARK_R6C5,statut_inconnu
2023-04-20_GULFSTREAM-PARK_R6C6,statut_inconnu
2023-04-20_GULFSTREAM-PARK_R6C7,statut_inconnu
2023-04-20_GULFSTREAM-PARK_R6C8,statut_inconnu
2023-04-20_GULFSTREAM-PARK_R6C9,statut_inconnu
2023-04-29_GULFSTREAM-PARK_R8C11,statut_inconnu
2023-04-29_GULFSTREAM-PARK_R8C5,statut_inconnu
2023-04-29_GULFSTREAM-PARK_R8C6,statut_inconnu
2023-04-29_GULFSTREAM-PARK_R8C7,statut_inconnu
2023-04-29_GULFSTREAM-PARK_R8C8,statut_inconnu
2023-04-29_GULFSTREAM-PARK_R8C9,statut_inconnu
2023-04-30_NORTHAM-AUSTRALIE_R8C3,statut_inconnu
2023-05-03_HAPPY-VALLEY_R5C1,statut_inconnu
2023-05-04_BELMONT-PARK_R6C4,statut_inconnu
2023-05-04_BELMONT-PARK_R6C5,statut_inconnu
2023-05-04_BELMONT-PARK_R6C6,statut_inconnu
2023-05-04_BELMONT-PARK_R6C7,statut_inconnu
2023-05-04_BELMONT-PARK_R6C8,statut_inconnu
2023-05-04_BELMONT-PARK_R6C9,statut_inconnu
2023-05-04_CHURCHILL-DOWNS_R5C10,statut_inconnu
2023-05-04_CHURCHILL-DOWNS_R5C5,statut_inconnu
2023-05-04_CHURCHILL-DOWNS_R5C6,statut_inconnu
2023-05-04_CHURCHILL-DOWNS_R5C7,statut_inconnu
2023-05-04_CHURCHILL-DOWNS_R5C8,statut_inconnu
2023-05-04_CHURCHILL-DOWNS_R5C9,statut_inconnu
2023-05-06_CHURCHILL-DOWNS_R8C10,statut_inconnu
2023-05-06_CHURCHILL-DOWNS_R8C11,statut_inconnu
2023-05-06_CHURCHILL-DOWNS_R8C12,statut_inconnu
2023-05-06_CHURCHILL-DOWNS_R8C9,statut_inconnu
2023-05-11_BELMONT-PARK_R6C4,statut_inconnu
2023-05-11_GULFSTREAM-PARK_R5C5,statut_inconnu
2023-05-11_GULFSTREAM-PARK_R5C8,statut_inconnu
2023-05-13_PIMLICO_R6C7,statut_inconnu
2023-05-13_PIMLICO_R6C8,statut_inconnu
2023-05-13_PIMLICO_R6C9,statut_inconnu
2023-05-18_PIMLICO_R5C6,statut_inconnu
2023-05-18_PIMLICO_R5C7,statut_inconnu
2023-05-20_PIMLICO_R7C10,statut_inconnu
2023-05-20_PIMLICO_R7C11,statut_inconnu
2023-05-20_PIMLICO_R7C12,statut_inconnu
2023-05-20_PIMLICO_R7C7,statut_inconnu
2023-05-20_PIMLICO_R7C8,statut_inconnu
2023-05-20_PIMLICO_R7C9,statut_inconnu
2023-05-24_HAPPY-VALLEY_R6C5,statut_inconnu
2023-06-03_EPSOM-DOWNS_R6C2,statut_inconnu
2023-06-10_BELMONT-PARK_R6C10,statut_inconnu
2023-06-10_BELMONT-PARK_R6C11,statut_inconnu
2023-06-10_BELMONT-PARK_R6C12,statut_inconnu
2023-06-10_BELMONT-PARK_R6C8,statut_inconnu
2023-06-10_BELMONT-PARK_R6C9,statut_inconnu
2023-06-11_ParisLongchamp_R1C5,triple_ex_aequo
2023-06-11_SINGAPOUR_R8C10,statut_inconnu
2023-06-21_ASCOT_R4C1,statut_inconnu
2023-06-21_ASCOT_R4C5,statut_inconnu
2023-06-22_ASCOT_R5C5,statut_inconnu
2023-06-22_ASCOT_R5C7,statut_inconnu
2023-06-23_ASCOT_R6C1,statut_inconnu
2023-06-23_ASCOT_R6C2,statut_inconnu
2023-06-23_ASCOT_R6C5,statut_inconnu
2023-06-23_ASCOT_R6C7,statut_inconnu
2023-06-24_ASCOT_R6C2,statut_inconnu
2023-06-24_ASCOT_R6C5,statut_inconnu
2023-06-28_HAPPY-VALLEY_R6C8,statut_inconnu
2023-07-23_SAN-ISIDRO_R8C8,statut_inconnu
2023-08-13_HOPPEGARTEN_R2C6,triple_ex_aequo
2023-08-25_YORK_R6C4,statut_inconnu
2023-08-28_SANTIAGO_R5C6,statut_inconnu
2023-08-31_SARATOGA_R6C4,statut_inconnu
2023-08-31_SARATOGA_R6C5,statut_inconnu
2023-08-31_SARATOGA_R6C6,statut_inconnu
2023-08-31_SARATOGA_R6C7,statut_inconnu
2023-08-31_SARATOGA_R6C8,statut_inconnu
2023-08-31_SARATOGA_R6C9,statut_inconnu
2023-09-09_DAX_R2C4,statut_inconnu
2023-09-21_AQUEDUCT_R6C3,statut_inconnu
2023-09-21_AQUEDUCT_R6C4,statut_inconnu
2023-09-21_AQUEDUCT_R6C5,statut_inconnu
2023-09-21_AQUEDUCT_R6C6,statut_inconnu
2023-09-21_AQUEDUCT_R6C7,statut_inconnu
2023-09-21_AQUEDUCT_R6C8,statut_inconnu
2023-09-21_AQUEDUCT_R6C9,statut_inconnu
2023-09-24_ZURICH_R3C1,triple_ex_aequo
2023-09-25_VICHY_R3C4,triple_ex_aequo
2023-10-05_AQUEDUCT_R6C5,statut_inconnu
2023-10-05_AQUEDUCT_R6C6,statut_inconnu
2023-10-05_AQUEDUCT_R6C7,statut_inconnu
2023-10-05_AQUEDUCT_R6C8,statut_inconnu
2023-10-05_AQUEDUCT_R6C9,statut_inconnu
2023-10-12_AQUEDUCT_R6C5,statut_inconnu
2023-10-12_AQUEDUCT_R6C6,statut_inconnu
2023-10-12_AQUEDUCT_R6C7,statut_inconnu
2023-10-12_AQUEDUCT_R6C9,statut_inconnu
2023-10-16_CLAIREFONTAINE_R1C8,statut_inconnu
2023-10-19_SAN-ISIDRO_R6C5,statut_inconnu
2023-10-21_AQUEDUCT_R7C5,statut_inconnu
2023-10-21_AQUEDUCT_R7C6,statut_inconnu
2023-10-21_AQUEDUCT_R7C7,statut_inconnu
2023-10-21_AQUEDUCT_R7C8,statut_inconnu
2023-10-21_AQUEDUCT_R7C9,statut_inconnu
2023-10-22_SHA-TIN-(HONG-KONG)_R2C8,statut_inconnu
2023-10-26_AQUEDUCT_R6C5,statut_inconnu
2023-10-26_AQUEDUCT_R6C6,statut_inconnu
2023-10-26_AQUEDUCT_R6C7,statut_inconnu
2023-10-26_AQUEDUCT_R6C8,statut_inconnu
2023-10-26_AQUEDUCT_R6C9,statut_inconnu
2023-11-03_SANTA-ANITA_R6C2,statut_inconnu
2023-11-03_SANTA-ANITA_R6C3,statut_inconnu
2023-11-03_SANTA-ANITA_R6C4,statut_inconnu
2023-11-03_SANTA-ANITA_R6C6,statut_inconnu
2023-11-03_SANTA-ANITA_R6C7,statut_inconnu
2023-11-03_SANTA-ANITA_R6C8,statut_inconnu
2023-11-03_SANTA-ANITA_R6C9,statut_inconnu
2023-11-04_SANTA-ANITA_R5C10,statut_inconnu
2023-11-04_SANTA-ANITA_R5C11,statut_inconnu
2023-11-04_SANTA-ANITA_R5C2,statut_inconnu
2023-11-04_SANTA-ANITA_R5C3,statut_inconnu
2023-11-04_SANTA-ANITA_R5C4,statut_inconnu
2023-11-04_SANTA-ANITA_R5C5,statut_inconnu
2023-11-04_SANTA-ANITA_R5C6,statut_inconnu
2023-11-04_SANTA-ANITA_R5C7,statut_inconnu
2023-11-04_SANTA-ANITA_R5C8,statut_inconnu
2023-11-04_SANTA-ANITA_R5C9,statut_inconnu
2023-11-05_ALBANY-AUSTRALIE_R7C6,statut_inconnu
2023-11-11_GULFSTREAM-PARK_R6C10,statut_inconnu
2023-11-11_GULFSTREAM-PARK_R6C11,statut_inconnu
2023-11-11_GULFSTREAM-PARK_R6C6,statut_inconnu
2023-11-11_GULFSTREAM-PARK_R6C7,statut_inconnu
2023-11-16_AQUEDUCT_R6C7,statut_inconnu
2023-11-16_AQUEDUCT_R6C8,statut_inconnu
2023-11-18_GULFSTREAM-PARK_R6C10,statut_inconnu
2023-11-18_GULFSTREAM-PARK_R6C11,statut_inconnu
2023-11-18_GULFSTREAM-PARK_R6C12,statut_inconnu
2023-11-18_GULFSTREAM-PARK_R6C8,statut_inconnu
2023-11-18_GULFSTREAM-PARK_R6C9,statut_inconnu
2023-11-25_GULFSTREAM-PARK_R6C10,statut_inconnu
2023-11-25_GULFSTREAM-PARK_R6C11,statut_inconnu
2023-11-25_GULFSTREAM-PARK_R6C6,statut_inconnu
2023-11-25_GULFSTREAM-PARK_R6C7,statut_inconnu
2023-11-25_GULFSTREAM-PARK_R6C8,statut_inconnu
2023-11-30_AQUEDUCT_R6C4,statut_inconnu
2023-11-30_AQUEDUCT_R6C5,statut_inconnu
2023-11-30_AQUEDUCT_R6C6,statut_inconnu
2023-11-30_AQUEDUCT_R6C7,statut_inconnu
2023-11-30_AQUEDUCT_R6C9,statut_inconnu
2023-12-02_GULFSTREAM-PARK_R6C10,statut_inconnu
2023-12-02_GULFSTREAM-PARK_R6C11,statut_inconnu
2023-12-02_GULFSTREAM-PARK_R6C6,statut_inconnu
2023-12-02_GULFSTREAM-PARK_R6C7,statut_inconnu
2023-12-02_GULFSTREAM-PARK_R6C8,statut_inconnu
2023-12-02_GULFSTREAM-PARK_R6C9,statut_inconnu
2023-12-07_GULFSTREAM-PARK_R6C10,statut_inconnu
2023-12-07_GULFSTREAM-PARK_R6C8,statut_inconnu
2023-12-07_GULFSTREAM-PARK_R6C9,statut_inconnu
2023-12-09_GULFSTREAM-PARK_R6C10,statut_inconnu
2023-12-09_GULFSTREAM-PARK_R6C11,statut_inconnu
2023-12-09_GULFSTREAM-PARK_R6C6,statut_inconnu
2023-12-09_GULFSTREAM-PARK_R6C8,statut_inconnu
2023-12-10_GULFSTREAM-PARK_R8C10,statut_inconnu
2023-12-10_GULFSTREAM-PARK_R8C11,statut_inconnu
2023-12-10_GULFSTREAM-PARK_R8C6,statut_inconnu
2023-12-10_GULFSTREAM-PARK_R8C7,statut_inconnu
2023-12-10_GULFSTREAM-PARK_R8C8,statut_inconnu
2023-12-10_SHA-TIN-(HONG-KONG)_R2C6,statut_inconnu
2023-12-13_KEMPTON-PARK_R5C4,statut_inconnu
2023-12-14_AQUEDUCT_R5C4,statut_inconnu
2023-12-14_AQUEDUCT_R5C5,statut_inconnu
2023-12-14_AQUEDUCT_R5C6,statut_inconnu
2023-12-14_AQUEDUCT_R5C7,statut_inconnu
2023-12-14_AQUEDUCT_R5C8,statut_inconnu
2023-12-14_GULFSTREAM-PARK_R6C6,statut_inconnu
2023-12-14_GULFSTREAM-PARK_R6C8,statut_inconnu
2023-12-15_AQUEDUCT_R6C5,statut_inconnu
2023-12-15_AQUEDUCT_R6C6,statut_inconnu
2023-12-15_AQUEDUCT_R6C7,statut_inconnu
2023-12-15_AQUEDUCT_R6C8,statut_inconnu
2023-12-15_GULFSTREAM-PARK_R7C10,statut_inconnu
2023-12-15_GULFSTREAM-PARK_R7C8,statut_inconnu
2023-12-15_GULFSTREAM-PARK_R7C9,statut_inconnu
2023-12-16_GULFSTREAM-PARK_R6C8,statut_inconnu
2023-12-21_CONCEPCION_R6C6,statut_inconnu
2023-12-22_GULFSTREAM-PARK_R7C7,statut_inconnu
2023-12-22_GULFSTREAM-PARK_R7C8,statut_inconnu
2023-12-23_GULFSTREAM-PARK_R6C10,statut_inconnu
2023-12-23_GULFSTREAM-PARK_R6C11,statut_inconnu
2023-12-23_GULFSTREAM-PARK_R6C7,statut_inconnu
2023-12-23_GULFSTREAM-PARK_R6C8,statut_inconnu
2023-12-23_GULFSTREAM-PARK_R6C9,statut_inconnu
2023-12-23_MARONAS_R5C11,statut_inconnu
2023-12-28_GULFSTREAM-PARK_R6C7,statut_inconnu
2023-12-28_GULFSTREAM-PARK_R6C8,statut_inconnu
2023-12-28_GULFSTREAM-PARK_R6C9,statut_inconnu
2023-12-29_AQUEDUCT_R6C5,statut_inconnu
2023-12-29_AQUEDUCT_R6C7,statut_inconnu
2023-12-29_AQUEDUCT_R6C8,statut_inconnu
2023-12-29_GULFSTREAM-PARK_R7C10,statut_inconnu
2023-12-29_GULFSTREAM-PARK_R7C6,statut_inconnu
2023-12-29_GULFSTREAM-PARK_R7C7,statut_inconnu
2023-12-29_GULFSTREAM-PARK_R7C9,statut_inconnu
2024-01-04_GULFSTREAM-PARK_R6C7,statut_inconnu
2024-01-05_GULFSTREAM-PARK_R6C6,statut_inconnu
2024-01-05_GULFSTREAM-PARK_R6C8,statut_inconnu
2024-01-05_GULFSTREAM-PARK_R6C9,statut_inconnu
2024-01-06_GULFSTREAM-PARK_R6C6,statut_inconnu
2024-01-06_GULFSTREAM-PARK_R6C7,statut_inconnu
2024-01-06_GULFSTREAM-PARK_R6C8,statut_inconnu
2024-01-06_GULFSTREAM-PARK_R6C9,statut_inconnu
2024-01-09_CONCEPCION_R6C6,statut_inconnu
2024-01-12_GULFSTREAM-PARK_R6C7,statut_inconnu
2024-01-12_GULFSTREAM-PARK_R6C8,statut_inconnu
2024-01-13_GULFSTREAM-PARK_R6C10,statut_inconnu
2024-01-13_GULFSTREAM-PARK_R6C11,statut_inconnu
2024-01-13_GULFSTREAM-PARK_R6C8,statut_inconnu
2024-01-13_GULFSTREAM-PARK_R6C9,statut_inconnu
2024-01-18_GULFSTREAM-PARK_R6C6,statut_inconnu
2024-01-18_GULFSTREAM-PARK_R6C8,statut_inconnu
2024-01-18_GULFSTREAM-PARK_R6C9,statut_inconnu
2024-01-19_GULFSTREAM-PARK_R6C7,statut_inconnu
2024-01-19_GULFSTREAM-PARK_R6C8,statut_inconnu
2024-01-19_GULFSTREAM-PARK_R6C9,statut_inconnu
2024-01-20_GULFSTREAM-PARK_R6C10,statut_inconnu
2024-01-20_GULFSTREAM-PARK_R6C11,statut_inconnu
2024-01-20_GULFSTREAM-PARK_R6C7,statut_inconnu
2024-01-20_GULFSTREAM-PARK_R6C9,statut_inconnu
2024-01-23_CAGNES/MER_R1C6,statut_inconnu
2024-01-26_GULFSTREAM-PARK_R6C10,statut_inconnu
2024-01-26_GULFSTREAM-PARK_R6C7,statut_inconnu
2024-01-26_GULFSTREAM-PARK_R6C8,statut_inconnu
2024-01-26_GULFSTREAM-PARK_R6C9,statut_inconnu
2024-01-27_GULFSTREAM-PARK_R6C10,statut_inconnu
2024-01-27_GULFSTREAM-PARK_R6C11,statut_inconnu
2024-01-27_GULFSTREAM-PARK_R6C12,statut_inconnu
2024-01-27_GULFSTREAM-PARK_R6C7,statut_inconnu
2024-01-27_GULFSTREAM-PARK_R6C8,statut_inconnu
2024-01-27_GULFSTREAM-PARK_R6C9,statut_inconnu
2024-01-28_GULFSTREAM-PARK_R4C10,statut_inconnu
2024-01-28_GULFSTREAM-PARK_R4C11,statut_inconnu
2024-01-28_GULFSTREAM-PARK_R4C3,statut_inconnu
2024-01-28_GULFSTREAM-PARK_R4C4,statut_inconnu
2024-01-28_GULFSTREAM-PARK_R4C5,statut_inconnu
2024-01-28_GULFSTREAM-PARK_R4C6,statut_inconnu
2024-01-28_GULFSTREAM-PARK_R4C7,statut_inconnu
2024-01-28_GULFSTREAM-PARK_R4C8,statut_inconnu
2024-01-28_GULFSTREAM-PARK_R4C9,statut_inconnu
2024-02-01_GULFSTREAM-PARK_R6C6,statut_inconnu
2024-02-01_GULFSTREAM-PARK_R6C7,statut_inconnu
2024-02-01_GULFSTREAM-PARK_R6C8,statut_inconnu
2024-02-01_GULFSTREAM-PARK_R6C9,statut_inconnu
2024-02-02_GULFSTREAM-PARK_R6C7,statut_inconnu
2024-02-02_GULFSTREAM-PARK_R6C9,statut_inconnu
2024-02-03_GULFSTREAM-PARK_R6C11,statut_inconnu
2024-02-03_GULFSTREAM-PARK_R6C12,statut_inconnu
2024-02-03_GULFSTREAM-PARK_R6C7,statut_inconnu
2024-02-03_GULFSTREAM-PARK_R6C8,statut_inconnu
2024-02-08_GULFSTREAM-PARK_R6C7,statut_inconnu
2024-02-08_GULFSTREAM-PARK_R6C8,statut_inconnu
2024-02-08_GULFSTREAM-PARK_R6C9,statut_inconnu
2024-02-10_GULFSTREAM-PARK_R6C10,statut_inconnu
2024-02-10_GULFSTREAM-PARK_R6C11,statut_inconnu
2024-02-10_GULFSTREAM-PARK_R6C12,statut_inconnu
2024-02-10_GULFSTREAM-PARK_R6C8,statut_inconnu
2024-02-10_GULFSTREAM-PARK_R6C9,statut_inconnu
2024-02-11_GULFSTREAM-PARK_R9C10,statut_inconnu
2024-02-11_GULFSTREAM-PARK_R9C5,statut_inconnu
2024-02-11_GULFSTREAM-PARK_R9C6,statut_inconnu
2024-02-11_GULFSTREAM-PARK_R9C7,statut_inconnu
2024-02-11_GULFSTREAM-PARK_R9C8,statut_inconnu
2024-02-11_GULFSTREAM-PARK_R9C9,statut_inconnu
2024-02-15_GULFSTREAM-PARK_R6C8,statut_inconnu
2024-02-15_GULFSTREAM-PARK_R6C9,statut_inconnu
2024-02-17_GULFSTREAM-PARK_R6C10,statut_inconnu
2024-02-17_GULFSTREAM-PARK_R6C11,statut_inconnu
2024-02-17_GULFSTREAM-PARK_R6C12,statut_inconnu
2024-02-17_GULFSTREAM-PARK_R6C7,statut_inconnu
2024-02-17_GULFSTREAM-PARK_R6C8,statut_inconnu
2024-02-17_GULFSTREAM-PARK_R6C9,statut_inconnu
2024-02-18_SHA-TIN-(HONG-KONG)_R2C10,statut_inconnu
2024-02-20_CONCEPCION_R6C4,statut_inconnu
2024-02-22_CONCEPCION_R6C2,statut_inconnu
2024-02-22_CONCEPCION_R6C4,statut_inconnu
2024-02-22_CONCEPCION_R6C5,statut_inconnu
2024-02-24_GULFSTREAM-PARK_R7C10,statut_inconnu
2024-02-24_GULFSTREAM-PARK_R7C11,statut_inconnu
2024-02-24_GULFSTREAM-PARK_R7C12,statut_inconnu
2024-02-24_GULFSTREAM-PARK_R7C6,statut_inconnu
2024-02-24_GULFSTREAM-PARK_R7C7,statut_inconnu
2024-02-24_GULFSTREAM-PARK_R7C8,statut_inconnu
2024-02-24_GULFSTREAM-PARK_R7C9,statut_inconnu
2024-02-27_CONCEPCION_R6C1,statut_inconnu
2024-02-27_CONCEPCION_R6C5,statut_inconnu
2024-02-29_GULFSTREAM-PARK_R6C6,statut_inconnu
2024-02-29_GULFSTREAM-PARK_R6C8,statut_inconnu
2024-03-02_GULFSTREAM-PARK_R7C10,statut_inconnu
2024-03-02_GULFSTREAM-PARK_R7C11,statut_inconnu
2024-03-02_GULFSTREAM-PARK_R7C6,statut_inconnu
2024-03-02_GULFSTREAM-PARK_R7C7,statut_inconnu
2024-03-02_GULFSTREAM-PARK_R7C8,statut_inconnu
2024-03-07_GULFSTREAM-PARK_R6C5,statut_inconnu
2024-03-07_GULFSTREAM-PARK_R6C6,statut_inconnu
2024-03-07_GULFSTREAM-PARK_R6C8,statut_inconnu
2024-03-09_GULFSTREAM-PARK_R5C10,statut_inconnu
2024-03-09_GULFSTREAM-PARK_R5C11,statut_inconnu
2024-03-09_GULFSTREAM-PARK_R5C6,statut_inconnu
2024-03-09_GULFSTREAM-PARK_R5C8,statut_inconnu
2024-03-09_GULFSTREAM-PARK_R5C9,statut_inconnu
2024-03-16_GULFSTREAM-PARK_R5C11,statut_inconnu
2024-03-16_GULFSTREAM-PARK_R5C12,statut_inconnu
2024-03-16_GULFSTREAM-PARK_R5C6,statut_inconnu
2024-03-16_GULFSTREAM-PARK_R5C7,statut_inconnu
2024-03-16_GULFSTREAM-PARK_R5C8,statut_inconnu
2024-03-16_GULFSTREAM-PARK_R5C9,statut_inconnu
2024-03-21_GULFSTREAM-PARK_R6C9,statut_inconnu
2024-03-22_GULFSTREAM-PARK_R5C8,statut_inconnu
2024-03-30_GULFSTREAM-PARK_R6C11,statut_inconnu
2024-03-30_GULFSTREAM-PARK_R6C12,statut_inconnu
2024-04-04_GULFSTREAM-PARK_R6C7,statut_inconnu
2024-04-11_GULFSTREAM-PARK_R7C8,statut_inconnu
2024-04-20_GULFSTREAM-PARK_R5C10,statut_inconnu
2024-04-20_GULFSTREAM-PARK_R5C11,statut_inconnu
2024-04-27_GULFSTREAM-PARK_R6C11,statut_inconnu
2024-04-28_HOPPEGARTEN_R3C1,statut_inconnu
2024-05-02_CHURCHILL-DOWNS_R6C12,statut_inconnu
2024-05-04_CHURCHILL-DOWNS_R9C12,statut_inconnu
2024-05-09_GULFSTREAM-PARK_R5C8,statut_inconnu
2024-05-09_PIMLICO_R6C7,statut_inconnu
2024-05-18_GULFSTREAM-PARK_R8C11,statut_inconnu
2024-05-18_GULFSTREAM-PARK_R8C9,statut_inconnu
2024-05-18_PIMLICO_R7C12,statut_inconnu
2024-05-30_GULFSTREAM-PARK_R5C4,statut_inconnu
2024-06-01_EPSOM-DOWNS_R5C6,statut_inconnu
2024-06-01_GULFSTREAM-PARK_R6C11,statut_inconnu
2024-06-06_SARATOGA_R6C10,statut_inconnu
2024-06-08_SARATOGA_R6C12,statut_inconnu
2024-06-19_ASCOT_R6C5,statut_inconnu
2024-06-19_ASCOT_R6C7,statut_inconnu
2024-06-20_ASCOT_R5C5,statut_inconnu
2024-06-20_ASCOT_R5C6,statut_inconnu
2024-06-20_ASCOT_R5C7,statut_inconnu
2024-06-21_ASCOT_R6C5,statut_inconnu
2024-06-21_ASCOT_R6C7,statut_inconnu
2024-06-22_AQUEDUCT_R7C10,statut_inconnu
2024-06-22_AQUEDUCT_R7C11,statut_inconnu
2024-07-04_AIX-LES-BAINS_R3C8,statut_inconnu
2024-07-06_AQUEDUCT_R8C11,statut_inconnu
2024-07-15_SAINT-MALO_R2C7,statut_inconnu
2024-07-15_SAINT-MALO_R2C8,statut_inconnu
2024-07-18_SARATOGA_R6C10,statut_inconnu
2024-07-18_SARATOGA_R6C9,statut_inconnu
2024-07-27_SARATOGA_R7C12,statut_inconnu
2024-08-31_SARATOGA_R6C11,statut_inconnu
2024-08-31_SARATOGA_R6C12,statut_inconnu
2024-09-14_AQUEDUCT_R8C11,statut_inconnu
2024-09-19_AQUEDUCT_R6C9,statut_inconnu
2024-09-21_AQUEDUCT_R7C10,statut_inconnu
2024-09-21_AQUEDUCT_R7C11,statut_inconnu
2024-09-21_AQUEDUCT_R7C8,statut_inconnu
2024-09-23_TARBES_R3C8,statut_inconnu
2024-09-24_CONCEPCION_R5C10,statut_inconnu
2024-09-26_AQUEDUCT_R6C8,statut_inconnu
2024-09-28_AQUEDUCT_R7C12,statut_inconnu
2024-10-03_AQUEDUCT_R6C8,statut_inconnu
2024-10-05_AQUEDUCT_R7C11,statut_inconnu
2024-10-05_AQUEDUCT_R7C12,statut_inconnu
2024-10-17_AQUEDUCT_R6C8,statut_inconnu
2024-10-19_AQUEDUCT_R7C12,statut_inconnu
2024-10-20_SHA-TIN-(HONG-KONG)_R2C8,statut_inconnu
2024-10-21_DEAUVILLE_R1C10,triple_ex_aequo
2024-10-31_AQUEDUCT_R6C8,statut_inconnu
2024-11-01_DEL-MAR_R6C10,statut_inconnu
2024-11-02_DEL-MAR_R6C12,statut_inconnu
2024-11-09_GULFSTREAM-PARK_R6C11,statut_inconnu
2024-11-16_CASABLANCA_R5C6,statut_inconnu
2024-11-16_MONT-DE-MARSAN_R9C5,statut_inconnu
2024-11-16_MONT-DE-MARSAN_R9C8,statut_inconnu
2024-11-21_CHURCHILL-DOWNS_R6C10,statut_inconnu
2024-11-22_MEYDAN-(E.A.U)_R6C5,statut_inconnu
2024-11-23_GULFSTREAM-PARK_R6C11,statut_inconnu
2024-11-28_CHURCHILL-DOWNS_R6C12,statut_inconnu
2024-11-29_CHURCHILL-DOWNS_R6C11,statut_inconnu
2024-11-30_CHURCHILL-DOWNS_R6C12,statut_inconnu
2024-12-07_GULFSTREAM-PARK_R6C11,statut_inconnu
2024-12-12_AQUEDUCT_R5C9,statut_inconnu
2024-12-14_GULFSTREAM-PARK_R6C11,statut_inconnu
2024-12-20_CHANTILLY_R3C7,statut_inconnu
2024-12-21_GULFSTREAM-PARK_R6C11,statut_inconnu
2024-12-28_GULFSTREAM-PARK_R6C11,statut_inconnu
2025-01-04_GULFSTREAM-PARK_R6C11,statut_inconnu
2025-01-09_GULFSTREAM-PARK_R6C9,statut_inconnu
2025-01-11_GULFSTREAM-PARK_R6C11,statut_inconnu
2025-01-13_SANTIAGO_R6C5,statut_inconnu
2025-01-16_GULFSTREAM-PARK_R6C9,statut_inconnu
2025-01-17_GULFSTREAM-PARK_R6C9,statut_inconnu
2025-01-18_GULFSTREAM-PARK_R6C11,statut_inconnu
2025-01-23_GULFSTREAM-PARK_R6C9,statut_inconnu
2025-01-24_GULFSTREAM-PARK_R6C10,statut_inconnu
2025-01-25_GULFSTREAM-PARK_R6C11,statut_inconnu
2025-01-25_GULFSTREAM-PARK_R6C12,statut_inconnu
2025-01-30_GULFSTREAM-PARK_R6C9,statut_inconnu
2025-02-01_AQUEDUCT_R7C9,statut_inconnu
2025-02-01_GULFSTREAM-PARK_R6C12,statut_inconnu
2025-02-06_CONCEPCION_R7C6,statut_inconnu
2025-02-08_GULFSTREAM-PARK_R6C12,statut_inconnu
2025-02-09_SHA-TIN-(HONG-KONG)_R2C11,statut_inconnu
2025-02-13_GULFSTREAM-PARK_R5C9,statut_inconnu
2025-02-14_GULFSTREAM-PARK_R7C9,statut_inconnu
2025-02-15_GULFSTREAM-PARK_R6C12,statut_inconnu
2025-02-16_PALERMO_R6C5,statut_inconnu
2025-02-20_GULFSTREAM-PARK_R6C9,statut_inconnu
2025-02-22_GULFSTREAM-PARK_R7C12,statut_inconnu
2025-02-23_CAGNES/MER_R5C8,triple_ex_aequo
2025-03-01_GULFSTREAM-PARK_R8C12,statut_inconnu
2025-03-06_GULFSTREAM-PARK_R6C9,statut_inconnu
2025-03-08_GULFSTREAM-PARK_R6C11,statut_inconnu
2025-03-13_GULFSTREAM-PARK_R7C9,statut_inconnu
2025-03-15_GULFSTREAM-PARK_R7C12,statut_inconnu
2025-03-20_GULFSTREAM-PARK_R6C9,statut_inconnu
2025-03-22_GULFSTREAM-PARK_R6C11,statut_inconnu
2025-03-27_GULFSTREAM-PARK_R6C9,statut_inconnu
2025-03-29_GULFSTREAM-PARK_R6C12,statut_inconnu
2025-04-02_HAPPY-VALLEY_R6C4,statut_inconnu
2025-04-05_AQUEDUCT_R8C12,statut_inconnu
2025-04-05_LE-CROISE-LAROCHE_R5C3,statut_inconnu
2025-04-05_LE-CROISE-LAROCHE_R5C4,statut_inconnu
2025-04-05_LE-CROISE-LAROCHE_R5C5,statut_inconnu
2025-04-05_NANCY-BRABOIS_R3C7,statut_inconnu
2025-04-06_LE-LION-D'ANGERS_R6C2,statut_inconnu
2025-04-06_LE-LION-D'ANGERS_R6C4,statut_inconnu
2025-04-06_MARONAS_R9C9,statut_inconnu
2025-04-06_ParisLongchamp_R1C3,statut_inconnu
2025-04-06_ParisLongchamp_R1C8,statut_inconnu
2025-04-08_DEAUVILLE_R1C1,statut_inconnu
2025-04-08_DEAUVILLE_R1C2,statut_inconnu
2025-04-08_DEAUVILLE_R1C4,statut_inconnu
2025-04-08_DEAUVILLE_R1C7,statut_inconnu
2025-04-08_DEAUVILLE_R1C8,statut_inconnu
2025-04-09_ARGENTAN_R4C2,statut_inconnu
2025-04-09_ARGENTAN_R4C3,statut_inconnu
2025-04-09_ARGENTAN_R4C4,statut_inconnu
2025-04-10_CHANTILLY_R3C2,statut_inconnu
2025-04-10_CHANTILLY_R3C6,statut_inconnu
2025-04-10_CHANTILLY_R3C7,statut_inconnu
2025-04-10_CHANTILLY_R3C8,statut_inconnu
2025-04-10_GULFSTREAM-PARK_R6C9,statut_inconnu
2025-04-14_CHANTILLY_R1C4,statut_inconnu
2025-04-14_CHANTILLY_R1C6,statut_inconnu
2025-04-14_CHANTILLY_R1C7,statut_inconnu
2025-04-14_CHANTILLY_R1C8,statut_inconnu
2025-04-14_CHANTILLY_R1C9,statut_inconnu
2025-04-19_GULFSTREAM-PARK_R7C11,statut_inconnu
2025-04-20_SHA-TIN-(HONG-KONG)_R2C9,statut_inconnu
2025-04-24_AQUEDUCT_R5C7,statut_inconnu
2025-04-24_AQUEDUCT_R5C8,statut_inconnu
2025-04-25_GULFSTREAM-PARK_R6C9,statut_inconnu
2025-04-26_GULFSTREAM-PARK_R6C11,statut_inconnu
2025-04-27_SHA-TIN-(HONG-KONG)_R2C8,statut_inconnu
2025-05-01_CHURCHILL-DOWNS_R7C12,statut_inconnu
2025-05-03_CHURCHILL-DOWNS_R9C12,statut_inconnu
2025-05-08_GULFSTREAM-PARK_R6C9,statut_inconnu
2025-05-10_PIMLICO_R8C10,statut_inconnu
2025-05-11_ParisLongchamp_R1C3,statut_inconnu
2025-05-11_ParisLongchamp_R1C4,statut_inconnu
2025-05-11_ParisLongchamp_R1C5,statut_inconnu
2025-05-11_ParisLongchamp_R1C8,statut_inconnu
2025-05-11_ParisLongchamp_R1C9,statut_inconnu
2025-05-15_GULFSTREAM-PARK_R6C9,statut_inconnu
2025-05-17_PIMLICO_R8C12,statut_inconnu
2025-05-21_KEMPTON-PARK_R5C3,statut_inconnu
2025-05-22_GULFSTREAM-PARK_R5C9,statut_inconnu
2025-05-22_ParisLongchamp_R1C8,statut_inconnu
2025-05-24_GULFSTREAM-PARK_R8C11,statut_inconnu
2025-05-29_GULFSTREAM-PARK_R5C9,statut_inconnu
2025-06-03_CONCEPCION_R6C6,statut_inconnu
2025-06-04_SAN-ISIDRO_R9C8,statut_inconnu
2025-06-04_SARATOGA_R8C10,statut_inconnu
2025-06-05_SARATOGA_R6C10,statut_inconnu
2025-06-07_EPSOM-DOWNS_R6C5,statut_inconnu
2025-06-18_ASCOT_R5C5,statut_inconnu
2025-06-19_ASCOT_R5C5,statut_inconnu
2025-06-19_ASCOT_R5C7,statut_inconnu
2025-06-21_AQUEDUCT_R7C11,statut_inconnu
2025-06-21_ASCOT_R5C5,statut_inconnu
2025-06-28_AQUEDUCT_R8C10,statut_inconnu
2025-06-28_PALERMO_R9C6,statut_inconnu
2025-07-01_SHA-TIN-(HONG-KONG)_R2C9,statut_inconnu
2025-07-03_SARATOGA_R5C10,statut_inconnu
2025-07-05_SARATOGA_R8C12,statut_inconnu
2025-07-10_SARATOGA_R6C10,statut_inconnu
2025-07-17_SARATOGA_R6C10,statut_inconnu
2025-07-18_LE-LION-D'ANGERS_R5C3,statut_inconnu
2025-07-18_VICHY_R4C7,statut_inconnu
2025-07-19_SARATOGA_R7C11,statut_inconnu
2025-07-24_SARATOGA_R6C9,statut_inconnu
2025-07-26_SARATOGA_R7C11,statut_inconnu
2025-07-31_SARATOGA_R7C9,statut_inconnu
2025-08-02_SARATOGA_R8C11,statut_inconnu
2025-08-07_LES-SABLES-D-OLONNE_R3C5,statut_inconnu
2025-08-07_SARATOGA_R5C9,statut_inconnu
2025-08-08_CLAIREFONTAINE_R4C7,statut_inconnu
2025-08-09_SARATOGA_R7C12,statut_inconnu
2025-08-22_YORK_R6C4,statut_inconnu
2025-08-28_SARATOGA_R6C10,statut_inconnu
2025-08-30_SARATOGA_R7C12,statut_inconnu
2025-09-08_CASABLANCA_R2C2,statut_inconnu
2025-09-13_WOODBINE_R11C7,statut_inconnu
2025-09-13_WOODBINE_R11C9,statut_inconnu
2025-09-21_MARONAS_R6C10,statut_inconnu
2025-09-21_MARONAS_R6C3,statut_inconnu
2025-09-21_MARONAS_R6C4,statut_inconnu
2025-09-21_MARONAS_R6C5,statut_inconnu
2025-10-02_AQUEDUCT_R6C8,statut_inconnu
2025-10-09_AQUEDUCT_R6C8,statut_inconnu
2025-10-16_AQUEDUCT_R6C7,statut_inconnu
2025-10-23_AQUEDUCT_R6C8,statut_inconnu
2025-10-25_SAN-ISIDRO_R7C6,statut_inconnu
2025-10-26_SHA-TIN-(HONG-KONG)_R2C9,statut_inconnu
2025-10-31_CHANTILLY_R4C6,statut_inconnu
2025-10-31_DEL-MAR_R6C10,statut_inconnu
2025-11-01_DEL-MAR_R5C12,statut_inconnu
2025-11-06_CHURCHILL-DOWNS_R6C9,statut_inconnu
2025-11-08_GULFSTREAM-PARK_R7C10,statut_inconnu
2025-11-13_CHURCHILL-DOWNS_R6C10,statut_inconnu
2025-11-20_CHURCHILL-DOWNS_R6C10,statut_inconnu
2025-11-22_MARONAS_R5C10,statut_inconnu
2025-11-27_CHURCHILL-DOWNS_R6C11,statut_inconnu
2025-11-29_GULFSTREAM-PARK_R6C11,statut_inconnu
2025-12-04_MONS-(GHLIN)_R5C4,statut_inconnu
2025-12-06_GULFSTREAM-PARK_R6C11,statut_inconnu
2025-12-07_SHA-TIN-(HONG-KONG)_R2C9,statut_inconnu
2025-12-13_GULFSTREAM-PARK_R6C11,statut_inconnu
2025-12-13_SAN-ISIDRO_R7C4,statut_inconnu
2025-12-18_GULFSTREAM-PARK_R6C8,statut_inconnu
2026-01-03_GULFSTREAM-PARK_R6C11,statut_inconnu
2026-01-07_HAPPY-VALLEY_R6C1,statut_inconnu
2026-01-07_HAPPY-VALLEY_R6C2,statut_inconnu
2026-01-07_HAPPY-VALLEY_R6C3,statut_inconnu
2026-01-07_HAPPY-VALLEY_R6C4,statut_inconnu
2026-01-07_HAPPY-VALLEY_R6C5,statut_inconnu
2026-01-08_GULFSTREAM-PARK_R6C10,statut_inconnu
2026-01-09_GULFSTREAM-PARK_R6C10,statut_inconnu
2026-01-11_VALPARAISO_R6C1,statut_inconnu
2026-01-15_GULFSTREAM-PARK_R7C10,statut_inconnu
2026-01-16_MEYDAN-(E.A.U)_R5C5,statut_inconnu
2026-01-18_SHA-TIN-(HONG-KONG)_R2C8,statut_inconnu
2026-01-23_GULFSTREAM-PARK_R6C10,statut_inconnu
2026-01-24_GULFSTREAM-PARK_R6C10,statut_inconnu
2026-01-24_GULFSTREAM-PARK_R6C9,statut_inconnu
2026-01-26_CASABLANCA_R2C2,statut_inconnu
2026-02-05_GULFSTREAM-PARK_R6C7,statut_inconnu
2026-02-08_SHA-TIN-(HONG-KONG)_R2C8,statut_inconnu
2026-02-11_HAPPY-VALLEY_R3C9,statut_inconnu
2026-02-12_GULFSTREAM-PARK_R6C10,statut_inconnu
2026-02-17_CONCEPCION_R6C6,statut_inconnu
2026-02-18_VALPARAISO_R7C3,statut_inconnu
2026-02-25_CHANTILLY_R2C4,statut_inconnu
2026-02-25_VALPARAISO_R8C8,statut_inconnu
2026-02-27_GULFSTREAM-PARK_R5C10,statut_inconnu
2026-02-28_AQUEDUCT_R7C10,statut_inconnu
2026-03-03_CONCEPCION_R6C2,statut_inconnu
2026-03-20_LE-CROISE-LAROCHE_R4C4,triple_ex_aequo
2026-03-23_PALERMO_R6C11,statut_inconnu
2026-03-23_PALERMO_R6C12,statut_inconnu
2026-03-30_VALPARAISO_R7C6,statut_inconnu
2026-04-16_GULFSTREAM-PARK_R6C8,statut_inconnu
2026-04-30_CHURCHILL-DOWNS_R7C11,statut_inconnu
2026-04-30_CHURCHILL-DOWNS_R7C12,statut_inconnu
2026-05-02_CHURCHILL-DOWNS_R8C12,statut_inconnu
2026-05-08_CHURCHILL-DOWNS_R6C9,statut_inconnu
2026-05-09_CHURCHILL-DOWNS_R10C11,statut_inconnu
2026-05-16_LAUREL-PARK-USA_R8C12,statut_inconnu
2026-05-29_GULFSTREAM-PARK_R6C9,statut_inconnu
2026-06-04_SARATOGA_R6C11,statut_inconnu
2026-06-05_GULFSTREAM-PARK_R7C9,statut_inconnu
2026-06-10_VALPARAISO_R8C5,statut_inconnu
2026-06-13_SHA-TIN-(HONG-KONG)_R2C3,statut_inconnu
2026-06-16_ASCOT_R4C3,statut_inconnu
2026-06-17_ASCOT_R5C1,statut_inconnu
2026-06-17_ASCOT_R5C5,statut_inconnu
2026-06-18_AQUEDUCT_R6C8,statut_inconnu
2026-06-18_ASCOT_R4C5,statut_inconnu
2026-06-18_ASCOT_R4C7,statut_inconnu
2026-06-19_ASCOT_R5C5,statut_inconnu
2026-06-19_ASCOT_R5C7,statut_inconnu
2026-06-20_ASCOT_R4C5,statut_inconnu
2026-06-21_DORTMUND_R4C8,statut_inconnu
2026-06-25_LA-TESTE_R1C1,sans_resultat
2026-06-25_LA-TESTE_R1C10,sans_resultat
2026-06-25_LA-TESTE_R1C11,sans_resultat
2026-06-25_LA-TESTE_R1C12,sans_resultat
2026-06-25_LA-TESTE_R1C2,sans_resultat
2026-06-25_LA-TESTE_R1C3,sans_resultat
2026-06-25_LA-TESTE_R1C4,sans_resultat
2026-06-25_LA-TESTE_R1C5,sans_resultat
2026-06-25_LA-TESTE_R1C6,sans_resultat
2026-06-25_LA-TESTE_R1C7,sans_resultat
2026-06-25_LA-TESTE_R1C8,sans_resultat
2026-06-25_LA-TESTE_R1C9,sans_resultat
2026-06-27_SHA-TIN-(HONG-KONG)_R3C1,statut_inconnu
2026-06-27_SHA-TIN-(HONG-KONG)_R3C2,statut_inconnu
2026-06-27_SHA-TIN-(HONG-KONG)_R3C3,statut_inconnu
2026-06-27_SHA-TIN-(HONG-KONG)_R3C4,statut_inconnu
2026-06-28_CURRAGH_R6C9,statut_inconnu
2026-07-04_SARATOGA_R8C11,statut_inconnu
2026-07-09_SARATOGA_R6C9,statut_inconnu
2026-07-12_MULHEIM_R4C2,statut_inconnu
2026-07-15_LA-TESTE_R4C2,triple_ex_aequo
2026-07-16_SARATOGA_R6C9,statut_inconnu
2026-07-23_SARATOGA_R6C9,statut_inconnu
2026-07-30_SARATOGA_R7C6,statut_inconnu
2026-08-01_COLONIAL-DOWNS-USA_R7C11,statut_inconnu
2026-08-01_GOODWOOD_R6C4,statut_inconnu
2026-08-06_SARATOGA_R5C9,statut_inconnu
2026-08-13_SARATOGA_R7C9,statut_inconnu
2026-08-20_SARATOGA_R7C7,statut_inconnu
2026-08-20_SARATOGA_R7C8,statut_inconnu
