date,course_id,numero,score_modele,score_geneal,rang_modele,somme_top3_proba,seuil_vert_utilise,niveau_vert,top5,position_arrivee,est_gagnant,cible_place,categorie_particularite
2026-08-30,2026-08-30_BADEN-BADEN_R2C1,1,0.3172197613282987,0.3172197613282987,4.0,0.48228,0.5848,NON_VERT,True,3.0,0,1,COURSE_A_CONDITIONS
2026-08-30,2026-08-30_BADEN-BADEN_R2C1,2,0.4982610994221934,0.4982610994221934,2.0,0.48228,0.5848,NON_VERT,True,2.0,0,1,COURSE_A_CONDITIONS
2026-08-30,2026-08-30_BADEN-BADEN_R2C1,3,-1.4662731549700618,-1.4662731549700618,10.0,0.48228,0.5848,NON_VERT,False,7.0,0,0,COURSE_A_CONDITIONS
2026-08-30,2026-08-30_BADEN-BADEN_R2C1,4,-0.2221300060365066,-0.2221300060365066,6.0,0.48228,0.5848,NON_VERT,False,4.0,0,0,COURSE_A_CONDITIONS
2026-08-30,2026-08-30_BADEN-BADEN_R2C1,5,-0.9669317288614951,-0.9669317288614951,8.0,0.48228,0.5848,NON_VERT,False,9.0,0,0,COURSE_A_CONDITIONS
2026-08-30,2026-08-30_BADEN-BADEN_R2C1,6,0.1776955401569835,0.1776955401569835,5.0,0.48228,0.5848,NON_VERT,True,5.0,0,0,COURSE_A_CONDITIONS
2026-08-30,2026-08-30_BADEN-BADEN_R2C1,7,-0.25637139116285296,-0.25637139116285296,7.0,0.48228,0.5848,NON_VERT,False,8.0,0,0,COURSE_A_CONDITIONS
2026-08-30,2026-08-30_BADEN-BADEN_R2C1,8,0.5055244838912843,0.5055244838912843,1.0,0.48228,0.5848,NON_VERT,True,6.0,0,0,COURSE_A_CONDITIONS
2026-08-30,2026-08-30_BADEN-BADEN_R2C1,10,0.340746175677343,0.340746175677343,3.0,0.48228,0.5848,NON_VERT,True,1.0,1,1,COURSE_A_CONDITIONS
2026-08-30,2026-08-30_BADEN-BADEN_R2C1,11,-1.1962259133719453,-1.1962259133719453,9.0,0.48228,0.5848,NON_VERT,False,10.0,0,0,COURSE_A_CONDITIONS
2026-08-30,2026-08-30_BADEN-BADEN_R2C2,1,0.4955350828211809,0.4955350828211809,1.0,0.521487,0.5848,NON_VERT,True,2.0,0,1,HANDICAP
2026-08-30,2026-08-30_BADEN-BADEN_R2C2,2,-0.5100491566562997,-0.5100491566562997,6.0,0.521487,0.5848,NON_VERT,False,6.0,0,0,HANDICAP
2026-08-30,2026-08-30_BADEN-BADEN_R2C2,3,-0.20327348210957447,-0.20327348210957447,4.0,0.521487,0.5848,NON_VERT,True,5.0,0,0,HANDICAP
2026-08-30,2026-08-30_BADEN-BADEN_R2C2,4,-0.06381623932971528,-0.06381623932971528,3.0,0.521487,0.5848,NON_VERT,True,3.0,0,1,HANDICAP
2026-08-30,2026-08-30_BADEN-BADEN_R2C2,5,-0.05166831368754282,-0.05166831368754282,2.0,0.521487,0.5848,NON_VERT,True,4.0,0,0,HANDICAP
2026-08-30,2026-08-30_BADEN-BADEN_R2C2,6,-0.31468796044947117,-0.31468796044947117,5.0,0.521487,0.5848,NON_VERT,True,7.0,0,0,HANDICAP
2026-08-30,2026-08-30_BADEN-BADEN_R2C2,7,-0.8338185170716443,-0.8338185170716443,7.0,0.521487,0.5848,NON_VERT,False,8.0,0,0,HANDICAP
2026-08-30,2026-08-30_BADEN-BADEN_R2C2,8,-0.8553314103052467,-0.8553314103052467,8.0,0.521487,0.5848,NON_VERT,False,1.0,1,1,HANDICAP
2026-08-30,2026-08-30_BADEN-BADEN_R2C2,9,-1.4597243061772893,-1.4597243061772893,9.0,0.521487,0.5848,NON_VERT,False,9.0,0,0,HANDICAP
2026-08-30,2026-08-30_BADEN-BADEN_R2C3,1,0.4038509318719844,0.4038509318719844,2.0,0.484087,0.5848,NON_VERT,True,1.0,1,1,HANDICAP
2026-08-30,2026-08-30_BADEN-BADEN_R2C3,2,0.012707274992777936,0.012707274992777936,6.0,0.484087,0.5848,NON_VERT,False,8.0,0,0,HANDICAP
2026-08-30,2026-08-30_BADEN-BADEN_R2C3,3,0.6429819023940827,0.6429819023940827,1.0,0.484087,0.5848,NON_VERT,True,2.0,0,1,HANDICAP
2026-08-30,2026-08-30_BADEN-BADEN_R2C3,4,-0.9940599489616796,-0.9940599489616796,9.0,0.484087,0.5848,NON_VERT,False,9.0,0,0,HANDICAP
2026-08-30,2026-08-30_BADEN-BADEN_R2C3,5,0.19215790617382056,0.19215790617382056,3.0,0.484087,0.5848,NON_VERT,True,3.0,0,1,HANDICAP
2026-08-30,2026-08-30_BADEN-BADEN_R2C3,6,0.05020395551995381,0.05020395551995381,4.0,0.484087,0.5848,NON_VERT,True,6.0,0,0,HANDICAP
2026-08-30,2026-08-30_BADEN-BADEN_R2C3,8,0.016956011225988145,0.016956011225988145,5.0,0.484087,0.5848,NON_VERT,True,7.0,0,0,HANDICAP
2026-08-30,2026-08-30_BADEN-BADEN_R2C3,9,-0.32153817322028605,-0.32153817322028605,8.0,0.484087,0.5848,NON_VERT,False,5.0,0,0,HANDICAP
2026-08-30,2026-08-30_BADEN-BADEN_R2C3,10,-0.3034045153704253,-0.3034045153704253,7.0,0.484087,0.5848,NON_VERT,False,4.0,0,0,HANDICAP
2026-08-30,2026-08-30_BADEN-BADEN_R2C4,1,-0.5706288377010045,-0.5706288377010045,9.0,0.40451,0.5848,NON_VERT,False,8.0,0,0,COURSE_A_CONDITIONS
2026-08-30,2026-08-30_BADEN-BADEN_R2C4,2,0.3183425219069505,0.3183425219069505,2.0,0.40451,0.5848,NON_VERT,True,2.0,0,1,COURSE_A_CONDITIONS
2026-08-30,2026-08-30_BADEN-BADEN_R2C4,3,0.45270657772540296,0.45270657772540296,1.0,0.40451,0.5848,NON_VERT,True,7.0,0,0,COURSE_A_CONDITIONS
2026-08-30,2026-08-30_BADEN-BADEN_R2C4,4,-0.0637374387211377,-0.0637374387211377,5.0,0.40451,0.5848,NON_VERT,True,4.0,0,0,COURSE_A_CONDITIONS
2026-08-30,2026-08-30_BADEN-BADEN_R2C4,5,-0.32062911622416707,-0.32062911622416707,7.0,0.40451,0.5848,NON_VERT,False,3.0,0,1,COURSE_A_CONDITIONS
2026-08-30,2026-08-30_BADEN-BADEN_R2C4,6,0.10419890676665752,0.10419890676665752,4.0,0.40451,0.5848,NON_VERT,True,10.0,0,0,COURSE_A_CONDITIONS
2026-08-30,2026-08-30_BADEN-BADEN_R2C4,7,-0.47270263281553937,-0.47270263281553937,8.0,0.40451,0.5848,NON_VERT,False,6.0,0,0,COURSE_A_CONDITIONS
2026-08-30,2026-08-30_BADEN-BADEN_R2C4,8,0.13299399986642116,0.13299399986642116,3.0,0.40451,0.5848,NON_VERT,True,1.0,1,1,COURSE_A_CONDITIONS
2026-08-30,2026-08-30_BADEN-BADEN_R2C4,9,-0.9326697416990435,-0.9326697416990435,11.0,0.40451,0.5848,NON_VERT,False,5.0,0,0,COURSE_A_CONDITIONS
2026-08-30,2026-08-30_BADEN-BADEN_R2C4,10,-1.2268721014220287,-1.2268721014220287,12.0,0.40451,0.5848,NON_VERT,False,11.0,0,0,COURSE_A_CONDITIONS
2026-08-30,2026-08-30_BADEN-BADEN_R2C4,11,-0.10275297881567669,-0.10275297881567669,6.0,0.40451,0.5848,NON_VERT,False,9.0,0,0,COURSE_A_CONDITIONS
2026-08-30,2026-08-30_BADEN-BADEN_R2C4,12,-0.7567866267035176,-0.7567866267035176,10.0,0.40451,0.5848,NON_VERT,False,12.0,0,0,COURSE_A_CONDITIONS
2026-08-30,2026-08-30_BADEN-BADEN_R2C5,1,0.11456148224923013,0.11456148224923013,3.0,0.456159,0.5848,NON_VERT,True,8.0,0,0,HANDICAP
2026-08-30,2026-08-30_BADEN-BADEN_R2C5,2,-0.09700602423283691,-0.09700602423283691,5.0,0.456159,0.5848,NON_VERT,True,6.0,0,0,HANDICAP
2026-08-30,2026-08-30_BADEN-BADEN_R2C5,3,-0.03645183231237231,-0.03645183231237231,4.0,0.456159,0.5848,NON_VERT,True,9.0,0,0,HANDICAP
2026-08-30,2026-08-30_BADEN-BADEN_R2C5,5,0.12665609588294777,0.12665609588294777,2.0,0.456159,0.5848,NON_VERT,True,3.0,0,1,HANDICAP
2026-08-30,2026-08-30_BADEN-BADEN_R2C5,6,-0.3660450273666882,-0.3660450273666882,8.0,0.456159,0.5848,NON_VERT,False,7.0,0,0,HANDICAP
2026-08-30,2026-08-30_BADEN-BADEN_R2C5,7,-0.12955109007574972,-0.12955109007574972,6.0,0.456159,0.5848,NON_VERT,False,5.0,0,0,HANDICAP
2026-08-30,2026-08-30_BADEN-BADEN_R2C5,8,-0.30932381235968737,-0.30932381235968737,7.0,0.456159,0.5848,NON_VERT,False,4.0,0,0,HANDICAP
2026-08-30,2026-08-30_BADEN-BADEN_R2C5,9,0.6038073643160423,0.6038073643160423,1.0,0.456159,0.5848,NON_VERT,True,1.0,1,1,HANDICAP
2026-08-30,2026-08-30_BADEN-BADEN_R2C5,10,-0.36653718991165246,-0.36653718991165246,9.0,0.456159,0.5848,NON_VERT,False,2.0,0,1,HANDICAP
2026-08-30,2026-08-30_DEAUVILLE_R1C1,1,-2.0290315672950734,-2.0290315672950734,11.0,0.495582,0.5848,NON_VERT,False,12.0,0,0,COURSE_A_CONDITIONS
2026-08-30,2026-08-30_DEAUVILLE_R1C1,2,-0.3421581574718481,-0.3421581574718481,6.0,0.495582,0.5848,NON_VERT,False,8.0,0,0,COURSE_A_CONDITIONS
2026-08-30,2026-08-30_DEAUVILLE_R1C1,3,-1.6721255320031911,-1.6721255320031911,10.0,0.495582,0.5848,NON_VERT,False,3.0,0,1,COURSE_A_CONDITIONS
2026-08-30,2026-08-30_DEAUVILLE_R1C1,4,0.7648607241033399,0.7648607241033399,1.0,0.495582,0.5848,NON_VERT,True,4.0,0,0,COURSE_A_CONDITIONS
2026-08-30,2026-08-30_DEAUVILLE_R1C1,5,-2.367858291832665,-2.367858291832665,12.0,0.495582,0.5848,NON_VERT,False,11.0,0,0,COURSE_A_CONDITIONS
2026-08-30,2026-08-30_DEAUVILLE_R1C1,6,0.18009324885742206,0.18009324885742206,5.0,0.495582,0.5848,NON_VERT,True,6.0,0,0,COURSE_A_CONDITIONS
2026-08-30,2026-08-30_DEAUVILLE_R1C1,7,0.23091551094534318,0.23091551094534318,4.0,0.495582,0.5848,NON_VERT,True,5.0,0,0,COURSE_A_CONDITIONS
2026-08-30,2026-08-30_DEAUVILLE_R1C1,8,0.29637880152199586,0.29637880152199586,3.0,0.495582,0.5848,NON_VERT,True,2.0,0,1,COURSE_A_CONDITIONS
2026-08-30,2026-08-30_DEAUVILLE_R1C1,9,-0.5919840343811843,-0.5919840343811843,8.0,0.495582,0.5848,NON_VERT,False,9.0,0,0,COURSE_A_CONDITIONS
2026-08-30,2026-08-30_DEAUVILLE_R1C1,10,-1.23138485609969,-1.23138485609969,9.0,0.495582,0.5848,NON_VERT,False,10.0,0,0,COURSE_A_CONDITIONS
2026-08-30,2026-08-30_DEAUVILLE_R1C1,11,0.3691745814211356,0.3691745814211356,2.0,0.495582,0.5848,NON_VERT,True,1.0,1,1,COURSE_A_CONDITIONS
2026-08-30,2026-08-30_DEAUVILLE_R1C1,12,-0.506036226228921,-0.506036226228921,7.0,0.495582,0.5848,NON_VERT,False,7.0,0,0,COURSE_A_CONDITIONS
2026-08-30,2026-08-30_BADEN-BADEN_R2C6,1,0.05914521337937044,0.05914521337937044,3.0,0.498524,0.5848,NON_VERT,True,3.0,0,1,HANDICAP
2026-08-30,2026-08-30_BADEN-BADEN_R2C6,2,-0.007662406568964912,-0.007662406568964912,4.0,0.498524,0.5848,NON_VERT,True,5.0,0,0,HANDICAP
2026-08-30,2026-08-30_BADEN-BADEN_R2C6,3,-0.08709007263858368,-0.08709007263858368,5.0,0.498524,0.5848,NON_VERT,True,1.0,1,1,HANDICAP
2026-08-30,2026-08-30_BADEN-BADEN_R2C6,4,0.3218145051964762,0.3218145051964762,1.0,0.498524,0.5848,NON_VERT,True,7.0,0,0,HANDICAP
2026-08-30,2026-08-30_BADEN-BADEN_R2C6,5,0.19748674934269086,0.19748674934269086,2.0,0.498524,0.5848,NON_VERT,True,4.0,0,0,HANDICAP
2026-08-30,2026-08-30_BADEN-BADEN_R2C6,6,-0.6507005378353423,-0.6507005378353423,8.0,0.498524,0.5848,NON_VERT,False,6.0,0,0,HANDICAP
2026-08-30,2026-08-30_BADEN-BADEN_R2C6,7,-0.5109335191295916,-0.5109335191295916,7.0,0.498524,0.5848,NON_VERT,False,2.0,0,1,HANDICAP
2026-08-30,2026-08-30_BADEN-BADEN_R2C6,8,-0.4308144782475316,-0.4308144782475316,6.0,0.498524,0.5848,NON_VERT,False,8.0,0,0,HANDICAP
2026-08-30,2026-08-30_DEAUVILLE_R1C2,1,0.1980310074822896,0.1980310074822896,2.0,0.591555,0.5848,VERT,True,2.0,0,1,GROUPE_III
2026-08-30,2026-08-30_DEAUVILLE_R1C2,2,-0.291994163237192,-0.291994163237192,5.0,0.591555,0.5848,VERT,True,6.0,0,0,GROUPE_III
2026-08-30,2026-08-30_DEAUVILLE_R1C2,3,-0.34285599566522246,-0.34285599566522246,6.0,0.591555,0.5848,VERT,False,5.0,0,0,GROUPE_III
2026-08-30,2026-08-30_DEAUVILLE_R1C2,4,0.3049923480726234,0.3049923480726234,1.0,0.591555,0.5848,VERT,True,1.0,1,1,GROUPE_III
2026-08-30,2026-08-30_DEAUVILLE_R1C2,5,0.16049749908993224,0.16049749908993224,3.0,0.591555,0.5848,VERT,True,3.0,0,0,GROUPE_III
2026-08-30,2026-08-30_DEAUVILLE_R1C2,6,0.12443318288633716,0.12443318288633716,4.0,0.591555,0.5848,VERT,True,4.0,0,0,GROUPE_III
2026-08-30,2026-08-30_BADEN-BADEN_R2C7,1,-0.31129440296821986,-0.31129440296821986,7.0,0.438154,0.5848,NON_VERT,False,1.0,1,1,GROUPE_III
2026-08-30,2026-08-30_BADEN-BADEN_R2C7,2,0.43099271369948317,0.43099271369948317,1.0,0.438154,0.5848,NON_VERT,True,3.0,0,1,GROUPE_III
2026-08-30,2026-08-30_BADEN-BADEN_R2C7,3,-0.5670319296072968,-0.5670319296072968,8.0,0.438154,0.5848,NON_VERT,False,8.0,0,0,GROUPE_III
2026-08-30,2026-08-30_BADEN-BADEN_R2C7,4,-0.11300550338300916,-0.11300550338300916,6.0,0.438154,0.5848,NON_VERT,False,6.0,0,0,GROUPE_III
2026-08-30,2026-08-30_BADEN-BADEN_R2C7,5,0.11543464702421911,0.11543464702421911,4.0,0.438154,0.5848,NON_VERT,True,9.0,0,0,GROUPE_III
2026-08-30,2026-08-30_BADEN-BADEN_R2C7,6,0.30387626522409256,0.30387626522409256,2.0,0.438154,0.5848,NON_VERT,True,2.0,0,1,GROUPE_III
2026-08-30,2026-08-30_BADEN-BADEN_R2C7,7,0.1351096032609927,0.1351096032609927,3.0,0.438154,0.5848,NON_VERT,True,10.0,0,0,GROUPE_III
2026-08-30,2026-08-30_BADEN-BADEN_R2C7,9,-0.5751460080269676,-0.5751460080269676,9.0,0.438154,0.5848,NON_VERT,False,5.0,0,0,GROUPE_III
2026-08-30,2026-08-30_BADEN-BADEN_R2C7,10,-0.07451924644191875,-0.07451924644191875,5.0,0.438154,0.5848,NON_VERT,True,7.0,0,0,GROUPE_III
2026-08-30,2026-08-30_BADEN-BADEN_R2C7,11,-0.987201114119983,-0.987201114119983,10.0,0.438154,0.5848,NON_VERT,False,4.0,0,0,GROUPE_III
2026-08-30,2026-08-30_DEAUVILLE_R1C3,1,0.039952306864372816,0.039952306864372816,6.0,0.332698,0.5848,NON_VERT,False,8.0,0,0,HANDICAP_DIVISE
2026-08-30,2026-08-30_DEAUVILLE_R1C3,2,-0.39265785863379155,-0.39265785863379155,12.0,0.332698,0.5848,NON_VERT,False,13.0,0,0,HANDICAP_DIVISE
2026-08-30,2026-08-30_DEAUVILLE_R1C3,3,0.11430660105163905,0.11430660105163905,5.0,0.332698,0.5848,NON_VERT,True,9.0,0,0,HANDICAP_DIVISE
2026-08-30,2026-08-30_DEAUVILLE_R1C3,4,0.8544498715084472,0.8544498715084472,1.0,0.332698,0.5848,NON_VERT,True,1.0,1,1,HANDICAP_DIVISE
2026-08-30,2026-08-30_DEAUVILLE_R1C3,5,-1.0481933199886515,-1.0481933199886515,15.0,0.332698,0.5848,NON_VERT,False,12.0,0,0,HANDICAP_DIVISE
2026-08-30,2026-08-30_DEAUVILLE_R1C3,6,-0.07332428083635126,-0.07332428083635126,10.0,0.332698,0.5848,NON_VERT,False,15.0,0,0,HANDICAP_DIVISE
2026-08-30,2026-08-30_DEAUVILLE_R1C3,7,-0.20526514564785073,-0.20526514564785073,11.0,0.332698,0.5848,NON_VERT,False,5.0,0,0,HANDICAP_DIVISE
2026-08-30,2026-08-30_DEAUVILLE_R1C3,8,0.018820028748480766,0.018820028748480766,7.0,0.332698,0.5848,NON_VERT,False,3.0,0,1,HANDICAP_DIVISE
2026-08-30,2026-08-30_DEAUVILLE_R1C3,9,0.16556306290515166,0.16556306290515166,3.0,0.332698,0.5848,NON_VERT,True,4.0,0,0,HANDICAP_DIVISE
2026-08-30,2026-08-30_DEAUVILLE_R1C3,10,0.36808202346084445,0.36808202346084445,2.0,0.332698,0.5848,NON_VERT,True,14.0,0,0,HANDICAP_DIVISE
2026-08-30,2026-08-30_DEAUVILLE_R1C3,11,0.1495808413794642,0.1495808413794642,4.0,0.332698,0.5848,NON_VERT,True,1.0,1,1,HANDICAP_DIVISE
2026-08-30,2026-08-30_DEAUVILLE_R1C3,12,-0.008547198141948455,-0.008547198141948455,8.0,0.332698,0.5848,NON_VERT,False,7.0,0,0,HANDICAP_DIVISE
2026-08-30,2026-08-30_DEAUVILLE_R1C3,13,-0.7303513098965647,-0.7303513098965647,13.0,0.332698,0.5848,NON_VERT,False,11.0,0,0,HANDICAP_DIVISE
2026-08-30,2026-08-30_DEAUVILLE_R1C3,14,-0.767878159306715,-0.767878159306715,14.0,0.332698,0.5848,NON_VERT,False,10.0,0,0,HANDICAP_DIVISE
2026-08-30,2026-08-30_DEAUVILLE_R1C3,16,-0.07286926084354123,-0.07286926084354123,9.0,0.332698,0.5848,NON_VERT,False,5.0,0,0,HANDICAP_DIVISE
2026-08-30,2026-08-30_DEAUVILLE_R1C4,1,-0.1649247208963864,-0.1649247208963864,6.0,0.64072,0.5848,VERT,False,5.0,0,0,GROUPE_II
2026-08-30,2026-08-30_DEAUVILLE_R1C4,2,-0.11817037077993738,-0.11817037077993738,5.0,0.64072,0.5848,VERT,True,2.0,0,1,GROUPE_II
2026-08-30,2026-08-30_DEAUVILLE_R1C4,3,0.7022686693411703,0.7022686693411703,2.0,0.64072,0.5848,VERT,True,6.0,0,0,GROUPE_II
2026-08-30,2026-08-30_DEAUVILLE_R1C4,4,0.2957591534700199,0.2957591534700199,4.0,0.64072,0.5848,VERT,True,1.0,1,1,GROUPE_II
2026-08-30,2026-08-30_DEAUVILLE_R1C4,5,0.5149218618421615,0.5149218618421615,3.0,0.64072,0.5848,VERT,True,3.0,0,0,GROUPE_II
2026-08-30,2026-08-30_DEAUVILLE_R1C4,6,-1.173193077155976,-1.173193077155976,7.0,0.64072,0.5848,VERT,False,7.0,0,0,GROUPE_II
2026-08-30,2026-08-30_DEAUVILLE_R1C4,7,0.8560073238280147,0.8560073238280147,1.0,0.64072,0.5848,VERT,True,4.0,0,0,GROUPE_II
2026-08-30,2026-08-30_DEAUVILLE_R1C5,1,0.3844465071624391,0.3844465071624391,1.0,0.396011,0.5848,NON_VERT,True,1.0,1,1,GROUPE_III
2026-08-30,2026-08-30_DEAUVILLE_R1C5,2,-0.20254341920658872,-0.20254341920658872,8.0,0.396011,0.5848,NON_VERT,False,9.0,0,0,GROUPE_III
2026-08-30,2026-08-30_DEAUVILLE_R1C5,4,-0.08001142581863928,-0.08001142581863928,5.0,0.396011,0.5848,NON_VERT,True,7.0,0,0,GROUPE_III
2026-08-30,2026-08-30_DEAUVILLE_R1C5,5,0.18642414774416233,0.18642414774416233,2.0,0.396011,0.5848,NON_VERT,True,6.0,0,0,GROUPE_III
2026-08-30,2026-08-30_DEAUVILLE_R1C5,6,0.14146679433980539,0.14146679433980539,3.0,0.396011,0.5848,NON_VERT,True,8.0,0,0,GROUPE_III
2026-08-30,2026-08-30_DEAUVILLE_R1C5,7,-0.028192475639279548,-0.028192475639279548,4.0,0.396011,0.5848,NON_VERT,True,2.0,0,1,GROUPE_III
2026-08-30,2026-08-30_DEAUVILLE_R1C5,8,-0.2946660711705958,-0.2946660711705958,9.0,0.396011,0.5848,NON_VERT,False,4.0,0,0,GROUPE_III
2026-08-30,2026-08-30_DEAUVILLE_R1C5,9,-0.44483730129531324,-0.44483730129531324,10.0,0.396011,0.5848,NON_VERT,False,3.0,0,1,GROUPE_III
2026-08-30,2026-08-30_DEAUVILLE_R1C5,10,-0.19332157567211355,-0.19332157567211355,7.0,0.396011,0.5848,NON_VERT,False,5.0,0,0,GROUPE_III
2026-08-30,2026-08-30_DEAUVILLE_R1C5,11,-0.09102091327900184,-0.09102091327900184,6.0,0.396011,0.5848,NON_VERT,False,10.0,0,0,GROUPE_III
2026-08-30,2026-08-30_DEAUVILLE_R1C6,1,0.28007281361088837,0.28007281361088837,2.0,0.422187,0.5848,NON_VERT,True,2.0,0,1,HANDICAP_DIVISE
2026-08-30,2026-08-30_DEAUVILLE_R1C6,2,0.5335429813698398,0.5335429813698398,1.0,0.422187,0.5848,NON_VERT,True,1.0,1,1,HANDICAP_DIVISE
2026-08-30,2026-08-30_DEAUVILLE_R1C6,3,0.1445958059112625,0.1445958059112625,5.0,0.422187,0.5848,NON_VERT,True,6.0,0,0,HANDICAP_DIVISE
2026-08-30,2026-08-30_DEAUVILLE_R1C6,5,-0.041442274135900514,-0.041442274135900514,7.0,0.422187,0.5848,NON_VERT,False,8.0,0,0,HANDICAP_DIVISE
2026-08-30,2026-08-30_DEAUVILLE_R1C6,6,-0.980035854379955,-0.980035854379955,9.0,0.422187,0.5848,NON_VERT,False,9.0,0,0,HANDICAP_DIVISE
2026-08-30,2026-08-30_DEAUVILLE_R1C6,7,0.1625852396825742,0.1625852396825742,4.0,0.422187,0.5848,NON_VERT,True,5.0,0,0,HANDICAP_DIVISE
2026-08-30,2026-08-30_DEAUVILLE_R1C6,8,0.06321994029817793,0.06321994029817793,6.0,0.422187,0.5848,NON_VERT,False,4.0,0,0,HANDICAP_DIVISE
2026-08-30,2026-08-30_DEAUVILLE_R1C6,9,0.25211116935828887,0.25211116935828887,3.0,0.422187,0.5848,NON_VERT,True,7.0,0,0,HANDICAP_DIVISE
2026-08-30,2026-08-30_DEAUVILLE_R1C6,10,-0.5449719874755898,-0.5449719874755898,8.0,0.422187,0.5848,NON_VERT,False,3.0,0,1,HANDICAP_DIVISE
2026-08-30,2026-08-30_DEAUVILLE_R1C6,11,-1.129352827175689,-1.129352827175689,10.0,0.422187,0.5848,NON_VERT,False,11.0,0,0,HANDICAP_DIVISE
2026-08-30,2026-08-30_DEAUVILLE_R1C6,12,-1.3082365213485079,-1.3082365213485079,11.0,0.422187,0.5848,NON_VERT,False,10.0,0,0,HANDICAP_DIVISE
2026-08-30,2026-08-30_DEAUVILLE_R1C7,1,0.4478128271974505,0.4478128271974505,1.0,0.384077,0.5848,NON_VERT,True,1.0,1,1,HANDICAP_DIVISE
2026-08-30,2026-08-30_DEAUVILLE_R1C7,2,-0.736349519829881,-0.736349519829881,11.0,0.384077,0.5848,NON_VERT,False,2.0,0,1,HANDICAP_DIVISE
2026-08-30,2026-08-30_DEAUVILLE_R1C7,3,0.2393802473313166,0.2393802473313166,2.0,0.384077,0.5848,NON_VERT,True,6.0,0,0,HANDICAP_DIVISE
2026-08-30,2026-08-30_DEAUVILLE_R1C7,4,-0.44542875166288487,-0.44542875166288487,8.0,0.384077,0.5848,NON_VERT,False,8.0,0,0,HANDICAP_DIVISE
2026-08-30,2026-08-30_DEAUVILLE_R1C7,5,-0.2379934545378675,-0.2379934545378675,7.0,0.384077,0.5848,NON_VERT,False,3.0,0,1,HANDICAP_DIVISE
2026-08-30,2026-08-30_DEAUVILLE_R1C7,6,-0.07863706934403586,-0.07863706934403586,4.0,0.384077,0.5848,NON_VERT,True,11.0,0,0,HANDICAP_DIVISE
2026-08-30,2026-08-30_DEAUVILLE_R1C7,7,-0.7499583112817167,-0.7499583112817167,12.0,0.384077,0.5848,NON_VERT,False,9.0,0,0,HANDICAP_DIVISE
2026-08-30,2026-08-30_DEAUVILLE_R1C7,8,-0.5823700503484301,-0.5823700503484301,9.0,0.384077,0.5848,NON_VERT,False,5.0,0,0,HANDICAP_DIVISE
2026-08-30,2026-08-30_DEAUVILLE_R1C7,9,-0.08486949496460343,-0.08486949496460343,5.0,0.384077,0.5848,NON_VERT,True,4.0,0,0,HANDICAP_DIVISE
2026-08-30,2026-08-30_DEAUVILLE_R1C7,10,-0.654088465258118,-0.654088465258118,10.0,0.384077,0.5848,NON_VERT,False,10.0,0,0,HANDICAP_DIVISE
2026-08-30,2026-08-30_DEAUVILLE_R1C7,11,-0.017023309082972386,-0.017023309082972386,3.0,0.384077,0.5848,NON_VERT,True,7.0,0,0,HANDICAP_DIVISE
2026-08-30,2026-08-30_DEAUVILLE_R1C7,12,-0.19606431891390733,-0.19606431891390733,6.0,0.384077,0.5848,NON_VERT,False,12.0,0,0,HANDICAP_DIVISE
2026-08-30,2026-08-30_DEAUVILLE_R1C8,1,0.012215178600139666,0.012215178600139666,5.0,0.438729,0.5848,NON_VERT,True,3.0,0,1,HANDICAP_DIVISE
2026-08-30,2026-08-30_DEAUVILLE_R1C8,2,0.36443573205853835,0.36443573205853835,1.0,0.438729,0.5848,NON_VERT,True,9.0,0,0,HANDICAP_DIVISE
2026-08-30,2026-08-30_DEAUVILLE_R1C8,3,0.11166670948031356,0.11166670948031356,4.0,0.438729,0.5848,NON_VERT,True,11.0,0,0,HANDICAP_DIVISE
2026-08-30,2026-08-30_DEAUVILLE_R1C8,4,0.35376835355787756,0.35376835355787756,2.0,0.438729,0.5848,NON_VERT,True,2.0,0,1,HANDICAP_DIVISE
2026-08-30,2026-08-30_DEAUVILLE_R1C8,5,-1.4666827615377058,-1.4666827615377058,12.0,0.438729,0.5848,NON_VERT,False,8.0,0,0,HANDICAP_DIVISE
2026-08-30,2026-08-30_DEAUVILLE_R1C8,6,-1.2227026479399017,-1.2227026479399017,10.0,0.438729,0.5848,NON_VERT,False,12.0,0,0,HANDICAP_DIVISE
2026-08-30,2026-08-30_DEAUVILLE_R1C8,7,-0.9286667831163103,-0.9286667831163103,9.0,0.438729,0.5848,NON_VERT,False,1.0,1,1,HANDICAP_DIVISE
2026-08-30,2026-08-30_DEAUVILLE_R1C8,8,-0.3018809183021402,-0.3018809183021402,6.0,0.438729,0.5848,NON_VERT,False,6.0,0,0,HANDICAP_DIVISE
2026-08-30,2026-08-30_DEAUVILLE_R1C8,9,-0.8592726082641204,-0.8592726082641204,8.0,0.438729,0.5848,NON_VERT,False,10.0,0,0,HANDICAP_DIVISE
2026-08-30,2026-08-30_DEAUVILLE_R1C8,10,-0.33735330620946213,-0.33735330620946213,7.0,0.438729,0.5848,NON_VERT,False,5.0,0,0,HANDICAP_DIVISE
2026-08-30,2026-08-30_DEAUVILLE_R1C8,11,0.15770599655025444,0.15770599655025444,3.0,0.438729,0.5848,NON_VERT,True,7.0,0,0,HANDICAP_DIVISE
2026-08-30,2026-08-30_DEAUVILLE_R1C8,12,-1.4491404716523961,-1.4491404716523961,11.0,0.438729,0.5848,NON_VERT,False,4.0,0,0,HANDICAP_DIVISE
2026-08-30,2026-08-30_SANTIAGO_R6C6,1,0.5338334489972585,0.5338334489972585,1.0,0.543491,0.5848,NON_VERT,True,4.0,0,0,COURSE_A_CONDITIONS
2026-08-30,2026-08-30_SANTIAGO_R6C6,2,-0.998338220853509,-0.998338220853509,8.0,0.543491,0.5848,NON_VERT,False,5.0,0,0,COURSE_A_CONDITIONS
2026-08-30,2026-08-30_SANTIAGO_R6C6,3,-0.5347593357614677,-0.5347593357614677,7.0,0.543491,0.5848,NON_VERT,False,6.0,0,0,COURSE_A_CONDITIONS
2026-08-30,2026-08-30_SANTIAGO_R6C6,4,-0.3981247762496087,-0.3981247762496087,6.0,0.543491,0.5848,NON_VERT,False,1.0,1,1,COURSE_A_CONDITIONS
2026-08-30,2026-08-30_SANTIAGO_R6C6,5,0.07006924238272269,0.07006924238272269,2.0,0.543491,0.5848,NON_VERT,True,3.0,0,1,COURSE_A_CONDITIONS
2026-08-30,2026-08-30_SANTIAGO_R6C6,6,-0.10045363086050403,-0.10045363086050403,4.0,0.543491,0.5848,NON_VERT,True,2.0,0,1,COURSE_A_CONDITIONS
2026-08-30,2026-08-30_SANTIAGO_R6C6,7,-0.3665608790402604,-0.3665608790402604,5.0,0.543491,0.5848,NON_VERT,True,8.0,0,0,COURSE_A_CONDITIONS
2026-08-30,2026-08-30_SANTIAGO_R6C6,8,0.05784993013754407,0.05784993013754407,3.0,0.543491,0.5848,NON_VERT,True,7.0,0,0,COURSE_A_CONDITIONS
2026-08-30,2026-08-30_SANTIAGO_R6C7,1,-1.8939885861916954,-1.8939885861916954,12.0,0.56488,0.5848,NON_VERT,False,8.0,0,0,COURSE_A_CONDITIONS
2026-08-30,2026-08-30_SANTIAGO_R6C7,2,0.5385464191076864,0.5385464191076864,2.0,0.56488,0.5848,NON_VERT,True,4.0,0,0,COURSE_A_CONDITIONS
2026-08-30,2026-08-30_SANTIAGO_R6C7,3,0.34941786504885175,0.34941786504885175,4.0,0.56488,0.5848,NON_VERT,True,10.0,0,0,COURSE_A_CONDITIONS
2026-08-30,2026-08-30_SANTIAGO_R6C7,4,-1.6472375087921705,-1.6472375087921705,10.0,0.56488,0.5848,NON_VERT,False,7.0,0,0,COURSE_A_CONDITIONS
2026-08-30,2026-08-30_SANTIAGO_R6C7,5,-2.2356772886838736,-2.2356772886838736,14.0,0.56488,0.5848,NON_VERT,False,11.0,0,0,COURSE_A_CONDITIONS
2026-08-30,2026-08-30_SANTIAGO_R6C7,6,0.41840291199778074,0.41840291199778074,3.0,0.56488,0.5848,NON_VERT,True,1.0,1,1,COURSE_A_CONDITIONS
2026-08-30,2026-08-30_SANTIAGO_R6C7,7,-1.2977311148355941,-1.2977311148355941,7.0,0.56488,0.5848,NON_VERT,False,12.0,0,0,COURSE_A_CONDITIONS
2026-08-30,2026-08-30_SANTIAGO_R6C7,8,-2.200443986030982,-2.200443986030982,13.0,0.56488,0.5848,NON_VERT,False,9.0,0,0,COURSE_A_CONDITIONS
2026-08-30,2026-08-30_SANTIAGO_R6C7,9,-0.48948030069168297,-0.48948030069168297,5.0,0.56488,0.5848,NON_VERT,True,3.0,0,1,COURSE_A_CONDITIONS
2026-08-30,2026-08-30_SANTIAGO_R6C7,10,-1.888060700239405,-1.888060700239405,11.0,0.56488,0.5848,NON_VERT,False,13.0,0,0,COURSE_A_CONDITIONS
2026-08-30,2026-08-30_SANTIAGO_R6C7,11,0.6665110396648639,0.6665110396648639,1.0,0.56488,0.5848,NON_VERT,True,2.0,0,1,COURSE_A_CONDITIONS
2026-08-30,2026-08-30_SANTIAGO_R6C7,13,-1.38556691127174,-1.38556691127174,8.0,0.56488,0.5848,NON_VERT,False,5.0,0,0,COURSE_A_CONDITIONS
2026-08-30,2026-08-30_SANTIAGO_R6C7,14,-1.4884093836380885,-1.4884093836380885,9.0,0.56488,0.5848,NON_VERT,False,6.0,0,0,COURSE_A_CONDITIONS
2026-08-30,2026-08-30_SANTIAGO_R6C7,15,-0.6969220794999321,-0.6969220794999321,6.0,0.56488,0.5848,NON_VERT,False,14.0,0,0,COURSE_A_CONDITIONS
2026-08-30,2026-08-30_MARONAS_R7C6,1,0.5589913823631942,0.5589913823631942,2.0,0.501851,0.5848,NON_VERT,True,8.0,0,0,COURSE_A_CONDITIONS
2026-08-30,2026-08-30_MARONAS_R7C6,2,0.8871690578769211,0.8871690578769211,1.0,0.501851,0.5848,NON_VERT,True,9.0,0,0,COURSE_A_CONDITIONS
2026-08-30,2026-08-30_MARONAS_R7C6,3,-0.8337078005284969,-0.8337078005284969,9.0,0.501851,0.5848,NON_VERT,False,4.0,0,0,COURSE_A_CONDITIONS
2026-08-30,2026-08-30_MARONAS_R7C6,4,0.21705715446034576,0.21705715446034576,4.0,0.501851,0.5848,NON_VERT,True,2.0,0,1,COURSE_A_CONDITIONS
2026-08-30,2026-08-30_MARONAS_R7C6,5,0.5009235375804191,0.5009235375804191,3.0,0.501851,0.5848,NON_VERT,True,6.0,0,0,COURSE_A_CONDITIONS
2026-08-30,2026-08-30_MARONAS_R7C6,6,0.07804393063027625,0.07804393063027625,6.0,0.501851,0.5848,NON_VERT,False,1.0,1,1,COURSE_A_CONDITIONS
2026-08-30,2026-08-30_MARONAS_R7C6,7,0.1045854690873221,0.1045854690873221,5.0,0.501851,0.5848,NON_VERT,True,5.0,0,0,COURSE_A_CONDITIONS
2026-08-30,2026-08-30_MARONAS_R7C6,8,-0.017805876364893513,-0.017805876364893513,7.0,0.501851,0.5848,NON_VERT,False,7.0,0,0,COURSE_A_CONDITIONS
2026-08-30,2026-08-30_MARONAS_R7C6,9,-0.06850559505023668,-0.06850559505023668,8.0,0.501851,0.5848,NON_VERT,False,3.0,0,1,COURSE_A_CONDITIONS
2026-08-30,2026-08-30_SANTIAGO_R6C8,1,0.19846636471286735,0.19846636471286735,1.0,0.721618,0.5848,VERT,True,2.0,0,1,COURSE_A_CONDITIONS
2026-08-30,2026-08-30_SANTIAGO_R6C8,2,-1.5583240030919674,-1.5583240030919674,6.0,0.721618,0.5848,VERT,False,6.0,0,0,COURSE_A_CONDITIONS
2026-08-30,2026-08-30_SANTIAGO_R6C8,4,-0.42779623904738184,-0.42779623904738184,3.0,0.721618,0.5848,VERT,True,4.0,0,0,COURSE_A_CONDITIONS
2026-08-30,2026-08-30_SANTIAGO_R6C8,6,-0.9716726079769474,-0.9716726079769474,5.0,0.721618,0.5848,VERT,True,5.0,0,0,COURSE_A_CONDITIONS
2026-08-30,2026-08-30_SANTIAGO_R6C8,7,-0.037606238469085417,-0.037606238469085417,2.0,0.721618,0.5848,VERT,True,1.0,1,1,COURSE_A_CONDITIONS
2026-08-30,2026-08-30_SANTIAGO_R6C8,8,-0.6840520991834892,-0.6840520991834892,4.0,0.721618,0.5848,VERT,True,3.0,0,1,COURSE_A_CONDITIONS
2026-08-30,2026-08-30_MARONAS_R7C7,1,0.27786836849924934,0.27786836849924934,3.0,0.456911,0.5848,NON_VERT,True,10.0,0,0,COURSE_A_CONDITIONS
2026-08-30,2026-08-30_MARONAS_R7C7,2,-0.16786657526714602,-0.16786657526714602,7.0,0.456911,0.5848,NON_VERT,False,6.0,0,0,COURSE_A_CONDITIONS
2026-08-30,2026-08-30_MARONAS_R7C7,3,0.4745515409392046,0.4745515409392046,2.0,0.456911,0.5848,NON_VERT,True,2.0,0,1,COURSE_A_CONDITIONS
2026-08-30,2026-08-30_MARONAS_R7C7,4,0.717954510752633,0.717954510752633,1.0,0.456911,0.5848,NON_VERT,True,1.0,1,1,COURSE_A_CONDITIONS
2026-08-30,2026-08-30_MARONAS_R7C7,5,-0.316435413320531,-0.316435413320531,8.0,0.456911,0.5848,NON_VERT,False,8.0,0,0,COURSE_A_CONDITIONS
2026-08-30,2026-08-30_MARONAS_R7C7,6,-0.3243242553847407,-0.3243242553847407,9.0,0.456911,0.5848,NON_VERT,False,9.0,0,0,COURSE_A_CONDITIONS
2026-08-30,2026-08-30_MARONAS_R7C7,7,-1.3961730571460558,-1.3961730571460558,10.0,0.456911,0.5848,NON_VERT,False,7.0,0,0,COURSE_A_CONDITIONS
2026-08-30,2026-08-30_MARONAS_R7C7,8,0.24187049324940843,0.24187049324940843,4.0,0.456911,0.5848,NON_VERT,True,4.0,0,0,COURSE_A_CONDITIONS
2026-08-30,2026-08-30_MARONAS_R7C7,9,-2.094264458750951,-2.094264458750951,11.0,0.456911,0.5848,NON_VERT,False,11.0,0,0,COURSE_A_CONDITIONS
2026-08-30,2026-08-30_MARONAS_R7C7,10,-0.040030011635147356,-0.040030011635147356,6.0,0.456911,0.5848,NON_VERT,False,5.0,0,0,COURSE_A_CONDITIONS
2026-08-30,2026-08-30_MARONAS_R7C7,11,0.014285218830138252,0.014285218830138252,5.0,0.456911,0.5848,NON_VERT,True,3.0,0,1,COURSE_A_CONDITIONS
2026-08-30,2026-08-30_SANTIAGO_R6C9,1,0.3411177807940342,0.3411177807940342,3.0,0.671706,0.5848,VERT,True,3.0,0,0,GROUPE_II
2026-08-30,2026-08-30_SANTIAGO_R6C9,2,0.316569525103626,0.316569525103626,4.0,0.671706,0.5848,VERT,True,1.0,1,1,GROUPE_II
2026-08-30,2026-08-30_SANTIAGO_R6C9,3,0.30201030469965584,0.30201030469965584,5.0,0.671706,0.5848,VERT,True,5.0,0,0,GROUPE_II
2026-08-30,2026-08-30_SANTIAGO_R6C9,4,0.6828234383119636,0.6828234383119636,2.0,0.671706,0.5848,VERT,True,2.0,0,1,GROUPE_II
2026-08-30,2026-08-30_SANTIAGO_R6C9,5,0.7836656019785396,0.7836656019785396,1.0,0.671706,0.5848,VERT,True,4.0,0,0,GROUPE_II
2026-08-30,2026-08-30_MARONAS_R7C8,1,-0.4380424977026453,-0.4380424977026453,7.0,0.435183,0.5848,NON_VERT,False,4.0,0,0,COURSE_A_CONDITIONS
2026-08-30,2026-08-30_MARONAS_R7C8,4,-0.7149018690019098,-0.7149018690019098,9.0,0.435183,0.5848,NON_VERT,False,8.0,0,0,COURSE_A_CONDITIONS
2026-08-30,2026-08-30_MARONAS_R7C8,5,0.5220148264587287,0.5220148264587287,1.0,0.435183,0.5848,NON_VERT,True,1.0,1,1,COURSE_A_CONDITIONS
2026-08-30,2026-08-30_MARONAS_R7C8,6,-0.6189681707062067,-0.6189681707062067,8.0,0.435183,0.5848,NON_VERT,False,11.0,0,0,COURSE_A_CONDITIONS
2026-08-30,2026-08-30_MARONAS_R7C8,7,0.2132024363510029,0.2132024363510029,2.0,0.435183,0.5848,NON_VERT,True,2.0,0,1,COURSE_A_CONDITIONS
2026-08-30,2026-08-30_MARONAS_R7C8,8,-0.7774903250208988,-0.7774903250208988,12.0,0.435183,0.5848,NON_VERT,False,5.0,0,0,COURSE_A_CONDITIONS
2026-08-30,2026-08-30_MARONAS_R7C8,9,-0.7544602130951992,-0.7544602130951992,10.0,0.435183,0.5848,NON_VERT,False,12.0,0,0,COURSE_A_CONDITIONS
2026-08-30,2026-08-30_MARONAS_R7C8,10,0.18975350352700437,0.18975350352700437,3.0,0.435183,0.5848,NON_VERT,True,6.0,0,0,COURSE_A_CONDITIONS
2026-08-30,2026-08-30_MARONAS_R7C8,11,-0.2318257910055792,-0.2318257910055792,4.0,0.435183,0.5848,NON_VERT,True,3.0,0,1,COURSE_A_CONDITIONS
2026-08-30,2026-08-30_MARONAS_R7C8,12,-0.29041585718276386,-0.29041585718276386,6.0,0.435183,0.5848,NON_VERT,False,9.0,0,0,COURSE_A_CONDITIONS
2026-08-30,2026-08-30_MARONAS_R7C8,13,-0.759050692768877,-0.759050692768877,11.0,0.435183,0.5848,NON_VERT,False,10.0,0,0,COURSE_A_CONDITIONS
2026-08-30,2026-08-30_MARONAS_R7C8,14,-0.28654637371917674,-0.28654637371917674,5.0,0.435183,0.5848,NON_VERT,True,7.0,0,0,COURSE_A_CONDITIONS
2026-08-30,2026-08-30_SANTIAGO_R6C10,1,-0.070847867572143,-0.070847867572143,3.0,0.305958,0.5848,NON_VERT,True,10.0,0,0,HANDICAP
2026-08-30,2026-08-30_SANTIAGO_R6C10,2,-0.9962376545714305,-0.9962376545714305,14.0,0.305958,0.5848,NON_VERT,False,13.0,0,0,HANDICAP
2026-08-30,2026-08-30_SANTIAGO_R6C10,3,0.1613429726999043,0.1613429726999043,1.0,0.305958,0.5848,NON_VERT,True,1.0,1,1,HANDICAP
2026-08-30,2026-08-30_SANTIAGO_R6C10,4,-0.22685924710924707,-0.22685924710924707,6.0,0.305958,0.5848,NON_VERT,False,14.0,0,0,HANDICAP
2026-08-30,2026-08-30_SANTIAGO_R6C10,5,-0.3538215624063013,-0.3538215624063013,8.0,0.305958,0.5848,NON_VERT,False,15.0,0,0,HANDICAP
2026-08-30,2026-08-30_SANTIAGO_R6C10,6,-0.5775127222280968,-0.5775127222280968,10.0,0.305958,0.5848,NON_VERT,False,11.0,0,0,HANDICAP
2026-08-30,2026-08-30_SANTIAGO_R6C10,7,-0.1745109084027288,-0.1745109084027288,4.0,0.305958,0.5848,NON_VERT,True,6.0,0,0,HANDICAP
2026-08-30,2026-08-30_SANTIAGO_R6C10,8,-0.9523251544354723,-0.9523251544354723,13.0,0.305958,0.5848,NON_VERT,False,12.0,0,0,HANDICAP
2026-08-30,2026-08-30_SANTIAGO_R6C10,9,0.01915059661240082,0.01915059661240082,2.0,0.305958,0.5848,NON_VERT,True,3.0,0,1,HANDICAP
2026-08-30,2026-08-30_SANTIAGO_R6C10,10,-0.7799681762866241,-0.7799681762866241,12.0,0.305958,0.5848,NON_VERT,False,5.0,0,0,HANDICAP
2026-08-30,2026-08-30_SANTIAGO_R6C10,11,-0.3318306291629803,-0.3318306291629803,7.0,0.305958,0.5848,NON_VERT,False,4.0,0,0,HANDICAP
2026-08-30,2026-08-30_SANTIAGO_R6C10,12,-0.4804791330181003,-0.4804791330181003,9.0,0.305958,0.5848,NON_VERT,False,8.0,0,0,HANDICAP
2026-08-30,2026-08-30_SANTIAGO_R6C10,13,-1.1060500066853403,-1.1060500066853403,15.0,0.305958,0.5848,NON_VERT,False,9.0,0,0,HANDICAP
2026-08-30,2026-08-30_SANTIAGO_R6C10,14,-0.7115383574752385,-0.7115383574752385,11.0,0.305958,0.5848,NON_VERT,False,2.0,0,1,HANDICAP
2026-08-30,2026-08-30_SANTIAGO_R6C10,15,-0.19897760187804844,-0.19897760187804844,5.0,0.305958,0.5848,NON_VERT,True,7.0,0,0,HANDICAP
2026-08-30,2026-08-30_MARONAS_R7C9,1,-1.2669274990178945,-1.2669274990178945,8.0,0.543912,0.5848,NON_VERT,False,5.0,0,0,COURSE_A_CONDITIONS
2026-08-30,2026-08-30_MARONAS_R7C9,2,-1.4031608706426455,-1.4031608706426455,9.0,0.543912,0.5848,NON_VERT,False,2.0,0,1,COURSE_A_CONDITIONS
2026-08-30,2026-08-30_MARONAS_R7C9,3,-0.5203890231324269,-0.5203890231324269,5.0,0.543912,0.5848,NON_VERT,True,9.0,0,0,COURSE_A_CONDITIONS
2026-08-30,2026-08-30_MARONAS_R7C9,4,-0.13339869751241384,-0.13339869751241384,2.0,0.543912,0.5848,NON_VERT,True,7.0,0,0,COURSE_A_CONDITIONS
2026-08-30,2026-08-30_MARONAS_R7C9,5,-2.1139311065613144,-2.1139311065613144,10.0,0.543912,0.5848,NON_VERT,False,10.0,0,0,COURSE_A_CONDITIONS
2026-08-30,2026-08-30_MARONAS_R7C9,6,-0.38009260394089306,-0.38009260394089306,4.0,0.543912,0.5848,NON_VERT,True,6.0,0,0,COURSE_A_CONDITIONS
2026-08-30,2026-08-30_MARONAS_R7C9,7,0.6340578808216515,0.6340578808216515,1.0,0.543912,0.5848,NON_VERT,True,8.0,0,0,COURSE_A_CONDITIONS
2026-08-30,2026-08-30_MARONAS_R7C9,8,-0.7889094516028092,-0.7889094516028092,7.0,0.543912,0.5848,NON_VERT,False,3.0,0,1,COURSE_A_CONDITIONS
2026-08-30,2026-08-30_MARONAS_R7C9,9,-0.6189670148825533,-0.6189670148825533,6.0,0.543912,0.5848,NON_VERT,False,4.0,0,0,COURSE_A_CONDITIONS
2026-08-30,2026-08-30_MARONAS_R7C9,10,-0.32715914868778523,-0.32715914868778523,3.0,0.543912,0.5848,NON_VERT,True,1.0,1,1,COURSE_A_CONDITIONS
2026-08-30,2026-08-30_SANTIAGO_R6C11,1,0.026557016112310407,0.026557016112310407,8.0,0.381014,0.5848,NON_VERT,False,14.0,0,0,GROUPE_I
2026-08-30,2026-08-30_SANTIAGO_R6C11,2,-0.11924359601544883,-0.11924359601544883,11.0,0.381014,0.5848,NON_VERT,False,15.0,0,0,GROUPE_I
2026-08-30,2026-08-30_SANTIAGO_R6C11,3,-0.3400517596958975,-0.3400517596958975,15.0,0.381014,0.5848,NON_VERT,False,6.0,0,0,GROUPE_I
2026-08-30,2026-08-30_SANTIAGO_R6C11,4,-0.42454272118140035,-0.42454272118140035,16.0,0.381014,0.5848,NON_VERT,False,16.0,0,0,GROUPE_I
2026-08-30,2026-08-30_SANTIAGO_R6C11,5,0.43689637659395975,0.43689637659395975,6.0,0.381014,0.5848,NON_VERT,False,5.0,0,0,GROUPE_I
2026-08-30,2026-08-30_SANTIAGO_R6C11,6,0.7541246157143378,0.7541246157143378,3.0,0.381014,0.5848,NON_VERT,True,1.0,1,1,GROUPE_I
2026-08-30,2026-08-30_SANTIAGO_R6C11,7,0.42398521288339874,0.42398521288339874,7.0,0.381014,0.5848,NON_VERT,False,3.0,0,1,GROUPE_I
2026-08-30,2026-08-30_SANTIAGO_R6C11,8,0.5126918237579401,0.5126918237579401,4.0,0.381014,0.5848,NON_VERT,True,7.0,0,0,GROUPE_I
2026-08-30,2026-08-30_SANTIAGO_R6C11,9,0.4824021923744201,0.4824021923744201,5.0,0.381014,0.5848,NON_VERT,True,8.0,0,0,GROUPE_I
2026-08-30,2026-08-30_SANTIAGO_R6C11,10,-0.12640488241227568,-0.12640488241227568,12.0,0.381014,0.5848,NON_VERT,False,9.0,0,0,GROUPE_I
2026-08-30,2026-08-30_SANTIAGO_R6C11,11,1.4884471195353062,1.4884471195353062,1.0,0.381014,0.5848,NON_VERT,True,4.0,0,0,GROUPE_I
2026-08-30,2026-08-30_SANTIAGO_R6C11,12,1.0230251226344227,1.0230251226344227,2.0,0.381014,0.5848,NON_VERT,True,2.0,0,1,GROUPE_I
2026-08-30,2026-08-30_SANTIAGO_R6C11,13,-0.15504255426795538,-0.15504255426795538,13.0,0.381014,0.5848,NON_VERT,False,17.0,0,0,GROUPE_I
2026-08-30,2026-08-30_SANTIAGO_R6C11,14,-0.5594213061382132,-0.5594213061382132,17.0,0.381014,0.5848,NON_VERT,False,12.0,0,0,GROUPE_I
2026-08-30,2026-08-30_SANTIAGO_R6C11,15,-0.03484794308710613,-0.03484794308710613,9.0,0.381014,0.5848,NON_VERT,False,11.0,0,0,GROUPE_I
2026-08-30,2026-08-30_SANTIAGO_R6C11,16,-0.5898250013221816,-0.5898250013221816,18.0,0.381014,0.5848,NON_VERT,False,10.0,0,0,GROUPE_I
2026-08-30,2026-08-30_SANTIAGO_R6C11,17,-0.24275708529731757,-0.24275708529731757,14.0,0.381014,0.5848,NON_VERT,False,18.0,0,0,GROUPE_I
2026-08-30,2026-08-30_SANTIAGO_R6C11,18,-0.09455529156349199,-0.09455529156349199,10.0,0.381014,0.5848,NON_VERT,False,13.0,0,0,GROUPE_I
2026-08-30,2026-08-30_MARONAS_R7C10,1,-0.35118452466100475,-0.35118452466100475,9.0,0.530723,0.5848,NON_VERT,False,10.0,0,0,COURSE_A_CONDITIONS
2026-08-30,2026-08-30_MARONAS_R7C10,3,0.02268693364789406,0.02268693364789406,4.0,0.530723,0.5848,NON_VERT,True,1.0,1,1,COURSE_A_CONDITIONS
2026-08-30,2026-08-30_MARONAS_R7C10,4,-0.06935831334574583,-0.06935831334574583,7.0,0.530723,0.5848,NON_VERT,False,9.0,0,0,COURSE_A_CONDITIONS
2026-08-30,2026-08-30_MARONAS_R7C10,5,-0.03161098812036927,-0.03161098812036927,6.0,0.530723,0.5848,NON_VERT,False,5.0,0,0,COURSE_A_CONDITIONS
2026-08-30,2026-08-30_MARONAS_R7C10,6,-0.0873663858978225,-0.0873663858978225,8.0,0.530723,0.5848,NON_VERT,False,4.0,0,0,COURSE_A_CONDITIONS
2026-08-30,2026-08-30_MARONAS_R7C10,7,-0.021266348341979557,-0.021266348341979557,5.0,0.530723,0.5848,NON_VERT,True,6.0,0,0,COURSE_A_CONDITIONS
2026-08-30,2026-08-30_MARONAS_R7C10,8,1.1044114107591656,1.1044114107591656,1.0,0.530723,0.5848,NON_VERT,True,2.0,0,1,COURSE_A_CONDITIONS
2026-08-30,2026-08-30_MARONAS_R7C10,9,-0.6617186923169835,-0.6617186923169835,10.0,0.530723,0.5848,NON_VERT,False,3.0,0,1,COURSE_A_CONDITIONS
2026-08-30,2026-08-30_MARONAS_R7C10,10,0.3561576556670493,0.3561576556670493,3.0,0.530723,0.5848,NON_VERT,True,8.0,0,0,COURSE_A_CONDITIONS
2026-08-30,2026-08-30_MARONAS_R7C10,12,0.8694189659276587,0.8694189659276587,2.0,0.530723,0.5848,NON_VERT,True,7.0,0,0,COURSE_A_CONDITIONS
2026-08-30,2026-08-30_SANTIAGO_R6C12,2,0.3663065539520703,0.3663065539520703,1.0,0.487254,0.5848,NON_VERT,True,1.0,1,1,HANDICAP
2026-08-30,2026-08-30_SANTIAGO_R6C12,3,-0.19851465544544772,-0.19851465544544772,4.0,0.487254,0.5848,NON_VERT,True,7.0,0,0,HANDICAP
2026-08-30,2026-08-30_SANTIAGO_R6C12,5,-0.09980287186680817,-0.09980287186680817,3.0,0.487254,0.5848,NON_VERT,True,2.0,0,1,HANDICAP
2026-08-30,2026-08-30_SANTIAGO_R6C12,6,-0.22159534589299112,-0.22159534589299112,5.0,0.487254,0.5848,NON_VERT,True,6.0,0,0,HANDICAP
2026-08-30,2026-08-30_SANTIAGO_R6C12,7,-0.35387306307777167,-0.35387306307777167,6.0,0.487254,0.5848,NON_VERT,False,8.0,0,0,HANDICAP
2026-08-30,2026-08-30_SANTIAGO_R6C12,8,0.03148584501648992,0.03148584501648992,2.0,0.487254,0.5848,NON_VERT,True,3.0,0,1,HANDICAP
2026-08-30,2026-08-30_SANTIAGO_R6C12,9,-0.5271233388636286,-0.5271233388636286,8.0,0.487254,0.5848,NON_VERT,False,4.0,0,0,HANDICAP
2026-08-30,2026-08-30_SANTIAGO_R6C12,10,-0.4420047359294751,-0.4420047359294751,7.0,0.487254,0.5848,NON_VERT,False,5.0,0,0,HANDICAP
2026-08-31,2026-08-31_CASABLANCA_R2C1,1,-0.4808403992605343,-0.4808403992605343,5,0.810575,0.5848,VERT,True,5.0,0,0,COURSE_A_CONDITIONS
2026-08-31,2026-08-31_CASABLANCA_R2C1,2,1.2184374068694357,1.2184374068694357,1,0.810575,0.5848,VERT,True,1.0,1,1,COURSE_A_CONDITIONS
2026-08-31,2026-08-31_CASABLANCA_R2C1,3,-0.4719674751292927,-0.4719674751292927,4,0.810575,0.5848,VERT,True,2.0,0,1,COURSE_A_CONDITIONS
2026-08-31,2026-08-31_CASABLANCA_R2C1,4,-0.0411627602598145,-0.0411627602598145,3,0.810575,0.5848,VERT,True,4.0,0,0,COURSE_A_CONDITIONS
2026-08-31,2026-08-31_CASABLANCA_R2C1,5,-0.027077370642872,-0.027077370642872,2,0.810575,0.5848,VERT,True,3.0,0,0,COURSE_A_CONDITIONS
2026-08-31,2026-08-31_CASABLANCA_R2C2,1,-0.2901869109514599,-0.2901869109514599,4,0.643169,0.5848,VERT,True,3.0,0,1,COURSE_A_CONDITIONS
2026-08-31,2026-08-31_CASABLANCA_R2C2,2,-0.9076053886321188,-0.9076053886321188,7,0.643169,0.5848,VERT,False,5.0,0,0,COURSE_A_CONDITIONS
2026-08-31,2026-08-31_CASABLANCA_R2C2,3,-0.5918193447449365,-0.5918193447449365,6,0.643169,0.5848,VERT,False,4.0,0,0,COURSE_A_CONDITIONS
2026-08-31,2026-08-31_CASABLANCA_R2C2,4,1.3093793901423232,1.3093793901423232,1,0.643169,0.5848,VERT,True,1.0,1,1,COURSE_A_CONDITIONS
2026-08-31,2026-08-31_CASABLANCA_R2C2,5,-1.0878399909228176,-1.0878399909228176,8,0.643169,0.5848,VERT,False,8.0,0,0,COURSE_A_CONDITIONS
2026-08-31,2026-08-31_CASABLANCA_R2C2,6,-0.1412446594646521,-0.1412446594646521,2,0.643169,0.5848,VERT,True,2.0,0,1,COURSE_A_CONDITIONS
2026-08-31,2026-08-31_CASABLANCA_R2C2,7,-0.143587190417497,-0.143587190417497,3,0.643169,0.5848,VERT,True,6.0,0,0,COURSE_A_CONDITIONS
2026-08-31,2026-08-31_CASABLANCA_R2C2,8,-0.3554753369925019,-0.3554753369925019,5,0.643169,0.5848,VERT,True,7.0,0,0,COURSE_A_CONDITIONS
2026-08-31,2026-08-31_CASABLANCA_R2C2,9,-1.2927691792206917,-1.2927691792206917,9,0.643169,0.5848,VERT,False,9.0,0,0,COURSE_A_CONDITIONS
2026-08-31,2026-08-31_CASABLANCA_R2C3,1,-0.3747276189849006,-0.3747276189849006,3,0.520394,0.5848,NON_VERT,True,6.0,0,0,HANDICAP
2026-08-31,2026-08-31_CASABLANCA_R2C3,2,-0.6677867315190067,-0.6677867315190067,7,0.520394,0.5848,NON_VERT,False,5.0,0,0,HANDICAP
2026-08-31,2026-08-31_CASABLANCA_R2C3,3,0.2071892401594702,0.2071892401594702,1,0.520394,0.5848,NON_VERT,True,3.0,0,1,HANDICAP
2026-08-31,2026-08-31_CASABLANCA_R2C3,4,-0.2023945677770161,-0.2023945677770161,2,0.520394,0.5848,NON_VERT,True,1.0,1,1,HANDICAP
2026-08-31,2026-08-31_CASABLANCA_R2C3,5,-0.630244052745563,-0.630244052745563,6,0.520394,0.5848,NON_VERT,False,7.0,0,0,HANDICAP
2026-08-31,2026-08-31_CASABLANCA_R2C3,7,-0.5727835693614273,-0.5727835693614273,4,0.520394,0.5848,NON_VERT,True,2.0,0,1,HANDICAP
2026-08-31,2026-08-31_CASABLANCA_R2C3,8,-0.5764711699993961,-0.5764711699993961,5,0.520394,0.5848,NON_VERT,True,4.0,0,0,HANDICAP
2026-08-31,2026-08-31_CASABLANCA_R2C3,9,-1.0526638603859642,-1.0526638603859642,8,0.520394,0.5848,NON_VERT,False,8.0,0,0,HANDICAP
2026-08-31,2026-08-31_CASABLANCA_R2C4,1,-0.7615664877628486,-0.7615664877628486,11,0.367816,0.5848,NON_VERT,False,9.0,0,0,HANDICAP
2026-08-31,2026-08-31_CASABLANCA_R2C4,2,-0.3519381663094079,-0.3519381663094079,5,0.367816,0.5848,NON_VERT,True,1.0,1,1,HANDICAP
2026-08-31,2026-08-31_CASABLANCA_R2C4,3,-0.5204001074321645,-0.5204001074321645,8,0.367816,0.5848,NON_VERT,False,12.0,0,0,HANDICAP
2026-08-31,2026-08-31_CASABLANCA_R2C4,4,-0.8117515057886181,-0.8117515057886181,12,0.367816,0.5848,NON_VERT,False,13.0,0,0,HANDICAP
2026-08-31,2026-08-31_CASABLANCA_R2C4,5,0.0735616492164523,0.0735616492164523,2,0.367816,0.5848,NON_VERT,True,4.0,0,0,HANDICAP
2026-08-31,2026-08-31_CASABLANCA_R2C4,6,-0.3527012106523113,-0.3527012106523113,6,0.367816,0.5848,NON_VERT,False,3.0,0,1,HANDICAP
2026-08-31,2026-08-31_CASABLANCA_R2C4,7,-1.060015620192997,-1.060015620192997,14,0.367816,0.5848,NON_VERT,False,10.0,0,0,HANDICAP
2026-08-31,2026-08-31_CASABLANCA_R2C4,8,0.0088790573685235,0.0088790573685235,3,0.367816,0.5848,NON_VERT,True,11.0,0,0,HANDICAP
2026-08-31,2026-08-31_CASABLANCA_R2C4,9,-0.5314464943677443,-0.5314464943677443,9,0.367816,0.5848,NON_VERT,False,5.0,0,0,HANDICAP
2026-08-31,2026-08-31_CASABLANCA_R2C4,10,-0.3123538346620967,-0.3123538346620967,4,0.367816,0.5848,NON_VERT,True,8.0,0,0,HANDICAP
2026-08-31,2026-08-31_CASABLANCA_R2C4,11,-0.6473308942657828,-0.6473308942657828,10,0.367816,0.5848,NON_VERT,False,7.0,0,0,HANDICAP
2026-08-31,2026-08-31_CASABLANCA_R2C4,12,-1.0124032493344557,-1.0124032493344557,13,0.367816,0.5848,NON_VERT,False,14.0,0,0,HANDICAP
2026-08-31,2026-08-31_CASABLANCA_R2C4,13,-0.3537555343017673,-0.3537555343017673,7,0.367816,0.5848,NON_VERT,False,6.0,0,0,HANDICAP
2026-08-31,2026-08-31_CASABLANCA_R2C4,14,0.4070179597620987,0.4070179597620987,1,0.367816,0.5848,NON_VERT,True,2.0,0,1,HANDICAP
2026-08-31,2026-08-31_CASABLANCA_R2C5,1,0.4154186871946299,0.4154186871946299,1,0.538906,0.5848,NON_VERT,True,1.0,1,1,COURSE_A_CONDITIONS
2026-08-31,2026-08-31_CASABLANCA_R2C5,2,-1.2030489027938818,-1.2030489027938818,7,0.538906,0.5848,NON_VERT,False,2.0,0,1,COURSE_A_CONDITIONS
2026-08-31,2026-08-31_CASABLANCA_R2C5,3,-0.1153871793064341,-0.1153871793064341,4,0.538906,0.5848,NON_VERT,True,5.0,0,0,COURSE_A_CONDITIONS
2026-08-31,2026-08-31_CASABLANCA_R2C5,4,0.0546816432510395,0.0546816432510395,3,0.538906,0.5848,NON_VERT,True,7.0,0,0,COURSE_A_CONDITIONS
2026-08-31,2026-08-31_CASABLANCA_R2C5,5,-1.3933498036122207,-1.3933498036122207,9,0.538906,0.5848,NON_VERT,False,9.0,0,0,COURSE_A_CONDITIONS
2026-08-31,2026-08-31_CASABLANCA_R2C5,6,-1.3389127339115106,-1.3389127339115106,8,0.538906,0.5848,NON_VERT,False,6.0,0,0,COURSE_A_CONDITIONS
2026-08-31,2026-08-31_CASABLANCA_R2C5,7,-0.4203021290510951,-0.4203021290510951,6,0.538906,0.5848,NON_VERT,False,8.0,0,0,COURSE_A_CONDITIONS
2026-08-31,2026-08-31_CASABLANCA_R2C5,8,-0.2153764671826737,-0.2153764671826737,5,0.538906,0.5848,NON_VERT,True,3.0,0,1,COURSE_A_CONDITIONS
2026-08-31,2026-08-31_CASABLANCA_R2C5,9,0.1201119406105216,0.1201119406105216,2,0.538906,0.5848,NON_VERT,True,4.0,0,0,COURSE_A_CONDITIONS
2026-08-31,2026-08-31_PALERMO_R6C10,1,0.3304171034878632,0.3304171034878632,5,0.433366,0.5848,NON_VERT,True,1.0,1,1,COURSE_A_CONDITIONS
2026-08-31,2026-08-31_PALERMO_R6C10,2,0.3548639255873402,0.3548639255873402,4,0.433366,0.5848,NON_VERT,True,4.0,0,0,COURSE_A_CONDITIONS
2026-08-31,2026-08-31_PALERMO_R6C10,3,0.1966857361172039,0.1966857361172039,6,0.433366,0.5848,NON_VERT,False,3.0,0,1,COURSE_A_CONDITIONS
2026-08-31,2026-08-31_PALERMO_R6C10,4,0.4454296802192243,0.4454296802192243,1,0.433366,0.5848,NON_VERT,True,8.0,0,0,COURSE_A_CONDITIONS
2026-08-31,2026-08-31_PALERMO_R6C10,5,-0.0409569916683566,-0.0409569916683566,8,0.433366,0.5848,NON_VERT,False,6.0,0,0,COURSE_A_CONDITIONS
2026-08-31,2026-08-31_PALERMO_R6C10,6,-0.0108106934019935,-0.0108106934019935,7,0.433366,0.5848,NON_VERT,False,7.0,0,0,COURSE_A_CONDITIONS
2026-08-31,2026-08-31_PALERMO_R6C10,7,0.4039994230117071,0.4039994230117071,3,0.433366,0.5848,NON_VERT,True,5.0,0,0,COURSE_A_CONDITIONS
2026-08-31,2026-08-31_PALERMO_R6C10,8,0.4171629629977294,0.4171629629977294,2,0.433366,0.5848,NON_VERT,True,2.0,0,1,COURSE_A_CONDITIONS
2026-08-31,2026-08-31_PALERMO_R6C11,1,0.250333979147508,0.250333979147508,4,0.51114,0.5848,NON_VERT,True,5.0,0,0,COURSE_A_CONDITIONS
2026-08-31,2026-08-31_PALERMO_R6C11,2,-0.0630406350876373,-0.0630406350876373,6,0.51114,0.5848,NON_VERT,False,8.0,0,0,COURSE_A_CONDITIONS
2026-08-31,2026-08-31_PALERMO_R6C11,3,0.9107816193266072,0.9107816193266072,1,0.51114,0.5848,NON_VERT,True,1.0,1,1,COURSE_A_CONDITIONS
2026-08-31,2026-08-31_PALERMO_R6C11,4,0.4868208120575151,0.4868208120575151,2,0.51114,0.5848,NON_VERT,True,4.0,0,0,COURSE_A_CONDITIONS
2026-08-31,2026-08-31_PALERMO_R6C11,5,0.2663048023701182,0.2663048023701182,3,0.51114,0.5848,NON_VERT,True,6.0,0,0,COURSE_A_CONDITIONS
2026-08-31,2026-08-31_PALERMO_R6C11,7,-0.18708789273058,-0.18708789273058,8,0.51114,0.5848,NON_VERT,False,3.0,0,1,COURSE_A_CONDITIONS
2026-08-31,2026-08-31_PALERMO_R6C11,8,0.2188545525602509,0.2188545525602509,5,0.51114,0.5848,NON_VERT,True,2.0,0,1,COURSE_A_CONDITIONS
2026-08-31,2026-08-31_PALERMO_R6C11,9,-0.1222119467949979,-0.1222119467949979,7,0.51114,0.5848,NON_VERT,False,7.0,0,0,COURSE_A_CONDITIONS
2026-08-31,2026-08-31_PALERMO_R6C6,1,0.6530584213056302,0.6530584213056302,3,0.420821,0.5848,NON_VERT,True,10.0,0,0,HANDICAP
2026-08-31,2026-08-31_PALERMO_R6C6,2,-0.324381903263257,-0.324381903263257,10,0.420821,0.5848,NON_VERT,False,7.0,0,0,HANDICAP
2026-08-31,2026-08-31_PALERMO_R6C6,3,0.0483083438348662,0.0483083438348662,8,0.420821,0.5848,NON_VERT,False,6.0,0,0,HANDICAP
2026-08-31,2026-08-31_PALERMO_R6C6,4,0.2904190461550005,0.2904190461550005,6,0.420821,0.5848,NON_VERT,False,1.0,1,1,HANDICAP
2026-08-31,2026-08-31_PALERMO_R6C6,5,0.4478390480366792,0.4478390480366792,5,0.420821,0.5848,NON_VERT,True,3.0,0,1,HANDICAP
2026-08-31,2026-08-31_PALERMO_R6C6,6,0.5248612713666159,0.5248612713666159,4,0.420821,0.5848,NON_VERT,True,5.0,0,0,HANDICAP
2026-08-31,2026-08-31_PALERMO_R6C6,7,-0.1948434926194103,-0.1948434926194103,9,0.420821,0.5848,NON_VERT,False,11.0,0,0,HANDICAP
2026-08-31,2026-08-31_PALERMO_R6C6,8,-0.6364888502498898,-0.6364888502498898,11,0.420821,0.5848,NON_VERT,False,4.0,0,0,HANDICAP
2026-08-31,2026-08-31_PALERMO_R6C6,9,0.8962002086554858,0.8962002086554858,1,0.420821,0.5848,NON_VERT,True,8.0,0,0,HANDICAP
2026-08-31,2026-08-31_PALERMO_R6C6,10,0.7695670714619731,0.7695670714619731,2,0.420821,0.5848,NON_VERT,True,9.0,0,0,HANDICAP
2026-08-31,2026-08-31_PALERMO_R6C6,11,0.2400274774263699,0.2400274774263699,7,0.420821,0.5848,NON_VERT,False,2.0,0,1,HANDICAP
2026-08-31,2026-08-31_PALERMO_R6C7,1,0.8114883349471019,0.8114883349471019,2,0.667222,0.5848,VERT,True,3.0,0,0,COURSE_A_CONDITIONS
2026-08-31,2026-08-31_PALERMO_R6C7,2,0.0068484255685613,0.0068484255685613,5,0.667222,0.5848,VERT,True,5.0,0,0,COURSE_A_CONDITIONS
2026-08-31,2026-08-31_PALERMO_R6C7,3,0.432757156250393,0.432757156250393,3,0.667222,0.5848,VERT,True,1.0,1,1,COURSE_A_CONDITIONS
2026-08-31,2026-08-31_PALERMO_R6C7,4,-0.26462707273302,-0.26462707273302,6,0.667222,0.5848,VERT,False,6.0,0,0,COURSE_A_CONDITIONS
2026-08-31,2026-08-31_PALERMO_R6C7,5,-0.4748985627994659,-0.4748985627994659,7,0.667222,0.5848,VERT,False,7.0,0,0,COURSE_A_CONDITIONS
2026-08-31,2026-08-31_PALERMO_R6C7,6,0.0825325303849404,0.0825325303849404,4,0.667222,0.5848,VERT,True,4.0,0,0,COURSE_A_CONDITIONS
2026-08-31,2026-08-31_PALERMO_R6C7,7,1.159824878767369,1.159824878767369,1,0.667222,0.5848,VERT,True,2.0,0,1,COURSE_A_CONDITIONS
2026-08-31,2026-08-31_PALERMO_R6C8,1,0.5720631767789313,0.5720631767789313,2,0.651704,0.5848,VERT,True,4.0,0,0,COURSE_A_CONDITIONS
2026-08-31,2026-08-31_PALERMO_R6C8,2,-1.6451233377022978,-1.6451233377022978,8,0.651704,0.5848,VERT,False,8.0,0,0,COURSE_A_CONDITIONS
2026-08-31,2026-08-31_PALERMO_R6C8,3,0.7709968775654734,0.7709968775654734,1,0.651704,0.5848,VERT,True,1.0,1,1,COURSE_A_CONDITIONS
2026-08-31,2026-08-31_PALERMO_R6C8,5,-1.3839441240547388,-1.3839441240547388,7,0.651704,0.5848,VERT,False,6.0,0,0,COURSE_A_CONDITIONS
2026-08-31,2026-08-31_PALERMO_R6C8,6,-0.1359344810486882,-0.1359344810486882,5,0.651704,0.5848,VERT,True,2.0,0,1,COURSE_A_CONDITIONS
2026-08-31,2026-08-31_PALERMO_R6C8,7,0.0449706870361411,0.0449706870361411,4,0.651704,0.5848,VERT,True,7.0,0,0,COURSE_A_CONDITIONS
2026-08-31,2026-08-31_PALERMO_R6C8,8,0.3550793422240489,0.3550793422240489,3,0.651704,0.5848,VERT,True,5.0,0,0,COURSE_A_CONDITIONS
2026-08-31,2026-08-31_PALERMO_R6C8,9,-0.6887679571217717,-0.6887679571217717,6,0.651704,0.5848,VERT,False,3.0,0,1,COURSE_A_CONDITIONS
2026-08-31,2026-08-31_PALERMO_R6C9,1,0.8110845055336392,0.8110845055336392,1,0.722548,0.5848,VERT,True,1.0,1,1,COURSE_A_CONDITIONS
2026-08-31,2026-08-31_PALERMO_R6C9,2,-0.323138763910724,-0.323138763910724,4,0.722548,0.5848,VERT,True,6.0,0,0,COURSE_A_CONDITIONS
2026-08-31,2026-08-31_PALERMO_R6C9,3,-0.5669317588423102,-0.5669317588423102,6,0.722548,0.5848,VERT,False,5.0,0,0,COURSE_A_CONDITIONS
2026-08-31,2026-08-31_PALERMO_R6C9,4,0.2281996352955077,0.2281996352955077,3,0.722548,0.5848,VERT,True,4.0,0,0,COURSE_A_CONDITIONS
2026-08-31,2026-08-31_PALERMO_R6C9,5,-0.5146531345903036,-0.5146531345903036,5,0.722548,0.5848,VERT,True,3.0,0,0,COURSE_A_CONDITIONS
2026-08-31,2026-08-31_PALERMO_R6C9,6,0.3452171161833953,0.3452171161833953,2,0.722548,0.5848,VERT,True,2.0,0,1,COURSE_A_CONDITIONS
2026-08-31,2026-08-31_SAINT-CLOUD_R1C1,1,0.3254926938632745,0.3254926938632745,4,0.34262,0.5848,NON_VERT,True,1.0,1,1,HANDICAP_DIVISE
2026-08-31,2026-08-31_SAINT-CLOUD_R1C1,2,0.0055279127306871,0.0055279127306871,8,0.34262,0.5848,NON_VERT,False,2.0,0,1,HANDICAP_DIVISE
2026-08-31,2026-08-31_SAINT-CLOUD_R1C1,3,0.002469561630046,0.002469561630046,9,0.34262,0.5848,NON_VERT,False,11.0,0,0,HANDICAP_DIVISE
2026-08-31,2026-08-31_SAINT-CLOUD_R1C1,4,0.7513065981849238,0.7513065981849238,2,0.34262,0.5848,NON_VERT,True,8.0,0,0,HANDICAP_DIVISE
2026-08-31,2026-08-31_SAINT-CLOUD_R1C1,5,0.0372499430677666,0.0372499430677666,7,0.34262,0.5848,NON_VERT,False,10.0,0,0,HANDICAP_DIVISE
2026-08-31,2026-08-31_SAINT-CLOUD_R1C1,6,0.80378165957857,0.80378165957857,1,0.34262,0.5848,NON_VERT,True,12.0,0,0,HANDICAP_DIVISE
2026-08-31,2026-08-31_SAINT-CLOUD_R1C1,7,0.3395531138065589,0.3395531138065589,3,0.34262,0.5848,NON_VERT,True,6.0,0,0,HANDICAP_DIVISE
2026-08-31,2026-08-31_SAINT-CLOUD_R1C1,8,-0.077589974343544,-0.077589974343544,10,0.34262,0.5848,NON_VERT,False,7.0,0,0,HANDICAP_DIVISE
2026-08-31,2026-08-31_SAINT-CLOUD_R1C1,9,0.0544819493539321,0.0544819493539321,6,0.34262,0.5848,NON_VERT,False,15.0,0,0,HANDICAP_DIVISE
2026-08-31,2026-08-31_SAINT-CLOUD_R1C1,10,-0.9113492528606262,-0.9113492528606262,15,0.34262,0.5848,NON_VERT,False,16.0,0,0,HANDICAP_DIVISE
2026-08-31,2026-08-31_SAINT-CLOUD_R1C1,11,0.2689631099376863,0.2689631099376863,5,0.34262,0.5848,NON_VERT,True,9.0,0,0,HANDICAP_DIVISE
2026-08-31,2026-08-31_SAINT-CLOUD_R1C1,12,-0.965114024334894,-0.965114024334894,16,0.34262,0.5848,NON_VERT,False,14.0,0,0,HANDICAP_DIVISE
2026-08-31,2026-08-31_SAINT-CLOUD_R1C1,13,-0.1310032217543253,-0.1310032217543253,11,0.34262,0.5848,NON_VERT,False,5.0,0,0,HANDICAP_DIVISE
2026-08-31,2026-08-31_SAINT-CLOUD_R1C1,14,-0.5447247240579267,-0.5447247240579267,13,0.34262,0.5848,NON_VERT,False,4.0,0,0,HANDICAP_DIVISE
2026-08-31,2026-08-31_SAINT-CLOUD_R1C1,15,-0.4186903313294843,-0.4186903313294843,12,0.34262,0.5848,NON_VERT,False,3.0,0,1,HANDICAP_DIVISE
2026-08-31,2026-08-31_SAINT-CLOUD_R1C1,16,-0.8457555911171128,-0.8457555911171128,14,0.34262,0.5848,NON_VERT,False,13.0,0,0,HANDICAP_DIVISE
2026-08-31,2026-08-31_SAINT-CLOUD_R1C2,1,-0.4489827127554656,-0.4489827127554656,5,0.576796,0.5848,NON_VERT,True,4.0,0,0,COURSE_A_CONDITIONS
2026-08-31,2026-08-31_SAINT-CLOUD_R1C2,2,0.4407033150725887,0.4407033150725887,2,0.576796,0.5848,NON_VERT,True,2.0,0,1,COURSE_A_CONDITIONS
2026-08-31,2026-08-31_SAINT-CLOUD_R1C2,3,-0.998754805129124,-0.998754805129124,9,0.576796,0.5848,NON_VERT,False,10.0,0,0,COURSE_A_CONDITIONS
2026-08-31,2026-08-31_SAINT-CLOUD_R1C2,4,-0.5337456786371471,-0.5337456786371471,6,0.576796,0.5848,NON_VERT,False,9.0,0,0,COURSE_A_CONDITIONS
2026-08-31,2026-08-31_SAINT-CLOUD_R1C2,5,-0.8944020070088293,-0.8944020070088293,8,0.576796,0.5848,NON_VERT,False,1.0,1,1,COURSE_A_CONDITIONS
2026-08-31,2026-08-31_SAINT-CLOUD_R1C2,6,-0.2730884701023506,-0.2730884701023506,4,0.576796,0.5848,NON_VERT,True,6.0,0,0,COURSE_A_CONDITIONS
2026-08-31,2026-08-31_SAINT-CLOUD_R1C2,7,0.4205060944816293,0.4205060944816293,3,0.576796,0.5848,NON_VERT,True,7.0,0,0,COURSE_A_CONDITIONS
2026-08-31,2026-08-31_SAINT-CLOUD_R1C2,8,-0.8081183615154721,-0.8081183615154721,7,0.576796,0.5848,NON_VERT,False,8.0,0,0,COURSE_A_CONDITIONS
2026-08-31,2026-08-31_SAINT-CLOUD_R1C2,9,-1.5814689706404512,-1.5814689706404512,10,0.576796,0.5848,NON_VERT,False,5.0,0,0,COURSE_A_CONDITIONS
2026-08-31,2026-08-31_SAINT-CLOUD_R1C2,10,0.4554310546823163,0.4554310546823163,1,0.576796,0.5848,NON_VERT,True,3.0,0,1,COURSE_A_CONDITIONS
2026-08-31,2026-08-31_SAINT-CLOUD_R1C3,1,1.1055610243733116,1.1055610243733116,2,0.725173,0.5848,VERT,True,2.0,0,1,COURSE_A_CONDITIONS
2026-08-31,2026-08-31_SAINT-CLOUD_R1C3,2,0.2761722120350201,0.2761722120350201,3,0.725173,0.5848,VERT,True,3.0,0,0,COURSE_A_CONDITIONS
2026-08-31,2026-08-31_SAINT-CLOUD_R1C3,3,-0.7139345178341453,-0.7139345178341453,6,0.725173,0.5848,VERT,False,6.0,0,0,COURSE_A_CONDITIONS
2026-08-31,2026-08-31_SAINT-CLOUD_R1C3,4,-0.7832538850930203,-0.7832538850930203,7,0.725173,0.5848,VERT,False,7.0,0,0,COURSE_A_CONDITIONS
2026-08-31,2026-08-31_SAINT-CLOUD_R1C3,5,1.1441084315676748,1.1441084315676748,1,0.725173,0.5848,VERT,True,1.0,1,1,COURSE_A_CONDITIONS
2026-08-31,2026-08-31_SAINT-CLOUD_R1C3,6,0.1824913572607345,0.1824913572607345,4,0.725173,0.5848,VERT,True,5.0,0,0,COURSE_A_CONDITIONS
2026-08-31,2026-08-31_SAINT-CLOUD_R1C3,7,-0.3748059433047695,-0.3748059433047695,5,0.725173,0.5848,VERT,True,4.0,0,0,COURSE_A_CONDITIONS
2026-08-31,2026-08-31_SAINT-CLOUD_R1C4,1,1.506852441982709,1.506852441982709,1,0.687043,0.5848,VERT,True,3.0,0,1,COURSE_A_CONDITIONS
2026-08-31,2026-08-31_SAINT-CLOUD_R1C4,2,-0.3160398339196032,-0.3160398339196032,5,0.687043,0.5848,VERT,True,4.0,0,0,COURSE_A_CONDITIONS
2026-08-31,2026-08-31_SAINT-CLOUD_R1C4,3,-1.510657449285765,-1.510657449285765,10,0.687043,0.5848,VERT,False,9.0,0,0,COURSE_A_CONDITIONS
2026-08-31,2026-08-31_SAINT-CLOUD_R1C4,5,-0.3561541386282588,-0.3561541386282588,6,0.687043,0.5848,VERT,False,10.0,0,0,COURSE_A_CONDITIONS
2026-08-31,2026-08-31_SAINT-CLOUD_R1C4,6,-0.5201140431529785,-0.5201140431529785,7,0.687043,0.5848,VERT,False,6.0,0,0,COURSE_A_CONDITIONS
2026-08-31,2026-08-31_SAINT-CLOUD_R1C4,7,1.0676945366147244,1.0676945366147244,2,0.687043,0.5848,VERT,True,2.0,0,1,COURSE_A_CONDITIONS
2026-08-31,2026-08-31_SAINT-CLOUD_R1C4,8,0.1864804870737836,0.1864804870737836,3,0.687043,0.5848,VERT,True,1.0,1,1,COURSE_A_CONDITIONS
2026-08-31,2026-08-31_SAINT-CLOUD_R1C4,9,-0.1367341479789629,-0.1367341479789629,4,0.687043,0.5848,VERT,True,5.0,0,0,COURSE_A_CONDITIONS
2026-08-31,2026-08-31_SAINT-CLOUD_R1C4,10,-1.3243944608360871,-1.3243944608360871,9,0.687043,0.5848,VERT,False,7.0,0,0,COURSE_A_CONDITIONS
2026-08-31,2026-08-31_SAINT-CLOUD_R1C4,11,-0.6041105651369768,-0.6041105651369768,8,0.687043,0.5848,VERT,False,8.0,0,0,COURSE_A_CONDITIONS
2026-08-31,2026-08-31_SAINT-CLOUD_R1C5,1,0.3039454875226361,0.3039454875226361,3,0.492278,0.5848,NON_VERT,True,5.0,0,0,COURSE_A_CONDITION_QUALIF_HP
2026-08-31,2026-08-31_SAINT-CLOUD_R1C5,2,0.1822818430590493,0.1822818430590493,5,0.492278,0.5848,NON_VERT,True,1.0,1,1,COURSE_A_CONDITION_QUALIF_HP
2026-08-31,2026-08-31_SAINT-CLOUD_R1C5,3,0.2532042758796143,0.2532042758796143,4,0.492278,0.5848,NON_VERT,True,4.0,0,0,COURSE_A_CONDITION_QUALIF_HP
2026-08-31,2026-08-31_SAINT-CLOUD_R1C5,4,-0.0851835232038093,-0.0851835232038093,8,0.492278,0.5848,NON_VERT,False,7.0,0,0,COURSE_A_CONDITION_QUALIF_HP
2026-08-31,2026-08-31_SAINT-CLOUD_R1C5,6,0.6098478846706473,0.6098478846706473,2,0.492278,0.5848,NON_VERT,True,3.0,0,1,COURSE_A_CONDITION_QUALIF_HP
2026-08-31,2026-08-31_SAINT-CLOUD_R1C5,7,0.0624758236919401,0.0624758236919401,7,0.492278,0.5848,NON_VERT,False,9.0,0,0,COURSE_A_CONDITION_QUALIF_HP
2026-08-31,2026-08-31_SAINT-CLOUD_R1C5,8,0.9583355476445138,0.9583355476445138,1,0.492278,0.5848,NON_VERT,True,2.0,0,1,COURSE_A_CONDITION_QUALIF_HP
2026-08-31,2026-08-31_SAINT-CLOUD_R1C5,9,-0.8381160648797783,-0.8381160648797783,9,0.492278,0.5848,NON_VERT,False,8.0,0,0,COURSE_A_CONDITION_QUALIF_HP
2026-08-31,2026-08-31_SAINT-CLOUD_R1C5,10,0.0781741364191947,0.0781741364191947,6,0.492278,0.5848,NON_VERT,False,6.0,0,0,COURSE_A_CONDITION_QUALIF_HP
2026-08-31,2026-08-31_SAINT-CLOUD_R1C6,1,0.0656513193970413,0.0656513193970413,6,0.339414,0.5848,NON_VERT,False,5.0,0,0,HANDICAP_DIVISE
2026-08-31,2026-08-31_SAINT-CLOUD_R1C6,2,-0.1645890778941217,-0.1645890778941217,8,0.339414,0.5848,NON_VERT,False,4.0,0,0,HANDICAP_DIVISE
2026-08-31,2026-08-31_SAINT-CLOUD_R1C6,3,-0.20808642662379,-0.20808642662379,10,0.339414,0.5848,NON_VERT,False,3.0,0,1,HANDICAP_DIVISE
2026-08-31,2026-08-31_SAINT-CLOUD_R1C6,4,-0.2057826928654436,-0.2057826928654436,9,0.339414,0.5848,NON_VERT,False,10.0,0,0,HANDICAP_DIVISE
2026-08-31,2026-08-31_SAINT-CLOUD_R1C6,5,0.2886492163739664,0.2886492163739664,2,0.339414,0.5848,NON_VERT,True,1.0,1,1,HANDICAP_DIVISE
2026-08-31,2026-08-31_SAINT-CLOUD_R1C6,6,0.0852263047607837,0.0852263047607837,5,0.339414,0.5848,NON_VERT,True,9.0,0,0,HANDICAP_DIVISE
2026-08-31,2026-08-31_SAINT-CLOUD_R1C6,7,-0.3344313899116238,-0.3344313899116238,11,0.339414,0.5848,NON_VERT,False,13.0,0,0,HANDICAP_DIVISE
2026-08-31,2026-08-31_SAINT-CLOUD_R1C6,8,-0.0236887121571323,-0.0236887121571323,7,0.339414,0.5848,NON_VERT,False,11.0,0,0,HANDICAP_DIVISE
2026-08-31,2026-08-31_SAINT-CLOUD_R1C6,9,-1.868926520886808,-1.868926520886808,14,0.339414,0.5848,NON_VERT,False,14.0,0,0,HANDICAP_DIVISE
2026-08-31,2026-08-31_SAINT-CLOUD_R1C6,10,0.5650852330105324,0.5650852330105324,1,0.339414,0.5848,NON_VERT,True,6.0,0,0,HANDICAP_DIVISE
2026-08-31,2026-08-31_SAINT-CLOUD_R1C6,11,0.1206631103475519,0.1206631103475519,4,0.339414,0.5848,NON_VERT,True,12.0,0,0,HANDICAP_DIVISE
2026-08-31,2026-08-31_SAINT-CLOUD_R1C6,12,0.1800919287026439,0.1800919287026439,3,0.339414,0.5848,NON_VERT,True,7.0,0,0,HANDICAP_DIVISE
2026-08-31,2026-08-31_SAINT-CLOUD_R1C6,13,-0.7493511979646518,-0.7493511979646518,12,0.339414,0.5848,NON_VERT,False,7.0,0,0,HANDICAP_DIVISE
2026-08-31,2026-08-31_SAINT-CLOUD_R1C6,14,-1.2956827443073302,-1.2956827443073302,13,0.339414,0.5848,NON_VERT,False,2.0,0,1,HANDICAP_DIVISE
2026-08-31,2026-08-31_SAINT-CLOUD_R1C7,1,-0.9439780047633108,-0.9439780047633108,13,0.34148,0.5848,NON_VERT,False,9.0,0,0,HANDICAP_CATEGORIE_DIVISE
2026-08-31,2026-08-31_SAINT-CLOUD_R1C7,2,0.1112010950858748,0.1112010950858748,2,0.34148,0.5848,NON_VERT,True,6.0,0,0,HANDICAP_CATEGORIE_DIVISE
2026-08-31,2026-08-31_SAINT-CLOUD_R1C7,3,0.253853785498686,0.253853785498686,1,0.34148,0.5848,NON_VERT,True,12.0,0,0,HANDICAP_CATEGORIE_DIVISE
2026-08-31,2026-08-31_SAINT-CLOUD_R1C7,4,-0.3719351256703005,-0.3719351256703005,4,0.34148,0.5848,NON_VERT,True,1.0,1,1,HANDICAP_CATEGORIE_DIVISE
2026-08-31,2026-08-31_SAINT-CLOUD_R1C7,5,-0.6592339372154424,-0.6592339372154424,9,0.34148,0.5848,NON_VERT,False,13.0,0,0,HANDICAP_CATEGORIE_DIVISE
2026-08-31,2026-08-31_SAINT-CLOUD_R1C7,6,-0.4417928945278724,-0.4417928945278724,7,0.34148,0.5848,NON_VERT,False,5.0,0,0,HANDICAP_CATEGORIE_DIVISE
2026-08-31,2026-08-31_SAINT-CLOUD_R1C7,7,-0.523551287404727,-0.523551287404727,8,0.34148,0.5848,NON_VERT,False,4.0,0,0,HANDICAP_CATEGORIE_DIVISE
2026-08-31,2026-08-31_SAINT-CLOUD_R1C7,8,-0.6648166024809081,-0.6648166024809081,10,0.34148,0.5848,NON_VERT,False,15.0,0,0,HANDICAP_CATEGORIE_DIVISE
2026-08-31,2026-08-31_SAINT-CLOUD_R1C7,9,-1.0010526501801065,-1.0010526501801065,14,0.34148,0.5848,NON_VERT,False,2.0,0,1,HANDICAP_CATEGORIE_DIVISE
2026-08-31,2026-08-31_SAINT-CLOUD_R1C7,10,-0.4313259966780994,-0.4313259966780994,6,0.34148,0.5848,NON_VERT,False,7.0,0,0,HANDICAP_CATEGORIE_DIVISE
2026-08-31,2026-08-31_SAINT-CLOUD_R1C7,11,-0.3931113049896667,-0.3931113049896667,5,0.34148,0.5848,NON_VERT,True,10.0,0,0,HANDICAP_CATEGORIE_DIVISE
2026-08-31,2026-08-31_SAINT-CLOUD_R1C7,12,-1.4236054114147525,-1.4236054114147525,15,0.34148,0.5848,NON_VERT,False,14.0,0,0,HANDICAP_CATEGORIE_DIVISE
2026-08-31,2026-08-31_SAINT-CLOUD_R1C7,13,-0.9005205465477415,-0.9005205465477415,11,0.34148,0.5848,NON_VERT,False,8.0,0,0,HANDICAP_CATEGORIE_DIVISE
2026-08-31,2026-08-31_SAINT-CLOUD_R1C7,15,-0.9201498920205466,-0.9201498920205466,12,0.34148,0.5848,NON_VERT,False,11.0,0,0,HANDICAP_CATEGORIE_DIVISE
2026-08-31,2026-08-31_SAINT-CLOUD_R1C7,16,-0.2905500100438159,-0.2905500100438159,3,0.34148,0.5848,NON_VERT,True,3.0,0,1,HANDICAP_CATEGORIE_DIVISE
2026-08-31,2026-08-31_SAINT-CLOUD_R1C8,1,0.177034143354548,0.177034143354548,2,0.317298,0.5848,NON_VERT,True,11.0,0,0,HANDICAP_CATEGORIE_DIVISE
2026-08-31,2026-08-31_SAINT-CLOUD_R1C8,2,0.4168747498784168,0.4168747498784168,1,0.317298,0.5848,NON_VERT,True,6.0,0,0,HANDICAP_CATEGORIE_DIVISE
2026-08-31,2026-08-31_SAINT-CLOUD_R1C8,3,-0.2101749971537352,-0.2101749971537352,10,0.317298,0.5848,NON_VERT,False,2.0,0,1,HANDICAP_CATEGORIE_DIVISE
2026-08-31,2026-08-31_SAINT-CLOUD_R1C8,4,-0.5876266923770888,-0.5876266923770888,11,0.317298,0.5848,NON_VERT,False,5.0,0,0,HANDICAP_CATEGORIE_DIVISE
2026-08-31,2026-08-31_SAINT-CLOUD_R1C8,5,0.1236954698593026,0.1236954698593026,3,0.317298,0.5848,NON_VERT,True,4.0,0,0,HANDICAP_CATEGORIE_DIVISE
2026-08-31,2026-08-31_SAINT-CLOUD_R1C8,6,-0.1005152404024011,-0.1005152404024011,6,0.317298,0.5848,NON_VERT,False,13.0,0,0,HANDICAP_CATEGORIE_DIVISE
2026-08-31,2026-08-31_SAINT-CLOUD_R1C8,7,-0.0645334336373283,-0.0645334336373283,5,0.317298,0.5848,NON_VERT,True,8.0,0,0,HANDICAP_CATEGORIE_DIVISE
2026-08-31,2026-08-31_SAINT-CLOUD_R1C8,8,-1.0232309130092416,-1.0232309130092416,14,0.317298,0.5848,NON_VERT,False,15.0,0,0,HANDICAP_CATEGORIE_DIVISE
2026-08-31,2026-08-31_SAINT-CLOUD_R1C8,9,-0.1372820242302119,-0.1372820242302119,7,0.317298,0.5848,NON_VERT,False,7.0,0,0,HANDICAP_CATEGORIE_DIVISE
2026-08-31,2026-08-31_SAINT-CLOUD_R1C8,10,0.0655864208910209,0.0655864208910209,4,0.317298,0.5848,NON_VERT,True,3.0,0,1,HANDICAP_CATEGORIE_DIVISE
2026-08-31,2026-08-31_SAINT-CLOUD_R1C8,11,-0.1387576883932647,-0.1387576883932647,8,0.317298,0.5848,NON_VERT,False,1.0,1,1,HANDICAP_CATEGORIE_DIVISE
2026-08-31,2026-08-31_SAINT-CLOUD_R1C8,12,-1.1484702999771674,-1.1484702999771674,15,0.317298,0.5848,NON_VERT,False,8.0,0,0,HANDICAP_CATEGORIE_DIVISE
2026-08-31,2026-08-31_SAINT-CLOUD_R1C8,14,-0.9495703162153708,-0.9495703162153708,12,0.317298,0.5848,NON_VERT,False,12.0,0,0,HANDICAP_CATEGORIE_DIVISE
2026-08-31,2026-08-31_SAINT-CLOUD_R1C8,15,-0.2099865393059123,-0.2099865393059123,9,0.317298,0.5848,NON_VERT,False,10.0,0,0,HANDICAP_CATEGORIE_DIVISE
2026-08-31,2026-08-31_SAINT-CLOUD_R1C8,16,-0.9789426315440376,-0.9789426315440376,13,0.317298,0.5848,NON_VERT,False,14.0,0,0,HANDICAP_CATEGORIE_DIVISE
2026-08-31,2026-08-31_VALPARAISO_R5C1,1,-1.0396462927093466,-1.0396462927093466,9,0.42198,0.5848,NON_VERT,False,10.0,0,0,HANDICAP
2026-08-31,2026-08-31_VALPARAISO_R5C1,2,-0.3335125586850153,-0.3335125586850153,3,0.42198,0.5848,NON_VERT,True,9.0,0,0,HANDICAP
2026-08-31,2026-08-31_VALPARAISO_R5C1,3,0.3503316881251769,0.3503316881251769,1,0.42198,0.5848,NON_VERT,True,6.0,0,0,HANDICAP
2026-08-31,2026-08-31_VALPARAISO_R5C1,4,-0.4408664520685817,-0.4408664520685817,5,0.42198,0.5848,NON_VERT,True,4.0,0,0,HANDICAP
2026-08-31,2026-08-31_VALPARAISO_R5C1,5,-0.4763850668334602,-0.4763850668334602,6,0.42198,0.5848,NON_VERT,False,11.0,0,0,HANDICAP
2026-08-31,2026-08-31_VALPARAISO_R5C1,6,-1.2585916857333035,-1.2585916857333035,11,0.42198,0.5848,NON_VERT,False,7.0,0,0,HANDICAP
2026-08-31,2026-08-31_VALPARAISO_R5C1,7,-0.360326128437215,-0.360326128437215,4,0.42198,0.5848,NON_VERT,True,8.0,0,0,HANDICAP
2026-08-31,2026-08-31_VALPARAISO_R5C1,8,-0.538728257189925,-0.538728257189925,8,0.42198,0.5848,NON_VERT,False,1.0,1,1,HANDICAP
2026-08-31,2026-08-31_VALPARAISO_R5C1,9,-0.1461468220001527,-0.1461468220001527,2,0.42198,0.5848,NON_VERT,True,3.0,0,1,HANDICAP
2026-08-31,2026-08-31_VALPARAISO_R5C1,11,-1.1086523117072389,-1.1086523117072389,10,0.42198,0.5848,NON_VERT,False,5.0,0,0,HANDICAP
2026-08-31,2026-08-31_VALPARAISO_R5C1,12,-0.5171429544883793,-0.5171429544883793,7,0.42198,0.5848,NON_VERT,False,2.0,0,1,HANDICAP
2026-08-31,2026-08-31_VALPARAISO_R5C10,1,-0.4516570075547372,-0.4516570075547372,7,0.396209,0.5848,NON_VERT,False,10.0,0,0,HANDICAP
2026-08-31,2026-08-31_VALPARAISO_R5C10,2,0.5105569074319599,0.5105569074319599,1,0.396209,0.5848,NON_VERT,True,9.0,0,0,HANDICAP
2026-08-31,2026-08-31_VALPARAISO_R5C10,3,-0.8360436690439378,-0.8360436690439378,11,0.396209,0.5848,NON_VERT,False,11.0,0,0,HANDICAP
2026-08-31,2026-08-31_VALPARAISO_R5C10,4,-0.2125761181206211,-0.2125761181206211,4,0.396209,0.5848,NON_VERT,True,3.0,0,1,HANDICAP
2026-08-31,2026-08-31_VALPARAISO_R5C10,5,-0.4428928611319011,-0.4428928611319011,6,0.396209,0.5848,NON_VERT,False,1.0,1,1,HANDICAP
2026-08-31,2026-08-31_VALPARAISO_R5C10,6,-0.7014138853505504,-0.7014138853505504,9,0.396209,0.5848,NON_VERT,False,8.0,0,0,HANDICAP
2026-08-31,2026-08-31_VALPARAISO_R5C10,7,-0.7482735563899815,-0.7482735563899815,10,0.396209,0.5848,NON_VERT,False,12.0,0,0,HANDICAP
2026-08-31,2026-08-31_VALPARAISO_R5C10,8,-0.1154766252200722,-0.1154766252200722,2,0.396209,0.5848,NON_VERT,True,6.0,0,0,HANDICAP
2026-08-31,2026-08-31_VALPARAISO_R5C10,9,-0.4572916566984054,-0.4572916566984054,8,0.396209,0.5848,NON_VERT,False,2.0,0,1,HANDICAP
2026-08-31,2026-08-31_VALPARAISO_R5C10,10,-1.3155651612417432,-1.3155651612417432,12,0.396209,0.5848,NON_VERT,False,13.0,0,0,HANDICAP
2026-08-31,2026-08-31_VALPARAISO_R5C10,11,-0.3721723246522119,-0.3721723246522119,5,0.396209,0.5848,NON_VERT,True,4.0,0,0,HANDICAP
2026-08-31,2026-08-31_VALPARAISO_R5C10,12,-1.7608096509164983,-1.7608096509164983,13,0.396209,0.5848,NON_VERT,False,7.0,0,0,HANDICAP
2026-08-31,2026-08-31_VALPARAISO_R5C10,13,-0.1172784822653552,-0.1172784822653552,3,0.396209,0.5848,NON_VERT,True,5.0,0,0,HANDICAP
2026-08-31,2026-08-31_VALPARAISO_R5C2,1,0.7485413432781376,0.7485413432781376,1,0.644552,0.5848,VERT,True,5.0,0,0,COURSE_A_CONDITIONS
2026-08-31,2026-08-31_VALPARAISO_R5C2,2,-1.216225070385382,-1.216225070385382,6,0.644552,0.5848,VERT,False,10.0,0,0,COURSE_A_CONDITIONS
2026-08-31,2026-08-31_VALPARAISO_R5C2,3,-0.1765866854135885,-0.1765866854135885,2,0.644552,0.5848,VERT,True,1.0,1,1,COURSE_A_CONDITIONS
2026-08-31,2026-08-31_VALPARAISO_R5C2,4,-0.885830207200839,-0.885830207200839,5,0.644552,0.5848,VERT,True,9.0,0,0,COURSE_A_CONDITIONS
2026-08-31,2026-08-31_VALPARAISO_R5C2,5,-1.8319647650787665,-1.8319647650787665,10,0.644552,0.5848,VERT,False,6.0,0,0,COURSE_A_CONDITIONS
2026-08-31,2026-08-31_VALPARAISO_R5C2,6,-1.5970537065627666,-1.5970537065627666,8,0.644552,0.5848,VERT,False,7.0,0,0,COURSE_A_CONDITIONS
2026-08-31,2026-08-31_VALPARAISO_R5C2,7,-1.6999214502321651,-1.6999214502321651,9,0.644552,0.5848,VERT,False,4.0,0,0,COURSE_A_CONDITIONS
2026-08-31,2026-08-31_VALPARAISO_R5C2,8,-0.6645678571993764,-0.6645678571993764,4,0.644552,0.5848,VERT,True,3.0,0,1,COURSE_A_CONDITIONS
2026-08-31,2026-08-31_VALPARAISO_R5C2,9,-1.2522282635831554,-1.2522282635831554,7,0.644552,0.5848,VERT,False,8.0,0,0,COURSE_A_CONDITIONS
2026-08-31,2026-08-31_VALPARAISO_R5C2,10,-0.2571565974953107,-0.2571565974953107,3,0.644552,0.5848,VERT,True,2.0,0,1,COURSE_A_CONDITIONS
2026-08-31,2026-08-31_VALPARAISO_R5C3,1,-0.2486392020867161,-0.2486392020867161,5,0.50212,0.5848,NON_VERT,True,7.0,0,0,HANDICAP
2026-08-31,2026-08-31_VALPARAISO_R5C3,2,0.042779755358484,0.042779755358484,3,0.50212,0.5848,NON_VERT,True,6.0,0,0,HANDICAP
2026-08-31,2026-08-31_VALPARAISO_R5C3,3,-0.7149499918892549,-0.7149499918892549,7,0.50212,0.5848,NON_VERT,False,9.0,0,0,HANDICAP
2026-08-31,2026-08-31_VALPARAISO_R5C3,4,0.0662665110688872,0.0662665110688872,2,0.50212,0.5848,NON_VERT,True,1.0,1,1,HANDICAP
2026-08-31,2026-08-31_VALPARAISO_R5C3,6,-0.1627232329860167,-0.1627232329860167,4,0.50212,0.5848,NON_VERT,True,4.0,0,0,HANDICAP
2026-08-31,2026-08-31_VALPARAISO_R5C3,7,-0.2847199966828899,-0.2847199966828899,6,0.50212,0.5848,NON_VERT,False,5.0,0,0,HANDICAP
2026-08-31,2026-08-31_VALPARAISO_R5C3,8,-0.7437187466260773,-0.7437187466260773,8,0.50212,0.5848,NON_VERT,False,3.0,0,1,HANDICAP
2026-08-31,2026-08-31_VALPARAISO_R5C3,9,-0.9413607606453432,-0.9413607606453432,9,0.50212,0.5848,NON_VERT,False,8.0,0,0,HANDICAP
2026-08-31,2026-08-31_VALPARAISO_R5C3,10,0.5045073194595379,0.5045073194595379,1,0.50212,0.5848,NON_VERT,True,2.0,0,1,HANDICAP
2026-08-31,2026-08-31_VALPARAISO_R5C4,2,0.348977672017451,0.348977672017451,1,0.529391,0.5848,NON_VERT,True,3.0,0,1,COURSE_A_CONDITIONS
2026-08-31,2026-08-31_VALPARAISO_R5C4,3,0.0515743482875568,0.0515743482875568,5,0.529391,0.5848,NON_VERT,True,2.0,0,1,COURSE_A_CONDITIONS
2026-08-31,2026-08-31_VALPARAISO_R5C4,5,-2.500504833855042,-2.500504833855042,9,0.529391,0.5848,NON_VERT,False,4.0,0,0,COURSE_A_CONDITIONS
2026-08-31,2026-08-31_VALPARAISO_R5C4,6,-1.9755774871922096,-1.9755774871922096,8,0.529391,0.5848,NON_VERT,False,8.0,0,0,COURSE_A_CONDITIONS
2026-08-31,2026-08-31_VALPARAISO_R5C4,7,-1.6319645971732262,-1.6319645971732262,7,0.529391,0.5848,NON_VERT,False,9.0,0,0,COURSE_A_CONDITIONS
2026-08-31,2026-08-31_VALPARAISO_R5C4,8,0.1295151385405791,0.1295151385405791,3,0.529391,0.5848,NON_VERT,True,5.0,0,0,COURSE_A_CONDITIONS
2026-08-31,2026-08-31_VALPARAISO_R5C4,9,0.1326883590097447,0.1326883590097447,2,0.529391,0.5848,NON_VERT,True,1.0,1,1,COURSE_A_CONDITIONS
2026-08-31,2026-08-31_VALPARAISO_R5C4,11,-0.3624123522694334,-0.3624123522694334,6,0.529391,0.5848,NON_VERT,False,6.0,0,0,COURSE_A_CONDITIONS
2026-08-31,2026-08-31_VALPARAISO_R5C4,12,0.1151192598962218,0.1151192598962218,4,0.529391,0.5848,NON_VERT,True,7.0,0,0,COURSE_A_CONDITIONS
2026-08-31,2026-08-31_VALPARAISO_R5C5,1,-0.5239320710389432,-0.5239320710389432,6,0.521361,0.5848,NON_VERT,False,7.0,0,0,HANDICAP
2026-08-31,2026-08-31_VALPARAISO_R5C5,2,-0.413404027666712,-0.413404027666712,5,0.521361,0.5848,NON_VERT,True,4.0,0,0,HANDICAP
2026-08-31,2026-08-31_VALPARAISO_R5C5,3,-0.7463750373258945,-0.7463750373258945,7,0.521361,0.5848,NON_VERT,False,6.0,0,0,HANDICAP
2026-08-31,2026-08-31_VALPARAISO_R5C5,4,-1.8449183587179203,-1.8449183587179203,8,0.521361,0.5848,NON_VERT,False,8.0,0,0,HANDICAP
2026-08-31,2026-08-31_VALPARAISO_R5C5,5,0.0155092638140849,0.0155092638140849,1,0.521361,0.5848,NON_VERT,True,5.0,0,0,HANDICAP
2026-08-31,2026-08-31_VALPARAISO_R5C5,6,0.0028046929236074,0.0028046929236074,3,0.521361,0.5848,NON_VERT,True,1.0,1,1,HANDICAP
2026-08-31,2026-08-31_VALPARAISO_R5C5,7,-0.1162405967808342,-0.1162405967808342,4,0.521361,0.5848,NON_VERT,True,3.0,0,1,HANDICAP
2026-08-31,2026-08-31_VALPARAISO_R5C5,9,0.0052872411940429,0.0052872411940429,2,0.521361,0.5848,NON_VERT,True,2.0,0,1,HANDICAP
2026-08-31,2026-08-31_VALPARAISO_R5C6,1,0.2896271686254894,0.2896271686254894,4,0.513386,0.5848,NON_VERT,True,4.0,0,0,COURSE_A_CONDITIONS
2026-08-31,2026-08-31_VALPARAISO_R5C6,2,0.2635899365418078,0.2635899365418078,5,0.513386,0.5848,NON_VERT,True,7.0,0,0,COURSE_A_CONDITIONS
2026-08-31,2026-08-31_VALPARAISO_R5C6,3,-0.421323479486054,-0.421323479486054,8,0.513386,0.5848,NON_VERT,False,8.0,0,0,COURSE_A_CONDITIONS
2026-08-31,2026-08-31_VALPARAISO_R5C6,4,0.8428537914499621,0.8428537914499621,1,0.513386,0.5848,NON_VERT,True,6.0,0,0,COURSE_A_CONDITIONS
2026-08-31,2026-08-31_VALPARAISO_R5C6,5,0.628566746093542,0.628566746093542,2,0.513386,0.5848,NON_VERT,True,1.0,1,1,COURSE_A_CONDITIONS
2026-08-31,2026-08-31_VALPARAISO_R5C6,6,0.291714660461251,0.291714660461251,3,0.513386,0.5848,NON_VERT,True,2.0,0,1,COURSE_A_CONDITIONS
2026-08-31,2026-08-31_VALPARAISO_R5C6,7,0.2605098146905365,0.2605098146905365,6,0.513386,0.5848,NON_VERT,False,5.0,0,0,COURSE_A_CONDITIONS
2026-08-31,2026-08-31_VALPARAISO_R5C6,8,-0.4206666417846155,-0.4206666417846155,7,0.513386,0.5848,NON_VERT,False,3.0,0,1,COURSE_A_CONDITIONS
2026-08-31,2026-08-31_VALPARAISO_R5C7,1,0.0910532790767819,0.0910532790767819,4,0.542108,0.5848,NON_VERT,True,8.0,0,0,HANDICAP
2026-08-31,2026-08-31_VALPARAISO_R5C7,2,0.5055680955628153,0.5055680955628153,1,0.542108,0.5848,NON_VERT,True,3.0,0,1,HANDICAP
2026-08-31,2026-08-31_VALPARAISO_R5C7,3,-0.3989064156827003,-0.3989064156827003,7,0.542108,0.5848,NON_VERT,False,5.0,0,0,HANDICAP
2026-08-31,2026-08-31_VALPARAISO_R5C7,4,-0.8920228810736074,-0.8920228810736074,8,0.542108,0.5848,NON_VERT,False,7.0,0,0,HANDICAP
2026-08-31,2026-08-31_VALPARAISO_R5C7,5,0.3339617103067807,0.3339617103067807,2,0.542108,0.5848,NON_VERT,True,6.0,0,0,HANDICAP
2026-08-31,2026-08-31_VALPARAISO_R5C7,7,-0.2921985432891157,-0.2921985432891157,6,0.542108,0.5848,NON_VERT,False,4.0,0,0,HANDICAP
2026-08-31,2026-08-31_VALPARAISO_R5C7,8,0.2984063341974762,0.2984063341974762,3,0.542108,0.5848,NON_VERT,True,1.0,1,1,HANDICAP
2026-08-31,2026-08-31_VALPARAISO_R5C7,9,-0.2288624920858789,-0.2288624920858789,5,0.542108,0.5848,NON_VERT,True,2.0,0,1,HANDICAP
2026-08-31,2026-08-31_VALPARAISO_R5C8,1,-0.3164112072749912,-0.3164112072749912,6,0.571342,0.5848,NON_VERT,False,8.0,0,0,HANDICAP
2026-08-31,2026-08-31_VALPARAISO_R5C8,2,-0.2389381555461618,-0.2389381555461618,5,0.571342,0.5848,NON_VERT,True,4.0,0,0,HANDICAP
2026-08-31,2026-08-31_VALPARAISO_R5C8,3,0.0458222635231557,0.0458222635231557,4,0.571342,0.5848,NON_VERT,True,2.0,0,1,HANDICAP
2026-08-31,2026-08-31_VALPARAISO_R5C8,4,0.1578696948898328,0.1578696948898328,3,0.571342,0.5848,NON_VERT,True,7.0,0,0,HANDICAP
2026-08-31,2026-08-31_VALPARAISO_R5C8,5,0.6372142013912944,0.6372142013912944,1,0.571342,0.5848,NON_VERT,True,3.0,0,1,HANDICAP
2026-08-31,2026-08-31_VALPARAISO_R5C8,6,-0.7523362443789232,-0.7523362443789232,7,0.571342,0.5848,NON_VERT,False,5.0,0,0,HANDICAP
2026-08-31,2026-08-31_VALPARAISO_R5C8,7,-1.1071839609091798,-1.1071839609091798,8,0.571342,0.5848,NON_VERT,False,6.0,0,0,HANDICAP
2026-08-31,2026-08-31_VALPARAISO_R5C8,8,0.3525393401322569,0.3525393401322569,2,0.571342,0.5848,NON_VERT,True,1.0,1,1,HANDICAP
2026-08-31,2026-08-31_VALPARAISO_R5C9,1,-0.0839434808272516,-0.0839434808272516,5,0.559012,0.5848,NON_VERT,True,3.0,0,0,HANDICAP
2026-08-31,2026-08-31_VALPARAISO_R5C9,2,-0.1200308152158798,-0.1200308152158798,6,0.559012,0.5848,NON_VERT,False,6.0,0,0,HANDICAP
2026-08-31,2026-08-31_VALPARAISO_R5C9,4,0.031667618844416,0.031667618844416,4,0.559012,0.5848,NON_VERT,True,4.0,0,0,HANDICAP
2026-08-31,2026-08-31_VALPARAISO_R5C9,5,0.2752764349990172,0.2752764349990172,1,0.559012,0.5848,NON_VERT,True,1.0,1,1,HANDICAP
2026-08-31,2026-08-31_VALPARAISO_R5C9,6,0.0538381678386082,0.0538381678386082,3,0.559012,0.5848,NON_VERT,True,2.0,0,1,HANDICAP
2026-08-31,2026-08-31_VALPARAISO_R5C9,7,0.2037877765438727,0.2037877765438727,2,0.559012,0.5848,NON_VERT,True,5.0,0,0,HANDICAP
2026-09-01,2026-09-01_DEAUVILLE_R1C1,1,0.6755978156320317,0.6755978156320317,1.0,0.3391022443152777,0.5848,NON_VERT,True,1.0,1,1,HANDICAP_DIVISE
2026-09-01,2026-09-01_DEAUVILLE_R1C1,2,0.33546482300024,0.33546482300024,3.0,0.3391022443152777,0.5848,NON_VERT,True,5.0,0,0,HANDICAP_DIVISE
2026-09-01,2026-09-01_DEAUVILLE_R1C1,3,0.3108773220379908,0.3108773220379908,4.0,0.3391022443152777,0.5848,NON_VERT,True,13.0,0,0,HANDICAP_DIVISE
2026-09-01,2026-09-01_DEAUVILLE_R1C1,4,0.3419000407397157,0.3419000407397157,2.0,0.3391022443152777,0.5848,NON_VERT,True,3.0,0,1,HANDICAP_DIVISE
2026-09-01,2026-09-01_DEAUVILLE_R1C1,6,0.006590439646855,0.006590439646855,7.0,0.3391022443152777,0.5848,NON_VERT,False,7.0,0,0,HANDICAP_DIVISE
2026-09-01,2026-09-01_DEAUVILLE_R1C1,7,0.1058691506495716,0.1058691506495716,5.0,0.3391022443152777,0.5848,NON_VERT,True,8.0,0,0,HANDICAP_DIVISE
2026-09-01,2026-09-01_DEAUVILLE_R1C1,8,-0.2858484336080366,-0.2858484336080366,10.0,0.3391022443152777,0.5848,NON_VERT,False,10.0,0,0,HANDICAP_DIVISE
2026-09-01,2026-09-01_DEAUVILLE_R1C1,9,0.0416336255419285,0.0416336255419285,6.0,0.3391022443152777,0.5848,NON_VERT,False,6.0,0,0,HANDICAP_DIVISE
2026-09-01,2026-09-01_DEAUVILLE_R1C1,10,-0.4505992462377798,-0.4505992462377798,11.0,0.3391022443152777,0.5848,NON_VERT,False,4.0,0,0,HANDICAP_DIVISE
2026-09-01,2026-09-01_DEAUVILLE_R1C1,11,-0.5084196917638143,-0.5084196917638143,13.0,0.3391022443152777,0.5848,NON_VERT,False,11.0,0,0,HANDICAP_DIVISE
2026-09-01,2026-09-01_DEAUVILLE_R1C1,12,-1.4645198721756751,-1.4645198721756751,14.0,0.3391022443152777,0.5848,NON_VERT,False,14.0,0,0,HANDICAP_DIVISE
2026-09-01,2026-09-01_DEAUVILLE_R1C1,13,-1.6565340108718147,-1.6565340108718147,15.0,0.3391022443152777,0.5848,NON_VERT,False,15.0,0,0,HANDICAP_DIVISE
2026-09-01,2026-09-01_DEAUVILLE_R1C1,14,-0.2828179898550556,-0.2828179898550556,9.0,0.3391022443152777,0.5848,NON_VERT,False,12.0,0,0,HANDICAP_DIVISE
2026-09-01,2026-09-01_DEAUVILLE_R1C1,15,0.00456292670129,0.00456292670129,8.0,0.3391022443152777,0.5848,NON_VERT,False,9.0,0,0,HANDICAP_DIVISE
2026-09-01,2026-09-01_DEAUVILLE_R1C1,16,-0.5048318230946817,-0.5048318230946817,12.0,0.3391022443152777,0.5848,NON_VERT,False,2.0,0,1,HANDICAP_DIVISE
2026-09-01,2026-09-01_DEAUVILLE_R1C2,1,-0.1139333072762907,-0.1139333072762907,4.0,0.566337192578898,0.5848,NON_VERT,True,6.0,0,0,HANDICAP
2026-09-01,2026-09-01_DEAUVILLE_R1C2,2,0.657885639892514,0.657885639892514,1.0,0.566337192578898,0.5848,NON_VERT,True,1.0,1,1,HANDICAP
2026-09-01,2026-09-01_DEAUVILLE_R1C2,3,-0.1004558426100659,-0.1004558426100659,3.0,0.566337192578898,0.5848,NON_VERT,True,5.0,0,0,HANDICAP
2026-09-01,2026-09-01_DEAUVILLE_R1C2,4,-0.1866848949807877,-0.1866848949807877,6.0,0.566337192578898,0.5848,NON_VERT,False,7.0,0,0,HANDICAP
2026-09-01,2026-09-01_DEAUVILLE_R1C2,5,0.0755465610563995,0.0755465610563995,2.0,0.566337192578898,0.5848,NON_VERT,True,4.0,0,0,HANDICAP
2026-09-01,2026-09-01_DEAUVILLE_R1C2,6,-0.1863929854806642,-0.1863929854806642,5.0,0.566337192578898,0.5848,NON_VERT,True,3.0,0,0,HANDICAP
2026-09-01,2026-09-01_DEAUVILLE_R1C2,7,-0.8101212826748865,-0.8101212826748865,7.0,0.566337192578898,0.5848,NON_VERT,False,2.0,0,1,HANDICAP
2026-09-01,2026-09-01_DEAUVILLE_R1C3,1,0.4638767056544611,0.4638767056544611,1.0,0.3978980538555045,0.5848,NON_VERT,True,8.0,0,0,A_RECLAMER
2026-09-01,2026-09-01_DEAUVILLE_R1C3,2,-0.1315160532176315,-0.1315160532176315,5.0,0.3978980538555045,0.5848,NON_VERT,True,10.0,0,0,A_RECLAMER
2026-09-01,2026-09-01_DEAUVILLE_R1C3,3,-0.2316511304957232,-0.2316511304957232,7.0,0.3978980538555045,0.5848,NON_VERT,False,6.0,0,0,A_RECLAMER
2026-09-01,2026-09-01_DEAUVILLE_R1C3,4,0.3063149177613263,0.3063149177613263,2.0,0.3978980538555045,0.5848,NON_VERT,True,7.0,0,0,A_RECLAMER
2026-09-01,2026-09-01_DEAUVILLE_R1C3,5,-0.0877626986457027,-0.0877626986457027,4.0,0.3978980538555045,0.5848,NON_VERT,True,11.0,0,0,A_RECLAMER
2026-09-01,2026-09-01_DEAUVILLE_R1C3,6,-0.1481167142375754,-0.1481167142375754,6.0,0.3978980538555045,0.5848,NON_VERT,False,5.0,0,0,A_RECLAMER
2026-09-01,2026-09-01_DEAUVILLE_R1C3,7,-0.7239903456865336,-0.7239903456865336,11.0,0.3978980538555045,0.5848,NON_VERT,False,3.0,0,1,A_RECLAMER
2026-09-01,2026-09-01_DEAUVILLE_R1C3,8,-0.3468229156861541,-0.3468229156861541,9.0,0.3978980538555045,0.5848,NON_VERT,False,9.0,0,0,A_RECLAMER
2026-09-01,2026-09-01_DEAUVILLE_R1C3,9,-0.0774068342848032,-0.0774068342848032,3.0,0.3978980538555045,0.5848,NON_VERT,True,2.0,0,1,A_RECLAMER
2026-09-01,2026-09-01_DEAUVILLE_R1C3,10,-0.3297945124617125,-0.3297945124617125,8.0,0.3978980538555045,0.5848,NON_VERT,False,1.0,1,1,A_RECLAMER
2026-09-01,2026-09-01_DEAUVILLE_R1C3,11,-0.6866146208044003,-0.6866146208044003,10.0,0.3978980538555045,0.5848,NON_VERT,False,4.0,0,0,A_RECLAMER
2026-09-01,2026-09-01_DEAUVILLE_R1C4,1,-1.0107565975906252,-1.0107565975906252,9.0,0.43149320906848404,0.5848,NON_VERT,False,5.0,0,0,COURSE_A_CONDITIONS
2026-09-01,2026-09-01_DEAUVILLE_R1C4,2,0.0025201739187972,0.0025201739187972,3.0,0.43149320906848404,0.5848,NON_VERT,True,8.0,0,0,COURSE_A_CONDITIONS
2026-09-01,2026-09-01_DEAUVILLE_R1C4,3,-0.2214777086206724,-0.2214777086206724,7.0,0.43149320906848404,0.5848,NON_VERT,False,6.0,0,0,COURSE_A_CONDITIONS
2026-09-01,2026-09-01_DEAUVILLE_R1C4,4,0.2674741451086748,0.2674741451086748,2.0,0.43149320906848404,0.5848,NON_VERT,True,1.0,1,1,COURSE_A_CONDITIONS
2026-09-01,2026-09-01_DEAUVILLE_R1C4,6,-0.8145134138936158,-0.8145134138936158,8.0,0.43149320906848404,0.5848,NON_VERT,False,9.0,0,0,COURSE_A_CONDITIONS
2026-09-01,2026-09-01_DEAUVILLE_R1C4,7,-0.0997600926982889,-0.0997600926982889,6.0,0.43149320906848404,0.5848,NON_VERT,False,4.0,0,0,COURSE_A_CONDITIONS
2026-09-01,2026-09-01_DEAUVILLE_R1C4,8,-0.0061452080477868,-0.0061452080477868,4.0,0.43149320906848404,0.5848,NON_VERT,True,11.0,0,0,COURSE_A_CONDITIONS
2026-09-01,2026-09-01_DEAUVILLE_R1C4,9,-1.332105362792344,-1.332105362792344,10.0,0.43149320906848404,0.5848,NON_VERT,False,2.0,0,1,COURSE_A_CONDITIONS
2026-09-01,2026-09-01_DEAUVILLE_R1C4,10,-2.0202145425114386,-2.0202145425114386,11.0,0.43149320906848404,0.5848,NON_VERT,False,10.0,0,0,COURSE_A_CONDITIONS
2026-09-01,2026-09-01_DEAUVILLE_R1C4,11,-0.037553024882065,-0.037553024882065,5.0,0.43149320906848404,0.5848,NON_VERT,True,3.0,0,1,COURSE_A_CONDITIONS
2026-09-01,2026-09-01_DEAUVILLE_R1C4,12,0.3254486804367796,0.3254486804367796,1.0,0.43149320906848404,0.5848,NON_VERT,True,7.0,0,0,COURSE_A_CONDITIONS
2026-09-01,2026-09-01_DEAUVILLE_R1C5,1,-0.1873161553389141,-0.1873161553389141,4.0,0.4411657873307107,0.5848,NON_VERT,True,11.0,0,0,HANDICAP_DIVISE
2026-09-01,2026-09-01_DEAUVILLE_R1C5,2,0.1540715048228501,0.1540715048228501,2.0,0.4411657873307107,0.5848,NON_VERT,True,1.0,1,1,HANDICAP_DIVISE
2026-09-01,2026-09-01_DEAUVILLE_R1C5,3,0.2068091265936715,0.2068091265936715,1.0,0.4411657873307107,0.5848,NON_VERT,True,4.0,0,0,HANDICAP_DIVISE
2026-09-01,2026-09-01_DEAUVILLE_R1C5,4,-0.5879303475580859,-0.5879303475580859,6.0,0.4411657873307107,0.5848,NON_VERT,False,7.0,0,0,HANDICAP_DIVISE
2026-09-01,2026-09-01_DEAUVILLE_R1C5,5,-0.120341571352581,-0.120341571352581,3.0,0.4411657873307107,0.5848,NON_VERT,True,3.0,0,1,HANDICAP_DIVISE
2026-09-01,2026-09-01_DEAUVILLE_R1C5,6,-0.6013217304898422,-0.6013217304898422,7.0,0.4411657873307107,0.5848,NON_VERT,False,2.0,0,1,HANDICAP_DIVISE
2026-09-01,2026-09-01_DEAUVILLE_R1C5,7,-0.5598202529925884,-0.5598202529925884,5.0,0.4411657873307107,0.5848,NON_VERT,True,9.0,0,0,HANDICAP_DIVISE
2026-09-01,2026-09-01_DEAUVILLE_R1C5,8,-0.6236142204902014,-0.6236142204902014,9.0,0.4411657873307107,0.5848,NON_VERT,False,8.0,0,0,HANDICAP_DIVISE
2026-09-01,2026-09-01_DEAUVILLE_R1C5,9,-1.037436443971509,-1.037436443971509,10.0,0.4411657873307107,0.5848,NON_VERT,False,5.0,0,0,HANDICAP_DIVISE
2026-09-01,2026-09-01_DEAUVILLE_R1C5,10,-0.6181713120198379,-0.6181713120198379,8.0,0.4411657873307107,0.5848,NON_VERT,False,6.0,0,0,HANDICAP_DIVISE
2026-09-01,2026-09-01_DEAUVILLE_R1C5,11,-1.4906777294190263,-1.4906777294190263,11.0,0.4411657873307107,0.5848,NON_VERT,False,10.0,0,0,HANDICAP_DIVISE
2026-09-01,2026-09-01_DEAUVILLE_R1C6,1,-0.1762056802678601,-0.1762056802678601,5.0,0.41409123692871697,0.5848,NON_VERT,True,1.0,1,1,HANDICAP_DIVISE
2026-09-01,2026-09-01_DEAUVILLE_R1C6,3,-0.0050324011620962,-0.0050324011620962,2.0,0.41409123692871697,0.5848,NON_VERT,True,4.0,0,0,HANDICAP_DIVISE
2026-09-01,2026-09-01_DEAUVILLE_R1C6,4,-0.1837131757570879,-0.1837131757570879,6.0,0.41409123692871697,0.5848,NON_VERT,False,6.0,0,0,HANDICAP_DIVISE
2026-09-01,2026-09-01_DEAUVILLE_R1C6,5,0.3335447924332315,0.3335447924332315,1.0,0.41409123692871697,0.5848,NON_VERT,True,8.0,0,0,HANDICAP_DIVISE
2026-09-01,2026-09-01_DEAUVILLE_R1C6,6,-0.0624079032864536,-0.0624079032864536,4.0,0.41409123692871697,0.5848,NON_VERT,True,2.0,0,1,HANDICAP_DIVISE
2026-09-01,2026-09-01_DEAUVILLE_R1C6,7,-1.121361949366764,-1.121361949366764,10.0,0.41409123692871697,0.5848,NON_VERT,False,10.0,0,0,HANDICAP_DIVISE
2026-09-01,2026-09-01_DEAUVILLE_R1C6,8,-0.7569863997997817,-0.7569863997997817,9.0,0.41409123692871697,0.5848,NON_VERT,False,9.0,0,0,HANDICAP_DIVISE
2026-09-01,2026-09-01_DEAUVILLE_R1C6,9,-0.2879956443934957,-0.2879956443934957,7.0,0.41409123692871697,0.5848,NON_VERT,False,5.0,0,0,HANDICAP_DIVISE
2026-09-01,2026-09-01_DEAUVILLE_R1C6,10,-0.013439143658531,-0.013439143658531,3.0,0.41409123692871697,0.5848,NON_VERT,True,3.0,0,1,HANDICAP_DIVISE
2026-09-01,2026-09-01_DEAUVILLE_R1C6,11,-0.471329972414102,-0.471329972414102,8.0,0.41409123692871697,0.5848,NON_VERT,False,7.0,0,0,HANDICAP_DIVISE
2026-09-01,2026-09-01_BADEN-BADEN_R6C4,1,0.0904084231057381,0.0904084231057381,3.0,0.5896767075567051,0.5848,VERT,True,7.0,0,0,HANDICAP
2026-09-01,2026-09-01_BADEN-BADEN_R6C4,2,-1.1827986777150816,-1.1827986777150816,8.0,0.5896767075567051,0.5848,VERT,False,9.0,0,0,HANDICAP
2026-09-01,2026-09-01_BADEN-BADEN_R6C4,3,-0.1932544668704776,-0.1932544668704776,4.0,0.5896767075567051,0.5848,VERT,True,2.0,0,1,HANDICAP
2026-09-01,2026-09-01_BADEN-BADEN_R6C4,4,-0.7290585751910436,-0.7290585751910436,7.0,0.5896767075567051,0.5848,VERT,False,5.0,0,0,HANDICAP
2026-09-01,2026-09-01_BADEN-BADEN_R6C4,5,-0.64817971433291,-0.64817971433291,6.0,0.5896767075567051,0.5848,VERT,False,1.0,1,1,HANDICAP
2026-09-01,2026-09-01_BADEN-BADEN_R6C4,6,0.302928977527315,0.302928977527315,2.0,0.5896767075567051,0.5848,VERT,True,4.0,0,0,HANDICAP
2026-09-01,2026-09-01_BADEN-BADEN_R6C4,7,0.6135860436498258,0.6135860436498258,1.0,0.5896767075567051,0.5848,VERT,True,8.0,0,0,HANDICAP
2026-09-01,2026-09-01_BADEN-BADEN_R6C4,8,-1.4414299550235328,-1.4414299550235328,9.0,0.5896767075567051,0.5848,VERT,False,3.0,0,1,HANDICAP
2026-09-01,2026-09-01_BADEN-BADEN_R6C4,9,-0.4839454493433178,-0.4839454493433178,5.0,0.5896767075567051,0.5848,VERT,True,6.0,0,0,HANDICAP
2026-09-01,2026-09-01_DEAUVILLE_R1C7,1,0.2999626662905886,0.2999626662905886,2.0,0.43347268122045546,0.5848,NON_VERT,True,5.0,0,0,HANDICAP_DIVISE
2026-09-01,2026-09-01_DEAUVILLE_R1C7,2,0.6342620946230033,0.6342620946230033,1.0,0.43347268122045546,0.5848,NON_VERT,True,1.0,1,1,HANDICAP_DIVISE
2026-09-01,2026-09-01_DEAUVILLE_R1C7,3,-0.4121274252753584,-0.4121274252753584,9.0,0.43347268122045546,0.5848,NON_VERT,False,2.0,0,1,HANDICAP_DIVISE
2026-09-01,2026-09-01_DEAUVILLE_R1C7,4,-0.3957174485069538,-0.3957174485069538,7.0,0.43347268122045546,0.5848,NON_VERT,False,8.0,0,0,HANDICAP_DIVISE
2026-09-01,2026-09-01_DEAUVILLE_R1C7,5,-0.7410627715929274,-0.7410627715929274,11.0,0.43347268122045546,0.5848,NON_VERT,False,9.0,0,0,HANDICAP_DIVISE
2026-09-01,2026-09-01_DEAUVILLE_R1C7,6,-0.4079219799357581,-0.4079219799357581,8.0,0.43347268122045546,0.5848,NON_VERT,False,6.0,0,0,HANDICAP_DIVISE
2026-09-01,2026-09-01_DEAUVILLE_R1C7,7,-0.2763345510761357,-0.2763345510761357,6.0,0.43347268122045546,0.5848,NON_VERT,False,3.0,0,1,HANDICAP_DIVISE
2026-09-01,2026-09-01_DEAUVILLE_R1C7,8,-0.1323281315326575,-0.1323281315326575,4.0,0.43347268122045546,0.5848,NON_VERT,True,10.0,0,0,HANDICAP_DIVISE
2026-09-01,2026-09-01_DEAUVILLE_R1C7,9,-0.091962487656772,-0.091962487656772,3.0,0.43347268122045546,0.5848,NON_VERT,True,11.0,0,0,HANDICAP_DIVISE
2026-09-01,2026-09-01_DEAUVILLE_R1C7,10,-0.2687031764923885,-0.2687031764923885,5.0,0.43347268122045546,0.5848,NON_VERT,True,7.0,0,0,HANDICAP_DIVISE
2026-09-01,2026-09-01_DEAUVILLE_R1C7,11,-0.6076640471988034,-0.6076640471988034,10.0,0.43347268122045546,0.5848,NON_VERT,False,4.0,0,0,HANDICAP_DIVISE
2026-09-01,2026-09-01_BADEN-BADEN_R6C5,2,0.578882277308997,0.578882277308997,2.0,0.7984686960019858,0.5848,VERT,True,5.0,0,0,GROUPE_III
2026-09-01,2026-09-01_BADEN-BADEN_R6C5,3,-0.4164665844418347,-0.4164665844418347,4.0,0.7984686960019858,0.5848,VERT,True,1.0,1,1,GROUPE_III
2026-09-01,2026-09-01_BADEN-BADEN_R6C5,4,0.1741315613344588,0.1741315613344588,3.0,0.7984686960019858,0.5848,VERT,True,2.0,0,1,GROUPE_III
2026-09-01,2026-09-01_BADEN-BADEN_R6C5,5,0.6660580759111266,0.6660580759111266,1.0,0.7984686960019858,0.5848,VERT,True,3.0,0,0,GROUPE_III
2026-09-01,2026-09-01_BADEN-BADEN_R6C5,6,-0.5402115870522906,-0.5402115870522906,5.0,0.7984686960019858,0.5848,VERT,True,4.0,0,0,GROUPE_III
2026-09-01,2026-09-01_DEAUVILLE_R1C8,1,0.3546539122802715,0.3546539122802715,1.0,0.34796143027155935,0.5848,NON_VERT,True,4.0,0,0,COURSE_A_CONDITION_QUALIF_HP
2026-09-01,2026-09-01_DEAUVILLE_R1C8,2,0.145629928770543,0.145629928770543,6.0,0.34796143027155935,0.5848,NON_VERT,False,9.0,0,0,COURSE_A_CONDITION_QUALIF_HP
2026-09-01,2026-09-01_DEAUVILLE_R1C8,3,0.2302330150063888,0.2302330150063888,4.0,0.34796143027155935,0.5848,NON_VERT,True,2.0,0,1,COURSE_A_CONDITION_QUALIF_HP
2026-09-01,2026-09-01_DEAUVILLE_R1C8,4,-0.1817385052015091,-0.1817385052015091,7.0,0.34796143027155935,0.5848,NON_VERT,False,5.0,0,0,COURSE_A_CONDITION_QUALIF_HP
2026-09-01,2026-09-01_DEAUVILLE_R1C8,5,-0.6419158536057145,-0.6419158536057145,10.0,0.34796143027155935,0.5848,NON_VERT,False,7.0,0,0,COURSE_A_CONDITION_QUALIF_HP
2026-09-01,2026-09-01_DEAUVILLE_R1C8,6,-0.6544807847352675,-0.6544807847352675,11.0,0.34796143027155935,0.5848,NON_VERT,False,11.0,0,0,COURSE_A_CONDITION_QUALIF_HP
2026-09-01,2026-09-01_DEAUVILLE_R1C8,7,0.2512263121981556,0.2512263121981556,3.0,0.34796143027155935,0.5848,NON_VERT,True,3.0,0,1,COURSE_A_CONDITION_QUALIF_HP
2026-09-01,2026-09-01_DEAUVILLE_R1C8,8,-0.7706313251427167,-0.7706313251427167,12.0,0.34796143027155935,0.5848,NON_VERT,False,1.0,1,1,COURSE_A_CONDITION_QUALIF_HP
2026-09-01,2026-09-01_DEAUVILLE_R1C8,9,0.1637002780105566,0.1637002780105566,5.0,0.34796143027155935,0.5848,NON_VERT,True,10.0,0,0,COURSE_A_CONDITION_QUALIF_HP
2026-09-01,2026-09-01_DEAUVILLE_R1C8,10,-0.5266394540939727,-0.5266394540939727,9.0,0.34796143027155935,0.5848,NON_VERT,False,8.0,0,0,COURSE_A_CONDITION_QUALIF_HP
2026-09-01,2026-09-01_DEAUVILLE_R1C8,11,-0.972035979500242,-0.972035979500242,13.0,0.34796143027155935,0.5848,NON_VERT,False,12.0,0,0,COURSE_A_CONDITION_QUALIF_HP
2026-09-01,2026-09-01_DEAUVILLE_R1C8,12,0.2981202992177826,0.2981202992177826,2.0,0.34796143027155935,0.5848,NON_VERT,True,6.0,0,0,COURSE_A_CONDITION_QUALIF_HP
2026-09-01,2026-09-01_DEAUVILLE_R1C8,13,-0.3560996723332508,-0.3560996723332508,8.0,0.34796143027155935,0.5848,NON_VERT,False,13.0,0,0,COURSE_A_CONDITION_QUALIF_HP
2026-09-01,2026-09-01_BADEN-BADEN_R6C6,1,0.7786972670822067,0.7786972670822067,1.0,0.4410323059207054,0.5848,NON_VERT,True,2.0,0,1,COURSE_A_CONDITIONS
2026-09-01,2026-09-01_BADEN-BADEN_R6C6,2,-0.580545891104876,-0.580545891104876,10.0,0.4410323059207054,0.5848,NON_VERT,False,9.0,0,0,COURSE_A_CONDITIONS
2026-09-01,2026-09-01_BADEN-BADEN_R6C6,3,-0.6936127369043052,-0.6936127369043052,12.0,0.4410323059207054,0.5848,NON_VERT,False,1.0,1,1,COURSE_A_CONDITIONS
2026-09-01,2026-09-01_BADEN-BADEN_R6C6,4,-0.1571570733071807,-0.1571570733071807,7.0,0.4410323059207054,0.5848,NON_VERT,False,5.0,0,0,COURSE_A_CONDITIONS
2026-09-01,2026-09-01_BADEN-BADEN_R6C6,5,-0.6488102989996045,-0.6488102989996045,11.0,0.4410323059207054,0.5848,NON_VERT,False,3.0,0,1,COURSE_A_CONDITIONS
2026-09-01,2026-09-01_BADEN-BADEN_R6C6,6,-0.16059952593713,-0.16059952593713,8.0,0.4410323059207054,0.5848,NON_VERT,False,10.0,0,0,COURSE_A_CONDITIONS
2026-09-01,2026-09-01_BADEN-BADEN_R6C6,7,0.4898743732159824,0.4898743732159824,3.0,0.4410323059207054,0.5848,NON_VERT,True,6.0,0,0,COURSE_A_CONDITIONS
2026-09-01,2026-09-01_BADEN-BADEN_R6C6,8,-0.3045328247707525,-0.3045328247707525,9.0,0.4410323059207054,0.5848,NON_VERT,False,12.0,0,0,COURSE_A_CONDITIONS
2026-09-01,2026-09-01_BADEN-BADEN_R6C6,9,0.0555091259947816,0.0555091259947816,4.0,0.4410323059207054,0.5848,NON_VERT,True,11.0,0,0,COURSE_A_CONDITIONS
2026-09-01,2026-09-01_BADEN-BADEN_R6C6,10,0.7456443423294716,0.7456443423294716,2.0,0.4410323059207054,0.5848,NON_VERT,True,7.0,0,0,COURSE_A_CONDITIONS
2026-09-01,2026-09-01_BADEN-BADEN_R6C6,11,-0.7384462675283683,-0.7384462675283683,13.0,0.4410323059207054,0.5848,NON_VERT,False,8.0,0,0,COURSE_A_CONDITIONS
2026-09-01,2026-09-01_BADEN-BADEN_R6C6,12,-0.07175507200495,-0.07175507200495,6.0,0.4410323059207054,0.5848,NON_VERT,False,4.0,0,0,COURSE_A_CONDITIONS
2026-09-01,2026-09-01_BADEN-BADEN_R6C6,13,0.0097666258876587,0.0097666258876587,5.0,0.4410323059207054,0.5848,NON_VERT,True,13.0,0,0,COURSE_A_CONDITIONS
2026-09-01,2026-09-01_BADEN-BADEN_R6C7,1,-1.195506944386795,-1.195506944386795,11.0,0.3974943993487852,0.5848,NON_VERT,False,9.0,0,0,HANDICAP
2026-09-01,2026-09-01_BADEN-BADEN_R6C7,2,-0.4093297376457862,-0.4093297376457862,5.0,0.3974943993487852,0.5848,NON_VERT,True,7.0,0,0,HANDICAP
2026-09-01,2026-09-01_BADEN-BADEN_R6C7,3,-0.6666740520607253,-0.6666740520607253,8.0,0.3974943993487852,0.5848,NON_VERT,False,11.0,0,0,HANDICAP
2026-09-01,2026-09-01_BADEN-BADEN_R6C7,4,-0.139753017712112,-0.139753017712112,2.0,0.3974943993487852,0.5848,NON_VERT,True,1.0,1,1,HANDICAP
2026-09-01,2026-09-01_BADEN-BADEN_R6C7,5,-0.264794386492226,-0.264794386492226,4.0,0.3974943993487852,0.5848,NON_VERT,True,5.0,0,0,HANDICAP
2026-09-01,2026-09-01_BADEN-BADEN_R6C7,6,-0.9330948215097268,-0.9330948215097268,10.0,0.3974943993487852,0.5848,NON_VERT,False,10.0,0,0,HANDICAP
2026-09-01,2026-09-01_BADEN-BADEN_R6C7,7,-0.4316255006635216,-0.4316255006635216,6.0,0.3974943993487852,0.5848,NON_VERT,False,8.0,0,0,HANDICAP
2026-09-01,2026-09-01_BADEN-BADEN_R6C7,8,0.1316748253938228,0.1316748253938228,1.0,0.3974943993487852,0.5848,NON_VERT,True,2.0,0,1,HANDICAP
2026-09-01,2026-09-01_BADEN-BADEN_R6C7,10,-0.6968720963435024,-0.6968720963435024,9.0,0.3974943993487852,0.5848,NON_VERT,False,4.0,0,0,HANDICAP
2026-09-01,2026-09-01_BADEN-BADEN_R6C7,11,-0.6219281905493328,-0.6219281905493328,7.0,0.3974943993487852,0.5848,NON_VERT,False,6.0,0,0,HANDICAP
2026-09-01,2026-09-01_BADEN-BADEN_R6C7,12,-0.170530796658901,-0.170530796658901,3.0,0.3974943993487852,0.5848,NON_VERT,True,3.0,0,1,HANDICAP
2026-09-01,2026-09-01_BADEN-BADEN_R6C8,1,0.0996267367928533,0.0996267367928533,3.0,0.3706800884148178,0.5848,NON_VERT,True,5.0,0,0,HANDICAP
2026-09-01,2026-09-01_BADEN-BADEN_R6C8,2,0.1043452664112464,0.1043452664112464,2.0,0.3706800884148178,0.5848,NON_VERT,True,7.0,0,0,HANDICAP
2026-09-01,2026-09-01_BADEN-BADEN_R6C8,3,-0.4958874493044186,-0.4958874493044186,9.0,0.3706800884148178,0.5848,NON_VERT,False,12.0,0,0,HANDICAP
2026-09-01,2026-09-01_BADEN-BADEN_R6C8,4,-0.1992477720504778,-0.1992477720504778,7.0,0.3706800884148178,0.5848,NON_VERT,False,2.0,0,1,HANDICAP
2026-09-01,2026-09-01_BADEN-BADEN_R6C8,5,-0.3396407019777349,-0.3396407019777349,8.0,0.3706800884148178,0.5848,NON_VERT,False,8.0,0,0,HANDICAP
2026-09-01,2026-09-01_BADEN-BADEN_R6C8,6,-0.0619517612951061,-0.0619517612951061,4.0,0.3706800884148178,0.5848,NON_VERT,True,11.0,0,0,HANDICAP
2026-09-01,2026-09-01_BADEN-BADEN_R6C8,7,0.325602360999762,0.325602360999762,1.0,0.3706800884148178,0.5848,NON_VERT,True,3.0,0,1,HANDICAP
2026-09-01,2026-09-01_BADEN-BADEN_R6C8,8,-0.1113367788550318,-0.1113367788550318,5.0,0.3706800884148178,0.5848,NON_VERT,True,4.0,0,0,HANDICAP
2026-09-01,2026-09-01_BADEN-BADEN_R6C8,9,-0.1173985475019958,-0.1173985475019958,6.0,0.3706800884148178,0.5848,NON_VERT,False,1.0,1,1,HANDICAP
2026-09-01,2026-09-01_BADEN-BADEN_R6C8,10,-0.7803919575995139,-0.7803919575995139,10.0,0.3706800884148178,0.5848,NON_VERT,False,6.0,0,0,HANDICAP
2026-09-01,2026-09-01_BADEN-BADEN_R6C8,11,-0.7813563490468713,-0.7813563490468713,11.0,0.3706800884148178,0.5848,NON_VERT,False,9.0,0,0,HANDICAP
2026-09-01,2026-09-01_BADEN-BADEN_R6C8,13,-1.105636108852997,-1.105636108852997,12.0,0.3706800884148178,0.5848,NON_VERT,False,10.0,0,0,HANDICAP
2026-09-01,2026-09-01_BADEN-BADEN_R6C9,1,-0.0567580844980766,-0.0567580844980766,3.0,0.4197571816382706,0.5848,NON_VERT,True,1.0,1,1,HANDICAP
2026-09-01,2026-09-01_BADEN-BADEN_R6C9,2,-0.9470937664402084,-0.9470937664402084,10.0,0.4197571816382706,0.5848,NON_VERT,False,6.0,0,0,HANDICAP
2026-09-01,2026-09-01_BADEN-BADEN_R6C9,3,-0.2629097779352878,-0.2629097779352878,5.0,0.4197571816382706,0.5848,NON_VERT,True,5.0,0,0,HANDICAP
2026-09-01,2026-09-01_BADEN-BADEN_R6C9,4,0.2268321140783037,0.2268321140783037,1.0,0.4197571816382706,0.5848,NON_VERT,True,2.0,0,1,HANDICAP
2026-09-01,2026-09-01_BADEN-BADEN_R6C9,5,-0.0683468472763078,-0.0683468472763078,4.0,0.4197571816382706,0.5848,NON_VERT,True,3.0,0,1,HANDICAP
2026-09-01,2026-09-01_BADEN-BADEN_R6C9,6,-0.847723518477283,-0.847723518477283,9.0,0.4197571816382706,0.5848,NON_VERT,False,10.0,0,0,HANDICAP
2026-09-01,2026-09-01_BADEN-BADEN_R6C9,7,-0.0036232368691145,-0.0036232368691145,2.0,0.4197571816382706,0.5848,NON_VERT,True,4.0,0,0,HANDICAP
2026-09-01,2026-09-01_BADEN-BADEN_R6C9,8,-0.6371167193073582,-0.6371167193073582,8.0,0.4197571816382706,0.5848,NON_VERT,False,9.0,0,0,HANDICAP
2026-09-01,2026-09-01_BADEN-BADEN_R6C9,9,-0.3469065458226816,-0.3469065458226816,6.0,0.4197571816382706,0.5848,NON_VERT,False,7.0,0,0,HANDICAP
2026-09-01,2026-09-01_BADEN-BADEN_R6C9,10,-0.4109889280540626,-0.4109889280540626,7.0,0.4197571816382706,0.5848,NON_VERT,False,8.0,0,0,HANDICAP
2026-09-01,2026-09-01_CONCEPCION_R7C1,2,-1.8189929894547727,-1.8189929894547727,10.0,0.5088876445407168,0.5848,NON_VERT,False,11.0,0,0,COURSE_A_CONDITIONS
2026-09-01,2026-09-01_CONCEPCION_R7C1,3,0.3491876256255097,0.3491876256255097,3.0,0.5088876445407168,0.5848,NON_VERT,True,1.0,1,1,COURSE_A_CONDITIONS
2026-09-01,2026-09-01_CONCEPCION_R7C1,4,-2.44784569753832,-2.44784569753832,13.0,0.5088876445407168,0.5848,NON_VERT,False,13.0,0,0,COURSE_A_CONDITIONS
2026-09-01,2026-09-01_CONCEPCION_R7C1,5,-0.7995451388323574,-0.7995451388323574,9.0,0.5088876445407168,0.5848,NON_VERT,False,10.0,0,0,COURSE_A_CONDITIONS
2026-09-01,2026-09-01_CONCEPCION_R7C1,6,-0.1834068872701121,-0.1834068872701121,5.0,0.5088876445407168,0.5848,NON_VERT,True,2.0,0,1,COURSE_A_CONDITIONS
2026-09-01,2026-09-01_CONCEPCION_R7C1,7,-0.7306890844425242,-0.7306890844425242,8.0,0.5088876445407168,0.5848,NON_VERT,False,5.0,0,0,COURSE_A_CONDITIONS
2026-09-01,2026-09-01_CONCEPCION_R7C1,8,0.377955619462733,0.377955619462733,2.0,0.5088876445407168,0.5848,NON_VERT,True,7.0,0,0,COURSE_A_CONDITIONS
2026-09-01,2026-09-01_CONCEPCION_R7C1,9,-2.1339626158164893,-2.1339626158164893,12.0,0.5088876445407168,0.5848,NON_VERT,False,12.0,0,0,COURSE_A_CONDITIONS
2026-09-01,2026-09-01_CONCEPCION_R7C1,10,-0.5834373684259881,-0.5834373684259881,6.0,0.5088876445407168,0.5848,NON_VERT,False,9.0,0,0,COURSE_A_CONDITIONS
2026-09-01,2026-09-01_CONCEPCION_R7C1,11,-0.6885364553937898,-0.6885364553937898,7.0,0.5088876445407168,0.5848,NON_VERT,False,6.0,0,0,COURSE_A_CONDITIONS
2026-09-01,2026-09-01_CONCEPCION_R7C1,12,0.5097240157640471,0.5097240157640471,1.0,0.5088876445407168,0.5848,NON_VERT,True,4.0,0,0,COURSE_A_CONDITIONS
2026-09-01,2026-09-01_CONCEPCION_R7C1,13,-1.946084356146776,-1.946084356146776,11.0,0.5088876445407168,0.5848,NON_VERT,False,8.0,0,0,COURSE_A_CONDITIONS
2026-09-01,2026-09-01_CONCEPCION_R7C1,14,0.0485015149675308,0.0485015149675308,4.0,0.5088876445407168,0.5848,NON_VERT,True,3.0,0,1,COURSE_A_CONDITIONS
2026-09-01,2026-09-01_CONCEPCION_R7C2,1,-0.3990185159868122,-0.3990185159868122,6.0,0.5435225281441598,0.5848,NON_VERT,False,5.0,0,0,HANDICAP
2026-09-01,2026-09-01_CONCEPCION_R7C2,2,-0.2510194749413039,-0.2510194749413039,5.0,0.5435225281441598,0.5848,NON_VERT,True,1.0,1,1,HANDICAP
2026-09-01,2026-09-01_CONCEPCION_R7C2,4,-0.0673575369627272,-0.0673575369627272,3.0,0.5435225281441598,0.5848,NON_VERT,True,6.0,0,0,HANDICAP
2026-09-01,2026-09-01_CONCEPCION_R7C2,5,0.2795810801432182,0.2795810801432182,1.0,0.5435225281441598,0.5848,NON_VERT,True,3.0,0,1,HANDICAP
2026-09-01,2026-09-01_CONCEPCION_R7C2,6,-0.1091469382481569,-0.1091469382481569,4.0,0.5435225281441598,0.5848,NON_VERT,True,7.0,0,0,HANDICAP
2026-09-01,2026-09-01_CONCEPCION_R7C2,7,-0.8378310819344904,-0.8378310819344904,7.0,0.5435225281441598,0.5848,NON_VERT,False,4.0,0,0,HANDICAP
2026-09-01,2026-09-01_CONCEPCION_R7C2,8,0.0493354673640216,0.0493354673640216,2.0,0.5435225281441598,0.5848,NON_VERT,True,2.0,0,1,HANDICAP
2026-09-01,2026-09-01_CONCEPCION_R7C3,1,-0.2388663995542533,-0.2388663995542533,6.0,0.6136715318925823,0.5848,VERT,False,2.0,0,1,HANDICAP
2026-09-01,2026-09-01_CONCEPCION_R7C3,2,0.1607848299079772,0.1607848299079772,3.0,0.6136715318925823,0.5848,VERT,True,1.0,1,1,HANDICAP
2026-09-01,2026-09-01_CONCEPCION_R7C3,3,-0.0290517421818,-0.0290517421818,5.0,0.6136715318925823,0.5848,VERT,True,3.0,0,0,HANDICAP
2026-09-01,2026-09-01_CONCEPCION_R7C3,4,0.6659364598961375,0.6659364598961375,1.0,0.6136715318925823,0.5848,VERT,True,4.0,0,0,HANDICAP
2026-09-01,2026-09-01_CONCEPCION_R7C3,5,0.0370188492086617,0.0370188492086617,4.0,0.6136715318925823,0.5848,VERT,True,6.0,0,0,HANDICAP
2026-09-01,2026-09-01_CONCEPCION_R7C3,6,0.2788214784807356,0.2788214784807356,2.0,0.6136715318925823,0.5848,VERT,True,5.0,0,0,HANDICAP
2026-09-01,2026-09-01_CONCEPCION_R7C4,1,-1.0207062920416874,-1.0207062920416874,9.0,0.4610300337715979,0.5848,NON_VERT,False,3.0,0,1,HANDICAP
2026-09-01,2026-09-01_CONCEPCION_R7C4,3,-0.0078719926931807,-0.0078719926931807,3.0,0.4610300337715979,0.5848,NON_VERT,True,4.0,0,0,HANDICAP
2026-09-01,2026-09-01_CONCEPCION_R7C4,4,-0.225769554829054,-0.225769554829054,5.0,0.4610300337715979,0.5848,NON_VERT,True,1.0,1,1,HANDICAP
2026-09-01,2026-09-01_CONCEPCION_R7C4,5,-0.9220199611461812,-0.9220199611461812,8.0,0.4610300337715979,0.5848,NON_VERT,False,8.0,0,0,HANDICAP
2026-09-01,2026-09-01_CONCEPCION_R7C4,6,0.0116102515147796,0.0116102515147796,2.0,0.4610300337715979,0.5848,NON_VERT,True,7.0,0,0,HANDICAP
2026-09-01,2026-09-01_CONCEPCION_R7C4,7,-0.0495094344948695,-0.0495094344948695,4.0,0.4610300337715979,0.5848,NON_VERT,True,5.0,0,0,HANDICAP
2026-09-01,2026-09-01_CONCEPCION_R7C4,8,0.0267463388975448,0.0267463388975448,1.0,0.4610300337715979,0.5848,NON_VERT,True,9.0,0,0,HANDICAP
2026-09-01,2026-09-01_CONCEPCION_R7C4,9,-0.8286729689423652,-0.8286729689423652,7.0,0.4610300337715979,0.5848,NON_VERT,False,6.0,0,0,HANDICAP
2026-09-01,2026-09-01_CONCEPCION_R7C4,10,-0.5123902959566619,-0.5123902959566619,6.0,0.4610300337715979,0.5848,NON_VERT,False,2.0,0,1,HANDICAP
2026-09-01,2026-09-01_CONCEPCION_R7C5,1,-1.678879189095928,-1.678879189095928,9.0,0.5013204266036299,0.5848,NON_VERT,False,9.0,0,0,HANDICAP
2026-09-01,2026-09-01_CONCEPCION_R7C5,3,0.0658535204271827,0.0658535204271827,4.0,0.5013204266036299,0.5848,NON_VERT,True,5.0,0,0,HANDICAP
2026-09-01,2026-09-01_CONCEPCION_R7C5,4,-0.7543909054004602,-0.7543909054004602,7.0,0.5013204266036299,0.5848,NON_VERT,False,8.0,0,0,HANDICAP
2026-09-01,2026-09-01_CONCEPCION_R7C5,5,-0.2665258508097382,-0.2665258508097382,5.0,0.5013204266036299,0.5848,NON_VERT,True,4.0,0,0,HANDICAP
2026-09-01,2026-09-01_CONCEPCION_R7C5,6,-1.1928629072270625,-1.1928629072270625,8.0,0.5013204266036299,0.5848,NON_VERT,False,7.0,0,0,HANDICAP
2026-09-01,2026-09-01_CONCEPCION_R7C5,7,0.1768974325850049,0.1768974325850049,1.0,0.5013204266036299,0.5848,NON_VERT,True,3.0,0,1,HANDICAP
2026-09-01,2026-09-01_CONCEPCION_R7C5,8,0.1292031311154012,0.1292031311154012,3.0,0.5013204266036299,0.5848,NON_VERT,True,2.0,0,1,HANDICAP
2026-09-01,2026-09-01_CONCEPCION_R7C5,9,-0.4173535010243805,-0.4173535010243805,6.0,0.5013204266036299,0.5848,NON_VERT,False,6.0,0,0,HANDICAP
2026-09-01,2026-09-01_CONCEPCION_R7C5,10,0.1310131231195679,0.1310131231195679,2.0,0.5013204266036299,0.5848,NON_VERT,True,1.0,1,1,HANDICAP
2026-09-01,2026-09-01_CONCEPCION_R7C6,1,-0.2808889439769172,-0.2808889439769172,6.0,0.6301306870274329,0.5848,VERT,False,5.0,0,0,COURSE_A_CONDITIONS
2026-09-01,2026-09-01_CONCEPCION_R7C6,2,-0.1146563831164753,-0.1146563831164753,5.0,0.6301306870274329,0.5848,VERT,True,3.0,0,1,COURSE_A_CONDITIONS
2026-09-01,2026-09-01_CONCEPCION_R7C6,3,1.0888676867157776,1.0888676867157776,1.0,0.6301306870274329,0.5848,VERT,True,2.0,0,1,COURSE_A_CONDITIONS
2026-09-01,2026-09-01_CONCEPCION_R7C6,4,0.5032367060763089,0.5032367060763089,3.0,0.6301306870274329,0.5848,VERT,True,1.0,1,1,COURSE_A_CONDITIONS
2026-09-01,2026-09-01_CONCEPCION_R7C6,5,-0.5191445076783686,-0.5191445076783686,7.0,0.6301306870274329,0.5848,VERT,False,4.0,0,0,COURSE_A_CONDITIONS
2026-09-01,2026-09-01_CONCEPCION_R7C6,6,-0.6198977278778588,-0.6198977278778588,8.0,0.6301306870274329,0.5848,VERT,False,6.0,0,0,COURSE_A_CONDITIONS
2026-09-01,2026-09-01_CONCEPCION_R7C6,7,0.5891242951569796,0.5891242951569796,2.0,0.6301306870274329,0.5848,VERT,True,8.0,0,0,COURSE_A_CONDITIONS
2026-09-01,2026-09-01_CONCEPCION_R7C6,8,-0.0071421111918003,-0.0071421111918003,4.0,0.6301306870274329,0.5848,VERT,True,7.0,0,0,COURSE_A_CONDITIONS
2026-09-02,2026-09-02_KEMPTON-PARK_R5C1,2,-0.4267791559735846,-0.4267791559735846,5.0,0.524368,0.5848,NON_VERT,True,5.0,0,0,HANDICAP
2026-09-02,2026-09-02_KEMPTON-PARK_R5C1,3,-0.4672592121654688,-0.4672592121654688,6.0,0.524368,0.5848,NON_VERT,False,1.0,1,1,HANDICAP
2026-09-02,2026-09-02_KEMPTON-PARK_R5C1,5,-0.2944999105643134,-0.2944999105643134,1.0,0.524368,0.5848,NON_VERT,True,6.0,0,0,HANDICAP
2026-09-02,2026-09-02_KEMPTON-PARK_R5C1,6,-0.30293519554089093,-0.30293519554089093,2.0,0.524368,0.5848,NON_VERT,True,3.0,0,1,HANDICAP
2026-09-02,2026-09-02_KEMPTON-PARK_R5C1,7,-0.31470866309369544,-0.31470866309369544,3.0,0.524368,0.5848,NON_VERT,True,2.0,0,1,HANDICAP
2026-09-02,2026-09-02_KEMPTON-PARK_R5C1,8,-0.316770708783474,-0.316770708783474,4.0,0.524368,0.5848,NON_VERT,True,4.0,0,0,HANDICAP
2026-09-02,2026-09-02_KEMPTON-PARK_R5C2,1,-0.9495346698152585,-0.9495346698152585,9.0,0.574919,0.5848,NON_VERT,False,7.0,0,0,COURSE_A_CONDITIONS
2026-09-02,2026-09-02_KEMPTON-PARK_R5C2,2,0.19303932504132276,0.19303932504132276,2.0,0.574919,0.5848,NON_VERT,True,5.0,0,0,COURSE_A_CONDITIONS
2026-09-02,2026-09-02_KEMPTON-PARK_R5C2,3,-1.54737286560399,-1.54737286560399,10.0,0.574919,0.5848,NON_VERT,False,9.0,0,0,COURSE_A_CONDITIONS
2026-09-02,2026-09-02_KEMPTON-PARK_R5C2,4,-0.3434220089965909,-0.3434220089965909,3.0,0.574919,0.5848,NON_VERT,True,1.0,1,1,COURSE_A_CONDITIONS
2026-09-02,2026-09-02_KEMPTON-PARK_R5C2,5,0.8287860417658672,0.8287860417658672,1.0,0.574919,0.5848,NON_VERT,True,2.0,0,1,COURSE_A_CONDITIONS
2026-09-02,2026-09-02_KEMPTON-PARK_R5C2,6,-0.6810567695018432,-0.6810567695018432,6.0,0.574919,0.5848,NON_VERT,False,4.0,0,0,COURSE_A_CONDITIONS
2026-09-02,2026-09-02_KEMPTON-PARK_R5C2,7,-0.5183727551726277,-0.5183727551726277,5.0,0.574919,0.5848,NON_VERT,True,6.0,0,0,COURSE_A_CONDITIONS
2026-09-02,2026-09-02_KEMPTON-PARK_R5C2,8,-0.9312373175043368,-0.9312373175043368,8.0,0.574919,0.5848,NON_VERT,False,8.0,0,0,COURSE_A_CONDITIONS
2026-09-02,2026-09-02_KEMPTON-PARK_R5C2,10,-0.49117358785845433,-0.49117358785845433,4.0,0.574919,0.5848,NON_VERT,True,10.0,0,0,COURSE_A_CONDITIONS
2026-09-02,2026-09-02_KEMPTON-PARK_R5C2,11,-0.897544140486146,-0.897544140486146,7.0,0.574919,0.5848,NON_VERT,False,3.0,0,1,COURSE_A_CONDITIONS
2026-09-02,2026-09-02_KEMPTON-PARK_R5C3,1,0.3999580560667642,0.3999580560667642,3.0,0.576284,0.5848,NON_VERT,True,3.0,0,1,COURSE_A_CONDITIONS
2026-09-02,2026-09-02_KEMPTON-PARK_R5C3,2,-0.23241205146822397,-0.23241205146822397,6.0,0.576284,0.5848,NON_VERT,False,6.0,0,0,COURSE_A_CONDITIONS
2026-09-02,2026-09-02_KEMPTON-PARK_R5C3,3,-0.5990240123638688,-0.5990240123638688,7.0,0.576284,0.5848,NON_VERT,False,9.0,0,0,COURSE_A_CONDITIONS
2026-09-02,2026-09-02_KEMPTON-PARK_R5C3,4,-1.2258498950576797,-1.2258498950576797,10.0,0.576284,0.5848,NON_VERT,False,8.0,0,0,COURSE_A_CONDITIONS
2026-09-02,2026-09-02_KEMPTON-PARK_R5C3,5,0.23805642964768453,0.23805642964768453,4.0,0.576284,0.5848,NON_VERT,True,4.0,0,0,COURSE_A_CONDITIONS
2026-09-02,2026-09-02_KEMPTON-PARK_R5C3,6,0.6116625694853585,0.6116625694853585,2.0,0.576284,0.5848,NON_VERT,True,2.0,0,1,COURSE_A_CONDITIONS
2026-09-02,2026-09-02_KEMPTON-PARK_R5C3,7,-0.0162581224751795,-0.0162581224751795,5.0,0.576284,0.5848,NON_VERT,True,5.0,0,0,COURSE_A_CONDITIONS
2026-09-02,2026-09-02_KEMPTON-PARK_R5C3,8,-1.1417220148960547,-1.1417220148960547,9.0,0.576284,0.5848,NON_VERT,False,10.0,0,0,COURSE_A_CONDITIONS
2026-09-02,2026-09-02_KEMPTON-PARK_R5C3,9,-1.7242418362046936,-1.7242418362046936,11.0,0.576284,0.5848,NON_VERT,False,12.0,0,0,COURSE_A_CONDITIONS
2026-09-02,2026-09-02_KEMPTON-PARK_R5C3,10,1.1846900900626944,1.1846900900626944,1.0,0.576284,0.5848,NON_VERT,True,1.0,1,1,COURSE_A_CONDITIONS
2026-09-02,2026-09-02_KEMPTON-PARK_R5C3,11,-0.9348542743252145,-0.9348542743252145,8.0,0.576284,0.5848,NON_VERT,False,7.0,0,0,COURSE_A_CONDITIONS
2026-09-02,2026-09-02_KEMPTON-PARK_R5C3,12,-2.5514387609197544,-2.5514387609197544,12.0,0.576284,0.5848,NON_VERT,False,11.0,0,0,COURSE_A_CONDITIONS
2026-09-02,2026-09-02_KEMPTON-PARK_R5C4,1,-1.5954176735166936,-1.5954176735166936,6.0,0.895923,0.5848,VERT,False,6.0,0,0,COURSE_A_CONDITIONS
2026-09-02,2026-09-02_KEMPTON-PARK_R5C4,2,1.786180631431463,1.786180631431463,1.0,0.895923,0.5848,VERT,True,1.0,1,1,COURSE_A_CONDITIONS
2026-09-02,2026-09-02_KEMPTON-PARK_R5C4,3,-1.5528443301786736,-1.5528443301786736,5.0,0.895923,0.5848,VERT,True,4.0,0,0,COURSE_A_CONDITIONS
2026-09-02,2026-09-02_KEMPTON-PARK_R5C4,4,0.6814707381696653,0.6814707381696653,2.0,0.895923,0.5848,VERT,True,2.0,0,1,COURSE_A_CONDITIONS
2026-09-02,2026-09-02_KEMPTON-PARK_R5C4,5,-0.2568767900234843,-0.2568767900234843,3.0,0.895923,0.5848,VERT,True,3.0,0,0,COURSE_A_CONDITIONS
2026-09-02,2026-09-02_KEMPTON-PARK_R5C4,6,-0.5139228625019447,-0.5139228625019447,4.0,0.895923,0.5848,VERT,True,5.0,0,0,COURSE_A_CONDITIONS
2026-09-02,2026-09-02_KEMPTON-PARK_R5C5,1,0.3912800322918591,0.3912800322918591,1.0,0.604443,0.5848,VERT,True,6.0,0,0,HANDICAP
2026-09-02,2026-09-02_KEMPTON-PARK_R5C5,2,-0.3129952498790631,-0.3129952498790631,5.0,0.604443,0.5848,VERT,True,5.0,0,0,HANDICAP
2026-09-02,2026-09-02_KEMPTON-PARK_R5C5,3,-0.6972307456811722,-0.6972307456811722,7.0,0.604443,0.5848,VERT,False,7.0,0,0,HANDICAP
2026-09-02,2026-09-02_KEMPTON-PARK_R5C5,4,-0.28546482208276963,-0.28546482208276963,4.0,0.604443,0.5848,VERT,True,2.0,0,1,HANDICAP
2026-09-02,2026-09-02_KEMPTON-PARK_R5C5,5,0.14819889130335562,0.14819889130335562,3.0,0.604443,0.5848,VERT,True,4.0,0,0,HANDICAP
2026-09-02,2026-09-02_KEMPTON-PARK_R5C5,6,-0.5381466815872831,-0.5381466815872831,6.0,0.604443,0.5848,VERT,False,3.0,0,1,HANDICAP
2026-09-02,2026-09-02_KEMPTON-PARK_R5C5,7,0.24721981573818635,0.24721981573818635,2.0,0.604443,0.5848,VERT,True,1.0,1,1,HANDICAP
2026-09-02,2026-09-02_KEMPTON-PARK_R5C6,1,-0.748294392531879,-0.748294392531879,7.0,0.592778,0.5848,VERT,False,1.0,1,1,HANDICAP
2026-09-02,2026-09-02_KEMPTON-PARK_R5C6,2,0.7572488739989749,0.7572488739989749,1.0,0.592778,0.5848,VERT,True,4.0,0,0,HANDICAP
2026-09-02,2026-09-02_KEMPTON-PARK_R5C6,3,-0.23334419922706762,-0.23334419922706762,6.0,0.592778,0.5848,VERT,False,5.0,0,0,HANDICAP
2026-09-02,2026-09-02_KEMPTON-PARK_R5C6,4,0.5006030270791876,0.5006030270791876,3.0,0.592778,0.5848,VERT,True,6.0,0,0,HANDICAP
2026-09-02,2026-09-02_KEMPTON-PARK_R5C6,6,0.2709314966783567,0.2709314966783567,4.0,0.592778,0.5848,VERT,True,7.0,0,0,HANDICAP
2026-09-02,2026-09-02_KEMPTON-PARK_R5C6,7,0.1675833724629851,0.1675833724629851,5.0,0.592778,0.5848,VERT,True,2.0,0,1,HANDICAP
2026-09-02,2026-09-02_KEMPTON-PARK_R5C6,8,0.524288574382978,0.524288574382978,2.0,0.592778,0.5848,VERT,True,3.0,0,1,HANDICAP
2026-09-02,2026-09-02_KEMPTON-PARK_R5C7,1,0.09625708907503502,0.09625708907503502,2.0,0.794978,0.5848,VERT,True,1.0,1,1,HANDICAP
2026-09-02,2026-09-02_KEMPTON-PARK_R5C7,2,0.6945866714877318,0.6945866714877318,1.0,0.794978,0.5848,VERT,True,2.0,0,1,HANDICAP
2026-09-02,2026-09-02_KEMPTON-PARK_R5C7,3,0.014908743699702142,0.014908743699702142,3.0,0.794978,0.5848,VERT,True,3.0,0,0,HANDICAP
2026-09-02,2026-09-02_KEMPTON-PARK_R5C7,5,-0.45593650747227604,-0.45593650747227604,4.0,0.794978,0.5848,VERT,True,4.0,0,0,HANDICAP
2026-09-02,2026-09-02_KEMPTON-PARK_R5C7,6,-0.8476767205071117,-0.8476767205071117,5.0,0.794978,0.5848,VERT,True,5.0,0,0,HANDICAP
2026-09-02,2026-09-02_LA-CEPIERE_R4C1,1,0.7274359064099041,0.7274359064099041,1.0,0.591512,0.5848,VERT,True,3.0,0,0,COURSE_A_CONDITIONS
2026-09-02,2026-09-02_LA-CEPIERE_R4C1,2,0.21631563052820105,0.21631563052820105,5.0,0.591512,0.5848,VERT,True,5.0,0,0,COURSE_A_CONDITIONS
2026-09-02,2026-09-02_LA-CEPIERE_R4C1,3,0.45273589050120855,0.45273589050120855,3.0,0.591512,0.5848,VERT,True,4.0,0,0,COURSE_A_CONDITIONS
2026-09-02,2026-09-02_LA-CEPIERE_R4C1,4,0.35672447854607336,0.35672447854607336,4.0,0.591512,0.5848,VERT,True,1.0,1,1,COURSE_A_CONDITIONS
2026-09-02,2026-09-02_LA-CEPIERE_R4C1,5,0.06956302638331771,0.06956302638331771,6.0,0.591512,0.5848,VERT,False,6.0,0,0,COURSE_A_CONDITIONS
2026-09-02,2026-09-02_LA-CEPIERE_R4C1,6,0.5746403665792111,0.5746403665792111,2.0,0.591512,0.5848,VERT,True,2.0,0,1,COURSE_A_CONDITIONS
2026-09-02,2026-09-02_LA-CEPIERE_R4C3,1,-0.4750987113678928,-0.4750987113678928,9.0,0.390047,0.5848,NON_VERT,False,9.0,0,0,HANDICAP
2026-09-02,2026-09-02_LA-CEPIERE_R4C3,2,0.3129193340631215,0.3129193340631215,2.0,0.390047,0.5848,NON_VERT,True,2.0,0,1,HANDICAP
2026-09-02,2026-09-02_LA-CEPIERE_R4C3,3,0.6009283649585655,0.6009283649585655,1.0,0.390047,0.5848,NON_VERT,True,3.0,0,1,HANDICAP
2026-09-02,2026-09-02_LA-CEPIERE_R4C3,4,-0.628722192634746,-0.628722192634746,12.0,0.390047,0.5848,NON_VERT,False,5.0,0,0,HANDICAP
2026-09-02,2026-09-02_LA-CEPIERE_R4C3,5,-0.1310644212595539,-0.1310644212595539,6.0,0.390047,0.5848,NON_VERT,False,7.0,0,0,HANDICAP
2026-09-02,2026-09-02_LA-CEPIERE_R4C3,6,-0.04970540371337134,-0.04970540371337134,5.0,0.390047,0.5848,NON_VERT,True,11.0,0,0,HANDICAP
2026-09-02,2026-09-02_LA-CEPIERE_R4C3,7,-0.45378177239084405,-0.45378177239084405,8.0,0.390047,0.5848,NON_VERT,False,1.0,1,1,HANDICAP
2026-09-02,2026-09-02_LA-CEPIERE_R4C3,8,-0.19530174006230736,-0.19530174006230736,7.0,0.390047,0.5848,NON_VERT,False,6.0,0,0,HANDICAP
2026-09-02,2026-09-02_LA-CEPIERE_R4C3,9,0.26537772195101744,0.26537772195101744,3.0,0.390047,0.5848,NON_VERT,True,10.0,0,0,HANDICAP
2026-09-02,2026-09-02_LA-CEPIERE_R4C3,10,0.03869247403286349,0.03869247403286349,4.0,0.390047,0.5848,NON_VERT,True,4.0,0,0,HANDICAP
2026-09-02,2026-09-02_LA-CEPIERE_R4C3,11,-0.5037744162454444,-0.5037744162454444,10.0,0.390047,0.5848,NON_VERT,False,12.0,0,0,HANDICAP
2026-09-02,2026-09-02_LA-CEPIERE_R4C3,12,-0.6284287997676465,-0.6284287997676465,11.0,0.390047,0.5848,NON_VERT,False,8.0,0,0,HANDICAP
2026-09-02,2026-09-02_LA-CEPIERE_R4C3,13,-0.8897152941340735,-0.8897152941340735,13.0,0.390047,0.5848,NON_VERT,False,13.0,0,0,HANDICAP
2026-09-02,2026-09-02_LA-CEPIERE_R4C5,1,-0.9591028195719845,-0.9591028195719845,11.0,0.370278,0.5848,NON_VERT,False,7.0,0,0,COURSE_A_CONDITIONS
2026-09-02,2026-09-02_LA-CEPIERE_R4C5,2,-0.7820179258753952,-0.7820179258753952,9.0,0.370278,0.5848,NON_VERT,False,2.0,0,1,COURSE_A_CONDITIONS
2026-09-02,2026-09-02_LA-CEPIERE_R4C5,3,-1.0045068121539544,-1.0045068121539544,12.0,0.370278,0.5848,NON_VERT,False,13.0,0,0,COURSE_A_CONDITIONS
2026-09-02,2026-09-02_LA-CEPIERE_R4C5,4,-0.5624931415203938,-0.5624931415203938,4.0,0.370278,0.5848,NON_VERT,True,9.0,0,0,COURSE_A_CONDITIONS
2026-09-02,2026-09-02_LA-CEPIERE_R4C5,5,-1.9271661234648867,-1.9271661234648867,15.0,0.370278,0.5848,NON_VERT,False,4.0,0,0,COURSE_A_CONDITIONS
2026-09-02,2026-09-02_LA-CEPIERE_R4C5,6,-0.7372356261033466,-0.7372356261033466,7.0,0.370278,0.5848,NON_VERT,False,10.0,0,0,COURSE_A_CONDITIONS
2026-09-02,2026-09-02_LA-CEPIERE_R4C5,7,-0.16829863045274357,-0.16829863045274357,2.0,0.370278,0.5848,NON_VERT,True,1.0,1,1,COURSE_A_CONDITIONS
2026-09-02,2026-09-02_LA-CEPIERE_R4C5,8,-0.7732267880206767,-0.7732267880206767,8.0,0.370278,0.5848,NON_VERT,False,15.0,0,0,COURSE_A_CONDITIONS
2026-09-02,2026-09-02_LA-CEPIERE_R4C5,9,0.23859530846008287,0.23859530846008287,1.0,0.370278,0.5848,NON_VERT,True,6.0,0,0,COURSE_A_CONDITIONS
2026-09-02,2026-09-02_LA-CEPIERE_R4C5,10,-1.8743645995617553,-1.8743645995617553,14.0,0.370278,0.5848,NON_VERT,False,12.0,0,0,COURSE_A_CONDITIONS
2026-09-02,2026-09-02_LA-CEPIERE_R4C5,11,-0.45765371060449267,-0.45765371060449267,3.0,0.370278,0.5848,NON_VERT,True,5.0,0,0,COURSE_A_CONDITIONS
2026-09-02,2026-09-02_LA-CEPIERE_R4C5,12,-1.848425317401783,-1.848425317401783,13.0,0.370278,0.5848,NON_VERT,False,14.0,0,0,COURSE_A_CONDITIONS
2026-09-02,2026-09-02_LA-CEPIERE_R4C5,13,-0.656984728890372,-0.656984728890372,6.0,0.370278,0.5848,NON_VERT,False,11.0,0,0,COURSE_A_CONDITIONS
2026-09-02,2026-09-02_LA-CEPIERE_R4C5,14,-0.8028048965233112,-0.8028048965233112,10.0,0.370278,0.5848,NON_VERT,False,3.0,0,1,COURSE_A_CONDITIONS
2026-09-02,2026-09-02_LA-CEPIERE_R4C5,15,-0.6298914314460393,-0.6298914314460393,5.0,0.370278,0.5848,NON_VERT,True,8.0,0,0,COURSE_A_CONDITIONS
2026-09-02,2026-09-02_LA-CEPIERE_R4C8,1,0.44865179248251974,0.44865179248251974,1.0,0.506157,0.5848,NON_VERT,True,5.0,0,0,COURSE_A_CONDITIONS
2026-09-02,2026-09-02_LA-CEPIERE_R4C8,2,-0.07233070938321072,-0.07233070938321072,5.0,0.506157,0.5848,NON_VERT,True,8.0,0,0,COURSE_A_CONDITIONS
2026-09-02,2026-09-02_LA-CEPIERE_R4C8,3,0.42269797155786637,0.42269797155786637,2.0,0.506157,0.5848,NON_VERT,True,1.0,1,1,COURSE_A_CONDITIONS
2026-09-02,2026-09-02_LA-CEPIERE_R4C8,4,-0.5912857816193885,-0.5912857816193885,8.0,0.506157,0.5848,NON_VERT,False,2.0,0,1,COURSE_A_CONDITIONS
2026-09-02,2026-09-02_LA-CEPIERE_R4C8,5,-0.5846832603280947,-0.5846832603280947,7.0,0.506157,0.5848,NON_VERT,False,6.0,0,0,COURSE_A_CONDITIONS
2026-09-02,2026-09-02_LA-CEPIERE_R4C8,6,0.11619662060213991,0.11619662060213991,3.0,0.506157,0.5848,NON_VERT,True,3.0,0,1,COURSE_A_CONDITIONS
2026-09-02,2026-09-02_LA-CEPIERE_R4C8,7,-0.018657665657359247,-0.018657665657359247,4.0,0.506157,0.5848,NON_VERT,True,4.0,0,0,COURSE_A_CONDITIONS
2026-09-02,2026-09-02_LA-CEPIERE_R4C8,8,-0.6835963551103362,-0.6835963551103362,9.0,0.506157,0.5848,NON_VERT,False,7.0,0,0,COURSE_A_CONDITIONS
2026-09-02,2026-09-02_LA-CEPIERE_R4C8,9,-0.5352934204418878,-0.5352934204418878,6.0,0.506157,0.5848,NON_VERT,False,9.0,0,0,COURSE_A_CONDITIONS
2026-09-02,2026-09-02_LYON-PARILLY_R3C1,1,0.7463581727311539,0.7463581727311539,3.0,0.845329,0.5848,VERT,True,2.0,0,1,COURSE_A_CONDITIONS
2026-09-02,2026-09-02_LYON-PARILLY_R3C1,2,1.34804304273463,1.34804304273463,1.0,0.845329,0.5848,VERT,True,3.0,0,0,COURSE_A_CONDITIONS
2026-09-02,2026-09-02_LYON-PARILLY_R3C1,4,0.4648343867031322,0.4648343867031322,4.0,0.845329,0.5848,VERT,True,4.0,0,0,COURSE_A_CONDITIONS
2026-09-02,2026-09-02_LYON-PARILLY_R3C1,5,1.0080487402464218,1.0080487402464218,2.0,0.845329,0.5848,VERT,True,1.0,1,1,COURSE_A_CONDITIONS
2026-09-02,2026-09-02_LYON-PARILLY_R3C2,1,-0.2718763374277319,-0.2718763374277319,3.0,0.847429,0.5848,VERT,True,5.0,0,0,A_RECLAMER
2026-09-02,2026-09-02_LYON-PARILLY_R3C2,2,0.7514330037438934,0.7514330037438934,2.0,0.847429,0.5848,VERT,True,2.0,0,1,A_RECLAMER
2026-09-02,2026-09-02_LYON-PARILLY_R3C2,4,-1.914726511040183,-1.914726511040183,6.0,0.847429,0.5848,VERT,False,6.0,0,0,A_RECLAMER
2026-09-02,2026-09-02_LYON-PARILLY_R3C2,5,-0.6314252869019844,-0.6314252869019844,4.0,0.847429,0.5848,VERT,True,4.0,0,0,A_RECLAMER
2026-09-02,2026-09-02_LYON-PARILLY_R3C2,6,-1.459650369722725,-1.459650369722725,5.0,0.847429,0.5848,VERT,True,3.0,0,0,A_RECLAMER
2026-09-02,2026-09-02_LYON-PARILLY_R3C2,7,0.779772993667692,0.779772993667692,1.0,0.847429,0.5848,VERT,True,1.0,1,1,A_RECLAMER
2026-09-02,2026-09-02_LYON-PARILLY_R3C3,1,-1.3052225038750112,-1.3052225038750112,11.0,0.456715,0.5848,NON_VERT,False,8.0,0,0,COURSE_A_CONDITIONS
2026-09-02,2026-09-02_LYON-PARILLY_R3C3,2,0.042256506117001484,0.042256506117001484,3.0,0.456715,0.5848,NON_VERT,True,7.0,0,0,COURSE_A_CONDITIONS
2026-09-02,2026-09-02_LYON-PARILLY_R3C3,3,-0.8291598767457832,-0.8291598767457832,9.0,0.456715,0.5848,NON_VERT,False,6.0,0,0,COURSE_A_CONDITIONS
2026-09-02,2026-09-02_LYON-PARILLY_R3C3,4,-0.033316045324546704,-0.033316045324546704,5.0,0.456715,0.5848,NON_VERT,True,3.0,0,1,COURSE_A_CONDITIONS
2026-09-02,2026-09-02_LYON-PARILLY_R3C3,5,0.0003971402837152873,0.0003971402837152873,4.0,0.456715,0.5848,NON_VERT,True,2.0,0,1,COURSE_A_CONDITIONS
2026-09-02,2026-09-02_LYON-PARILLY_R3C3,6,0.39888591212235913,0.39888591212235913,2.0,0.456715,0.5848,NON_VERT,True,4.0,0,0,COURSE_A_CONDITIONS
2026-09-02,2026-09-02_LYON-PARILLY_R3C3,7,-0.3156572289737864,-0.3156572289737864,7.0,0.456715,0.5848,NON_VERT,False,9.0,0,0,COURSE_A_CONDITIONS
2026-09-02,2026-09-02_LYON-PARILLY_R3C3,8,-1.2158750641289409,-1.2158750641289409,10.0,0.456715,0.5848,NON_VERT,False,11.0,0,0,COURSE_A_CONDITIONS
2026-09-02,2026-09-02_LYON-PARILLY_R3C3,9,-0.3338925427836193,-0.3338925427836193,8.0,0.456715,0.5848,NON_VERT,False,10.0,0,0,COURSE_A_CONDITIONS
2026-09-02,2026-09-02_LYON-PARILLY_R3C3,10,0.671571176487827,0.671571176487827,1.0,0.456715,0.5848,NON_VERT,True,1.0,1,1,COURSE_A_CONDITIONS
2026-09-02,2026-09-02_LYON-PARILLY_R3C3,11,-0.07819627702323535,-0.07819627702323535,6.0,0.456715,0.5848,NON_VERT,False,5.0,0,0,COURSE_A_CONDITIONS
2026-09-02,2026-09-02_LYON-PARILLY_R3C4,1,0.6609132711760781,0.6609132711760781,1.0,0.612882,0.5848,VERT,True,1.0,1,1,HANDICAP
2026-09-02,2026-09-02_LYON-PARILLY_R3C4,2,-0.24776293657340678,-0.24776293657340678,5.0,0.612882,0.5848,VERT,True,4.0,0,0,HANDICAP
2026-09-02,2026-09-02_LYON-PARILLY_R3C4,3,-0.26177052237814413,-0.26177052237814413,6.0,0.612882,0.5848,VERT,False,2.0,0,1,HANDICAP
2026-09-02,2026-09-02_LYON-PARILLY_R3C4,4,0.5013520646524028,0.5013520646524028,3.0,0.612882,0.5848,VERT,True,3.0,0,1,HANDICAP
2026-09-02,2026-09-02_LYON-PARILLY_R3C4,5,0.5474452243353145,0.5474452243353145,2.0,0.612882,0.5848,VERT,True,5.0,0,0,HANDICAP
2026-09-02,2026-09-02_LYON-PARILLY_R3C4,6,-0.007322099489811817,-0.007322099489811817,4.0,0.612882,0.5848,VERT,True,7.0,0,0,HANDICAP
2026-09-02,2026-09-02_LYON-PARILLY_R3C4,7,-0.6750919222385982,-0.6750919222385982,7.0,0.612882,0.5848,VERT,False,6.0,0,0,HANDICAP
2026-09-02,2026-09-02_LYON-PARILLY_R3C4,8,-1.184370146285033,-1.184370146285033,8.0,0.612882,0.5848,VERT,False,8.0,0,0,HANDICAP
2026-09-02,2026-09-02_LYON-PARILLY_R3C5,1,0.4618109266368866,0.4618109266368866,1.0,0.450551,0.5848,NON_VERT,True,6.0,0,0,INCONNU
2026-09-02,2026-09-02_LYON-PARILLY_R3C5,2,0.012642416613363634,0.012642416613363634,6.0,0.450551,0.5848,NON_VERT,False,9.0,0,0,INCONNU
2026-09-02,2026-09-02_LYON-PARILLY_R3C5,3,-0.8096295648625317,-0.8096295648625317,8.0,0.450551,0.5848,NON_VERT,False,7.0,0,0,INCONNU
2026-09-02,2026-09-02_LYON-PARILLY_R3C5,4,0.2496011320420639,0.2496011320420639,3.0,0.450551,0.5848,NON_VERT,True,1.0,1,1,INCONNU
2026-09-02,2026-09-02_LYON-PARILLY_R3C5,5,0.022289020155628635,0.022289020155628635,5.0,0.450551,0.5848,NON_VERT,True,4.0,0,0,INCONNU
2026-09-02,2026-09-02_LYON-PARILLY_R3C5,6,0.2704657280415197,0.2704657280415197,2.0,0.450551,0.5848,NON_VERT,True,2.0,0,1,INCONNU
2026-09-02,2026-09-02_LYON-PARILLY_R3C5,7,-1.0213023110744233,-1.0213023110744233,10.0,0.450551,0.5848,NON_VERT,False,8.0,0,0,INCONNU
2026-09-02,2026-09-02_LYON-PARILLY_R3C5,8,0.11812267832067717,0.11812267832067717,4.0,0.450551,0.5848,NON_VERT,True,3.0,0,1,INCONNU
2026-09-02,2026-09-02_LYON-PARILLY_R3C5,9,-0.9903125543171626,-0.9903125543171626,9.0,0.450551,0.5848,NON_VERT,False,10.0,0,0,INCONNU
2026-09-02,2026-09-02_LYON-PARILLY_R3C5,10,-0.2724183225817919,-0.2724183225817919,7.0,0.450551,0.5848,NON_VERT,False,5.0,0,0,INCONNU
2026-09-02,2026-09-02_LYON-PARILLY_R3C6,1,-0.1690615550429081,-0.1690615550429081,7.0,0.507894,0.5848,NON_VERT,False,2.0,0,1,HANDICAP
2026-09-02,2026-09-02_LYON-PARILLY_R3C6,2,0.6599352971478816,0.6599352971478816,2.0,0.507894,0.5848,NON_VERT,True,7.0,0,0,HANDICAP
2026-09-02,2026-09-02_LYON-PARILLY_R3C6,3,-0.40237829229248734,-0.40237829229248734,8.0,0.507894,0.5848,NON_VERT,False,3.0,0,1,HANDICAP
2026-09-02,2026-09-02_LYON-PARILLY_R3C6,4,-0.011496294589325426,-0.011496294589325426,6.0,0.507894,0.5848,NON_VERT,False,11.0,0,0,HANDICAP
2026-09-02,2026-09-02_LYON-PARILLY_R3C6,5,0.16808337525390057,0.16808337525390057,4.0,0.507894,0.5848,NON_VERT,True,8.0,0,0,HANDICAP
2026-09-02,2026-09-02_LYON-PARILLY_R3C6,6,0.8396901327653513,0.8396901327653513,1.0,0.507894,0.5848,NON_VERT,True,5.0,0,0,HANDICAP
2026-09-02,2026-09-02_LYON-PARILLY_R3C6,7,-0.43376159472742504,-0.43376159472742504,9.0,0.507894,0.5848,NON_VERT,False,6.0,0,0,HANDICAP
2026-09-02,2026-09-02_LYON-PARILLY_R3C6,8,0.044943377150373234,0.044943377150373234,5.0,0.507894,0.5848,NON_VERT,True,4.0,0,0,HANDICAP
2026-09-02,2026-09-02_LYON-PARILLY_R3C6,9,0.43489627968952954,0.43489627968952954,3.0,0.507894,0.5848,NON_VERT,True,1.0,1,1,HANDICAP
2026-09-02,2026-09-02_LYON-PARILLY_R3C6,10,-2.0159625825847556,-2.0159625825847556,10.0,0.507894,0.5848,NON_VERT,False,9.0,0,0,HANDICAP
2026-09-02,2026-09-02_LYON-PARILLY_R3C6,11,-2.2734428264852653,-2.2734428264852653,11.0,0.507894,0.5848,NON_VERT,False,10.0,0,0,HANDICAP
2026-09-02,2026-09-02_LYON-PARILLY_R3C7,1,-1.1045656029532085,-1.1045656029532085,10.0,0.488132,0.5848,NON_VERT,False,4.0,0,0,HANDICAP_CATEGORIE_DIVISE
2026-09-02,2026-09-02_LYON-PARILLY_R3C7,2,0.29111155728217664,0.29111155728217664,1.0,0.488132,0.5848,NON_VERT,True,6.0,0,0,HANDICAP_CATEGORIE_DIVISE
2026-09-02,2026-09-02_LYON-PARILLY_R3C7,3,0.12512336086707854,0.12512336086707854,2.0,0.488132,0.5848,NON_VERT,True,1.0,1,1,HANDICAP_CATEGORIE_DIVISE
2026-09-02,2026-09-02_LYON-PARILLY_R3C7,4,-0.22051252268482385,-0.22051252268482385,4.0,0.488132,0.5848,NON_VERT,True,9.0,0,0,HANDICAP_CATEGORIE_DIVISE
2026-09-02,2026-09-02_LYON-PARILLY_R3C7,5,0.11808235583391992,0.11808235583391992,3.0,0.488132,0.5848,NON_VERT,True,5.0,0,0,HANDICAP_CATEGORIE_DIVISE
2026-09-02,2026-09-02_LYON-PARILLY_R3C7,6,-0.24753983198244844,-0.24753983198244844,5.0,0.488132,0.5848,NON_VERT,True,3.0,0,1,HANDICAP_CATEGORIE_DIVISE
2026-09-02,2026-09-02_LYON-PARILLY_R3C7,7,-1.064529114633103,-1.064529114633103,9.0,0.488132,0.5848,NON_VERT,False,10.0,0,0,HANDICAP_CATEGORIE_DIVISE
2026-09-02,2026-09-02_LYON-PARILLY_R3C7,8,-0.8824739243780373,-0.8824739243780373,8.0,0.488132,0.5848,NON_VERT,False,8.0,0,0,HANDICAP_CATEGORIE_DIVISE
2026-09-02,2026-09-02_LYON-PARILLY_R3C7,9,-0.3943869089470824,-0.3943869089470824,6.0,0.488132,0.5848,NON_VERT,False,2.0,0,1,HANDICAP_CATEGORIE_DIVISE
2026-09-02,2026-09-02_LYON-PARILLY_R3C7,10,-0.8568334397527896,-0.8568334397527896,7.0,0.488132,0.5848,NON_VERT,False,7.0,0,0,HANDICAP_CATEGORIE_DIVISE
2026-09-02,2026-09-02_LYON-PARILLY_R3C8,1,0.7434394889108887,0.7434394889108887,1.0,0.633273,0.5848,VERT,True,2.0,0,1,HANDICAP_CATEGORIE_DIVISE
2026-09-02,2026-09-02_LYON-PARILLY_R3C8,3,-0.030767532912292065,-0.030767532912292065,2.0,0.633273,0.5848,VERT,True,6.0,0,0,HANDICAP_CATEGORIE_DIVISE
2026-09-02,2026-09-02_LYON-PARILLY_R3C8,4,-0.7638996227224979,-0.7638996227224979,7.0,0.633273,0.5848,VERT,False,4.0,0,0,HANDICAP_CATEGORIE_DIVISE
2026-09-02,2026-09-02_LYON-PARILLY_R3C8,5,-0.680751335918289,-0.680751335918289,6.0,0.633273,0.5848,VERT,False,5.0,0,0,HANDICAP_CATEGORIE_DIVISE
2026-09-02,2026-09-02_LYON-PARILLY_R3C8,6,-0.49943489737197605,-0.49943489737197605,3.0,0.633273,0.5848,VERT,True,7.0,0,0,HANDICAP_CATEGORIE_DIVISE
2026-09-02,2026-09-02_LYON-PARILLY_R3C8,8,-0.5232877248612523,-0.5232877248612523,4.0,0.633273,0.5848,VERT,True,1.0,1,1,HANDICAP_CATEGORIE_DIVISE
2026-09-02,2026-09-02_LYON-PARILLY_R3C8,9,-0.568672749268918,-0.568672749268918,5.0,0.633273,0.5848,VERT,True,3.0,0,1,HANDICAP_CATEGORIE_DIVISE
2026-09-02,2026-09-02_SAN-ISIDRO_R7C5,1,-0.021372840175273307,-0.021372840175273307,5.0,0.594137,0.5848,VERT,True,5.0,0,0,COURSE_A_CONDITIONS
2026-09-02,2026-09-02_SAN-ISIDRO_R7C5,2,0.2856428730659323,0.2856428730659323,2.0,0.594137,0.5848,VERT,True,1.0,1,1,COURSE_A_CONDITIONS
2026-09-02,2026-09-02_SAN-ISIDRO_R7C5,3,-0.5465695765130327,-0.5465695765130327,7.0,0.594137,0.5848,VERT,False,6.0,0,0,COURSE_A_CONDITIONS
2026-09-02,2026-09-02_SAN-ISIDRO_R7C5,4,1.0537583495066607,1.0537583495066607,1.0,0.594137,0.5848,VERT,True,3.0,0,1,COURSE_A_CONDITIONS
2026-09-02,2026-09-02_SAN-ISIDRO_R7C5,5,0.19138325013205437,0.19138325013205437,3.0,0.594137,0.5848,VERT,True,4.0,0,0,COURSE_A_CONDITIONS
2026-09-02,2026-09-02_SAN-ISIDRO_R7C5,6,-1.7586392547104666,-1.7586392547104666,8.0,0.594137,0.5848,VERT,False,7.0,0,0,COURSE_A_CONDITIONS
2026-09-02,2026-09-02_SAN-ISIDRO_R7C5,7,0.042149555301719696,0.042149555301719696,4.0,0.594137,0.5848,VERT,True,2.0,0,1,COURSE_A_CONDITIONS
2026-09-02,2026-09-02_SAN-ISIDRO_R7C5,8,-0.08066992664506904,-0.08066992664506904,6.0,0.594137,0.5848,VERT,False,8.0,0,0,COURSE_A_CONDITIONS
2026-09-02,2026-09-02_SAN-ISIDRO_R7C6,1,-0.12484479823082657,-0.12484479823082657,4.0,0.602992,0.5848,VERT,True,5.0,0,0,COURSE_A_CONDITIONS
2026-09-02,2026-09-02_SAN-ISIDRO_R7C6,2,0.4120280103463158,0.4120280103463158,2.0,0.602992,0.5848,VERT,True,3.0,0,0,COURSE_A_CONDITIONS
2026-09-02,2026-09-02_SAN-ISIDRO_R7C6,3,-0.33957619973117886,-0.33957619973117886,7.0,0.602992,0.5848,VERT,False,2.0,0,1,COURSE_A_CONDITIONS
2026-09-02,2026-09-02_SAN-ISIDRO_R7C6,4,0.293017240513682,0.293017240513682,3.0,0.602992,0.5848,VERT,True,6.0,0,0,COURSE_A_CONDITIONS
2026-09-02,2026-09-02_SAN-ISIDRO_R7C6,5,0.6956120802514856,0.6956120802514856,1.0,0.602992,0.5848,VERT,True,1.0,1,1,COURSE_A_CONDITIONS
2026-09-02,2026-09-02_SAN-ISIDRO_R7C6,6,-0.2712926757915931,-0.2712926757915931,6.0,0.602992,0.5848,VERT,False,7.0,0,0,COURSE_A_CONDITIONS
2026-09-02,2026-09-02_SAN-ISIDRO_R7C6,7,-0.1748236452618498,-0.1748236452618498,5.0,0.602992,0.5848,VERT,True,4.0,0,0,COURSE_A_CONDITIONS
2026-09-02,2026-09-02_SAN-ISIDRO_R7C7,1,-1.3705002149890904,-1.3705002149890904,9.0,0.478468,0.5848,NON_VERT,False,7.0,0,0,COURSE_A_CONDITIONS
2026-09-02,2026-09-02_SAN-ISIDRO_R7C7,2,-0.2592191131318473,-0.2592191131318473,6.0,0.478468,0.5848,NON_VERT,False,8.0,0,0,COURSE_A_CONDITIONS
2026-09-02,2026-09-02_SAN-ISIDRO_R7C7,3,-0.21215177844890348,-0.21215177844890348,5.0,0.478468,0.5848,NON_VERT,True,2.0,0,1,COURSE_A_CONDITIONS
2026-09-02,2026-09-02_SAN-ISIDRO_R7C7,4,-0.5518068980644217,-0.5518068980644217,8.0,0.478468,0.5848,NON_VERT,False,9.0,0,0,COURSE_A_CONDITIONS
2026-09-02,2026-09-02_SAN-ISIDRO_R7C7,5,0.3194401505397662,0.3194401505397662,1.0,0.478468,0.5848,NON_VERT,True,6.0,0,0,COURSE_A_CONDITIONS
2026-09-02,2026-09-02_SAN-ISIDRO_R7C7,6,0.1122344693131638,0.1122344693131638,3.0,0.478468,0.5848,NON_VERT,True,3.0,0,1,COURSE_A_CONDITIONS
2026-09-02,2026-09-02_SAN-ISIDRO_R7C7,7,0.20029442662393152,0.20029442662393152,2.0,0.478468,0.5848,NON_VERT,True,1.0,1,1,COURSE_A_CONDITIONS
2026-09-02,2026-09-02_SAN-ISIDRO_R7C7,9,-0.3255377736847893,-0.3255377736847893,7.0,0.478468,0.5848,NON_VERT,False,5.0,0,0,COURSE_A_CONDITIONS
2026-09-02,2026-09-02_SAN-ISIDRO_R7C7,10,-0.08456628694052341,-0.08456628694052341,4.0,0.478468,0.5848,NON_VERT,True,4.0,0,0,COURSE_A_CONDITIONS
2026-09-02,2026-09-02_SAN-ISIDRO_R7C8,1,-0.3065768446710837,-0.3065768446710837,6.0,0.621261,0.5848,VERT,False,3.0,0,1,COURSE_A_CONDITIONS
2026-09-02,2026-09-02_SAN-ISIDRO_R7C8,2,-0.10623413563449657,-0.10623413563449657,4.0,0.621261,0.5848,VERT,True,7.0,0,0,COURSE_A_CONDITIONS
2026-09-02,2026-09-02_SAN-ISIDRO_R7C8,3,0.21582747900703106,0.21582747900703106,3.0,0.621261,0.5848,VERT,True,4.0,0,0,COURSE_A_CONDITIONS
2026-09-02,2026-09-02_SAN-ISIDRO_R7C8,4,-0.6636095914684605,-0.6636095914684605,8.0,0.621261,0.5848,VERT,False,8.0,0,0,COURSE_A_CONDITIONS
2026-09-02,2026-09-02_SAN-ISIDRO_R7C8,5,1.3866338007816659,1.3866338007816659,1.0,0.621261,0.5848,VERT,True,1.0,1,1,COURSE_A_CONDITIONS
2026-09-02,2026-09-02_SAN-ISIDRO_R7C8,7,-0.22816136889032926,-0.22816136889032926,5.0,0.621261,0.5848,VERT,True,6.0,0,0,COURSE_A_CONDITIONS
2026-09-02,2026-09-02_SAN-ISIDRO_R7C8,8,-0.7071464891534167,-0.7071464891534167,9.0,0.621261,0.5848,VERT,False,9.0,0,0,COURSE_A_CONDITIONS
2026-09-02,2026-09-02_SAN-ISIDRO_R7C8,9,0.4567136327282825,0.4567136327282825,2.0,0.621261,0.5848,VERT,True,5.0,0,0,COURSE_A_CONDITIONS
2026-09-02,2026-09-02_SAN-ISIDRO_R7C8,10,-0.3296864855129576,-0.3296864855129576,7.0,0.621261,0.5848,VERT,False,2.0,0,1,COURSE_A_CONDITIONS
2026-09-02,2026-09-02_SAN-ISIDRO_R7C9,1,1.241995220366361,1.241995220366361,1.0,0.624716,0.5848,VERT,True,1.0,1,1,COURSE_A_CONDITIONS
2026-09-02,2026-09-02_SAN-ISIDRO_R7C9,2,-1.028138905065277,-1.028138905065277,8.0,0.624716,0.5848,VERT,False,7.0,0,0,COURSE_A_CONDITIONS
2026-09-02,2026-09-02_SAN-ISIDRO_R7C9,3,-0.27521679388407255,-0.27521679388407255,6.0,0.624716,0.5848,VERT,False,3.0,0,1,COURSE_A_CONDITIONS
2026-09-02,2026-09-02_SAN-ISIDRO_R7C9,4,0.2494127394898769,0.2494127394898769,4.0,0.624716,0.5848,VERT,True,4.0,0,0,COURSE_A_CONDITIONS
2026-09-02,2026-09-02_SAN-ISIDRO_R7C9,5,0.12312202943015572,0.12312202943015572,5.0,0.624716,0.5848,VERT,True,2.0,0,1,COURSE_A_CONDITIONS
2026-09-02,2026-09-02_SAN-ISIDRO_R7C9,6,0.6030241319868981,0.6030241319868981,2.0,0.624716,0.5848,VERT,True,5.0,0,0,COURSE_A_CONDITIONS
2026-09-02,2026-09-02_SAN-ISIDRO_R7C9,7,-0.7918203285833403,-0.7918203285833403,7.0,0.624716,0.5848,VERT,False,8.0,0,0,COURSE_A_CONDITIONS
2026-09-02,2026-09-02_SAN-ISIDRO_R7C9,8,0.2945053202900661,0.2945053202900661,3.0,0.624716,0.5848,VERT,True,6.0,0,0,COURSE_A_CONDITIONS
2026-09-02,2026-09-02_SAN-SEBASTIAN_R2C1,1,-0.2317021856482478,-0.2317021856482478,4.0,0.757491,0.5848,VERT,True,6.0,0,0,COURSE_A_CONDITIONS
2026-09-02,2026-09-02_SAN-SEBASTIAN_R2C1,2,-0.8734339657914455,-0.8734339657914455,5.0,0.757491,0.5848,VERT,True,3.0,0,0,COURSE_A_CONDITIONS
2026-09-02,2026-09-02_SAN-SEBASTIAN_R2C1,3,-1.8085617034220856,-1.8085617034220856,6.0,0.757491,0.5848,VERT,False,5.0,0,0,COURSE_A_CONDITIONS
2026-09-02,2026-09-02_SAN-SEBASTIAN_R2C1,4,0.24073722903861866,0.24073722903861866,3.0,0.757491,0.5848,VERT,True,2.0,0,1,COURSE_A_CONDITIONS
2026-09-02,2026-09-02_SAN-SEBASTIAN_R2C1,5,0.3758189470804474,0.3758189470804474,2.0,0.757491,0.5848,VERT,True,1.0,1,1,COURSE_A_CONDITIONS
2026-09-02,2026-09-02_SAN-SEBASTIAN_R2C1,6,0.4480424035947287,0.4480424035947287,1.0,0.757491,0.5848,VERT,True,4.0,0,0,COURSE_A_CONDITIONS
2026-09-02,2026-09-02_SAN-SEBASTIAN_R2C2,1,0.5197681644023329,0.5197681644023329,2.0,0.748108,0.5848,VERT,True,1.0,1,1,COURSE_A_CONDITIONS
2026-09-02,2026-09-02_SAN-SEBASTIAN_R2C2,2,0.22999719669287214,0.22999719669287214,3.0,0.748108,0.5848,VERT,True,3.0,0,0,COURSE_A_CONDITIONS
2026-09-02,2026-09-02_SAN-SEBASTIAN_R2C2,3,-0.5131305828262848,-0.5131305828262848,5.0,0.748108,0.5848,VERT,True,4.0,0,0,COURSE_A_CONDITIONS
2026-09-02,2026-09-02_SAN-SEBASTIAN_R2C2,4,0.738243039628111,0.738243039628111,1.0,0.748108,0.5848,VERT,True,2.0,0,1,COURSE_A_CONDITIONS
2026-09-02,2026-09-02_SAN-SEBASTIAN_R2C2,6,-0.5000194981683046,-0.5000194981683046,4.0,0.748108,0.5848,VERT,True,6.0,0,0,COURSE_A_CONDITIONS
2026-09-02,2026-09-02_SAN-SEBASTIAN_R2C2,7,-0.714728224237167,-0.714728224237167,6.0,0.748108,0.5848,VERT,False,5.0,0,0,COURSE_A_CONDITIONS
2026-09-02,2026-09-02_SAN-SEBASTIAN_R2C3,1,0.8148794906102674,0.8148794906102674,1.0,0.670034,0.5848,VERT,True,1.0,1,1,HANDICAP
2026-09-02,2026-09-02_SAN-SEBASTIAN_R2C3,2,-0.6240699351566921,-0.6240699351566921,6.0,0.670034,0.5848,VERT,False,5.0,0,0,HANDICAP
2026-09-02,2026-09-02_SAN-SEBASTIAN_R2C3,4,0.2718521440253996,0.2718521440253996,2.0,0.670034,0.5848,VERT,True,3.0,0,0,HANDICAP
2026-09-02,2026-09-02_SAN-SEBASTIAN_R2C3,5,0.08608295803826134,0.08608295803826134,3.0,0.670034,0.5848,VERT,True,6.0,0,0,HANDICAP
2026-09-02,2026-09-02_SAN-SEBASTIAN_R2C3,6,-0.37036658833295655,-0.37036658833295655,5.0,0.670034,0.5848,VERT,True,4.0,0,0,HANDICAP
2026-09-02,2026-09-02_SAN-SEBASTIAN_R2C3,7,0.06692870126632355,0.06692870126632355,4.0,0.670034,0.5848,VERT,True,2.0,0,1,HANDICAP
2026-09-02,2026-09-02_SAN-SEBASTIAN_R2C4,1,0.16839690684737918,0.16839690684737918,1.0,0.667766,0.5848,VERT,True,1.0,1,1,COURSE_A_CONDITIONS
2026-09-02,2026-09-02_SAN-SEBASTIAN_R2C4,3,-0.4067384458689224,-0.4067384458689224,4.0,0.667766,0.5848,VERT,True,5.0,0,0,COURSE_A_CONDITIONS
2026-09-02,2026-09-02_SAN-SEBASTIAN_R2C4,4,-1.6258205291978527,-1.6258205291978527,7.0,0.667766,0.5848,VERT,False,7.0,0,0,COURSE_A_CONDITIONS
2026-09-02,2026-09-02_SAN-SEBASTIAN_R2C4,5,-0.053851646145866836,-0.053851646145866836,3.0,0.667766,0.5848,VERT,True,3.0,0,1,COURSE_A_CONDITIONS
2026-09-02,2026-09-02_SAN-SEBASTIAN_R2C4,7,0.038335116983916735,0.038335116983916735,2.0,0.667766,0.5848,VERT,True,2.0,0,1,COURSE_A_CONDITIONS
2026-09-02,2026-09-02_SAN-SEBASTIAN_R2C4,9,-0.9521703670538691,-0.9521703670538691,5.0,0.667766,0.5848,VERT,True,4.0,0,0,COURSE_A_CONDITIONS
2026-09-02,2026-09-02_SAN-SEBASTIAN_R2C4,10,-1.1125219902668229,-1.1125219902668229,6.0,0.667766,0.5848,VERT,False,6.0,0,0,COURSE_A_CONDITIONS
2026-09-02,2026-09-02_SAN-SEBASTIAN_R2C5,1,-0.22041309652318172,-0.22041309652318172,4.0,0.526076,0.5848,NON_VERT,True,2.0,0,1,HANDICAP
2026-09-02,2026-09-02_SAN-SEBASTIAN_R2C5,2,-0.10755000798055166,-0.10755000798055166,2.0,0.526076,0.5848,NON_VERT,True,3.0,0,1,HANDICAP
2026-09-02,2026-09-02_SAN-SEBASTIAN_R2C5,3,-0.14961292996043862,-0.14961292996043862,3.0,0.526076,0.5848,NON_VERT,True,6.0,0,0,HANDICAP
2026-09-02,2026-09-02_SAN-SEBASTIAN_R2C5,4,-0.3545990104557554,-0.3545990104557554,5.0,0.526076,0.5848,NON_VERT,True,8.0,0,0,HANDICAP
2026-09-02,2026-09-02_SAN-SEBASTIAN_R2C5,5,0.07231829384381393,0.07231829384381393,1.0,0.526076,0.5848,NON_VERT,True,1.0,1,1,HANDICAP
2026-09-02,2026-09-02_SAN-SEBASTIAN_R2C5,6,-1.0099450403414243,-1.0099450403414243,7.0,0.526076,0.5848,NON_VERT,False,4.0,0,0,HANDICAP
2026-09-02,2026-09-02_SAN-SEBASTIAN_R2C5,7,-1.1697059403691117,-1.1697059403691117,8.0,0.526076,0.5848,NON_VERT,False,7.0,0,0,HANDICAP
2026-09-02,2026-09-02_SAN-SEBASTIAN_R2C5,8,-0.9814288239117579,-0.9814288239117579,6.0,0.526076,0.5848,NON_VERT,False,5.0,0,0,HANDICAP
2026-09-02,2026-09-02_VALPARAISO_R8C6,1,-0.6308871615042249,-0.6308871615042249,7.0,0.508509,0.5848,NON_VERT,False,9.0,0,0,HANDICAP
2026-09-02,2026-09-02_VALPARAISO_R8C6,2,0.26183425787228465,0.26183425787228465,3.0,0.508509,0.5848,NON_VERT,True,5.0,0,0,HANDICAP
2026-09-02,2026-09-02_VALPARAISO_R8C6,3,0.4771221839049058,0.4771221839049058,1.0,0.508509,0.5848,NON_VERT,True,6.0,0,0,HANDICAP
2026-09-02,2026-09-02_VALPARAISO_R8C6,4,-0.010117868628636143,-0.010117868628636143,5.0,0.508509,0.5848,NON_VERT,True,2.0,0,1,HANDICAP
2026-09-02,2026-09-02_VALPARAISO_R8C6,5,0.3328680938825411,0.3328680938825411,2.0,0.508509,0.5848,NON_VERT,True,1.0,1,1,HANDICAP
2026-09-02,2026-09-02_VALPARAISO_R8C6,6,0.050668857103377124,0.050668857103377124,4.0,0.508509,0.5848,NON_VERT,True,8.0,0,0,HANDICAP
2026-09-02,2026-09-02_VALPARAISO_R8C6,7,-1.0283178228267016,-1.0283178228267016,8.0,0.508509,0.5848,NON_VERT,False,4.0,0,0,HANDICAP
2026-09-02,2026-09-02_VALPARAISO_R8C6,8,-0.1299617578283067,-0.1299617578283067,6.0,0.508509,0.5848,NON_VERT,False,3.0,0,1,HANDICAP
2026-09-02,2026-09-02_VALPARAISO_R8C6,9,-1.0445480762770167,-1.0445480762770167,9.0,0.508509,0.5848,NON_VERT,False,7.0,0,0,HANDICAP
2026-09-02,2026-09-02_VALPARAISO_R8C7,1,-0.5936114648818708,-0.5936114648818708,9.0,0.414277,0.5848,NON_VERT,False,11.0,0,0,HANDICAP
2026-09-02,2026-09-02_VALPARAISO_R8C7,2,-0.9604189290570541,-0.9604189290570541,11.0,0.414277,0.5848,NON_VERT,False,8.0,0,0,HANDICAP
2026-09-02,2026-09-02_VALPARAISO_R8C7,3,0.3612990603892867,0.3612990603892867,2.0,0.414277,0.5848,NON_VERT,True,6.0,0,0,HANDICAP
2026-09-02,2026-09-02_VALPARAISO_R8C7,4,0.4014848879388273,0.4014848879388273,1.0,0.414277,0.5848,NON_VERT,True,1.0,1,1,HANDICAP
2026-09-02,2026-09-02_VALPARAISO_R8C7,5,-0.08322808915716409,-0.08322808915716409,5.0,0.414277,0.5848,NON_VERT,True,9.0,0,0,HANDICAP
2026-09-02,2026-09-02_VALPARAISO_R8C7,6,-0.1606273401576088,-0.1606273401576088,6.0,0.414277,0.5848,NON_VERT,False,4.0,0,0,HANDICAP
2026-09-02,2026-09-02_VALPARAISO_R8C7,7,-0.5990177473524496,-0.5990177473524496,10.0,0.414277,0.5848,NON_VERT,False,5.0,0,0,HANDICAP
2026-09-02,2026-09-02_VALPARAISO_R8C7,8,-0.03898847503819165,-0.03898847503819165,4.0,0.414277,0.5848,NON_VERT,True,7.0,0,0,HANDICAP
2026-09-02,2026-09-02_VALPARAISO_R8C7,9,-0.36711640603442036,-0.36711640603442036,7.0,0.414277,0.5848,NON_VERT,False,3.0,0,1,HANDICAP
2026-09-02,2026-09-02_VALPARAISO_R8C7,10,-0.00816431627205147,-0.00816431627205147,3.0,0.414277,0.5848,NON_VERT,True,2.0,0,1,HANDICAP
2026-09-02,2026-09-02_VALPARAISO_R8C7,11,-0.4569930911339052,-0.4569930911339052,8.0,0.414277,0.5848,NON_VERT,False,10.0,0,0,HANDICAP
2026-09-02,2026-09-02_VALPARAISO_R8C8,1,-0.24321864455894215,-0.24321864455894215,5.0,0.429655,0.5848,NON_VERT,True,7.0,0,0,HANDICAP
2026-09-02,2026-09-02_VALPARAISO_R8C8,3,0.0024841373918676854,0.0024841373918676854,2.0,0.429655,0.5848,NON_VERT,True,2.0,0,1,HANDICAP
2026-09-02,2026-09-02_VALPARAISO_R8C8,4,-0.13719673354999443,-0.13719673354999443,4.0,0.429655,0.5848,NON_VERT,True,1.0,1,1,HANDICAP
2026-09-02,2026-09-02_VALPARAISO_R8C8,5,-0.4949635912484965,-0.4949635912484965,8.0,0.429655,0.5848,NON_VERT,False,4.0,0,0,HANDICAP
2026-09-02,2026-09-02_VALPARAISO_R8C8,6,-0.48952159601561396,-0.48952159601561396,7.0,0.429655,0.5848,NON_VERT,False,3.0,0,1,HANDICAP
2026-09-02,2026-09-02_VALPARAISO_R8C8,7,-0.9008682758946488,-0.9008682758946488,9.0,0.429655,0.5848,NON_VERT,False,8.0,0,0,HANDICAP
2026-09-02,2026-09-02_VALPARAISO_R8C8,8,-0.2817697326946247,-0.2817697326946247,6.0,0.429655,0.5848,NON_VERT,False,6.0,0,0,HANDICAP
2026-09-02,2026-09-02_VALPARAISO_R8C8,9,-0.12090734076960799,-0.12090734076960799,3.0,0.429655,0.5848,NON_VERT,True,9.0,0,0,HANDICAP
2026-09-02,2026-09-02_VALPARAISO_R8C8,10,0.1433540108036118,0.1433540108036118,1.0,0.429655,0.5848,NON_VERT,True,5.0,0,0,HANDICAP
2026-09-02,2026-09-02_VALPARAISO_R8C9,1,0.6491173554496562,0.6491173554496562,4.0,0.580307,0.5848,NON_VERT,True,5.0,0,0,COURSE_A_CONDITIONS
2026-09-02,2026-09-02_VALPARAISO_R8C9,2,0.6615071331595636,0.6615071331595636,3.0,0.580307,0.5848,NON_VERT,True,3.0,0,1,COURSE_A_CONDITIONS
2026-09-02,2026-09-02_VALPARAISO_R8C9,3,-0.3477284437983912,-0.3477284437983912,6.0,0.580307,0.5848,NON_VERT,False,6.0,0,0,COURSE_A_CONDITIONS
2026-09-02,2026-09-02_VALPARAISO_R8C9,4,0.1513656411563458,0.1513656411563458,5.0,0.580307,0.5848,NON_VERT,True,7.0,0,0,COURSE_A_CONDITIONS
2026-09-02,2026-09-02_VALPARAISO_R8C9,5,-0.614861478336622,-0.614861478336622,8.0,0.580307,0.5848,NON_VERT,False,4.0,0,0,COURSE_A_CONDITIONS
2026-09-02,2026-09-02_VALPARAISO_R8C9,6,1.0059681429554288,1.0059681429554288,1.0,0.580307,0.5848,NON_VERT,True,2.0,0,1,COURSE_A_CONDITIONS
2026-09-02,2026-09-02_VALPARAISO_R8C9,7,-0.549091911348423,-0.549091911348423,7.0,0.580307,0.5848,NON_VERT,False,8.0,0,0,COURSE_A_CONDITIONS
2026-09-02,2026-09-02_VALPARAISO_R8C9,8,0.7444907356826321,0.7444907356826321,2.0,0.580307,0.5848,NON_VERT,True,1.0,1,1,COURSE_A_CONDITIONS

2026-09-03,2026-09-03_ParisLongchamp_R1C1,1,0.20762291775923916,0.20762291775923916,4.0,0.324233,0.5848,NON_VERT,True,2.0,0,1,HANDICAP_DIVISE
2026-09-03,2026-09-03_ParisLongchamp_R1C1,2,0.1311650800499664,0.1311650800499664,6.0,0.324233,0.5848,NON_VERT,False,12.0,0,0,HANDICAP_DIVISE
2026-09-03,2026-09-03_ParisLongchamp_R1C1,3,0.7362995819464089,0.7362995819464089,1.0,0.324233,0.5848,NON_VERT,True,4.0,0,0,HANDICAP_DIVISE
2026-09-03,2026-09-03_ParisLongchamp_R1C1,4,-1.10510851527331,-1.10510851527331,16.0,0.324233,0.5848,NON_VERT,False,11.0,0,0,HANDICAP_DIVISE
2026-09-03,2026-09-03_ParisLongchamp_R1C1,5,-0.06947175489906021,-0.06947175489906021,9.0,0.324233,0.5848,NON_VERT,False,9.0,0,0,HANDICAP_DIVISE
2026-09-03,2026-09-03_ParisLongchamp_R1C1,6,-0.38264728495434025,-0.38264728495434025,14.0,0.324233,0.5848,NON_VERT,False,15.0,0,0,HANDICAP_DIVISE
2026-09-03,2026-09-03_ParisLongchamp_R1C1,7,-0.12437062438520714,-0.12437062438520714,10.0,0.324233,0.5848,NON_VERT,False,8.0,0,0,HANDICAP_DIVISE
2026-09-03,2026-09-03_ParisLongchamp_R1C1,8,-0.26687264536207417,-0.26687264536207417,13.0,0.324233,0.5848,NON_VERT,False,13.0,0,0,HANDICAP_DIVISE
2026-09-03,2026-09-03_ParisLongchamp_R1C1,9,-0.22032872110910584,-0.22032872110910584,12.0,0.324233,0.5848,NON_VERT,False,7.0,0,0,HANDICAP_DIVISE
2026-09-03,2026-09-03_ParisLongchamp_R1C1,10,0.13506927134838462,0.13506927134838462,5.0,0.324233,0.5848,NON_VERT,True,3.0,0,1,HANDICAP_DIVISE
2026-09-03,2026-09-03_ParisLongchamp_R1C1,11,0.12984954698039836,0.12984954698039836,7.0,0.324233,0.5848,NON_VERT,False,10.0,0,0,HANDICAP_DIVISE
2026-09-03,2026-09-03_ParisLongchamp_R1C1,12,-1.0398545629620881,-1.0398545629620881,15.0,0.324233,0.5848,NON_VERT,False,6.0,0,0,HANDICAP_DIVISE
2026-09-03,2026-09-03_ParisLongchamp_R1C1,13,0.6111775072246209,0.6111775072246209,2.0,0.324233,0.5848,NON_VERT,True,5.0,0,0,HANDICAP_DIVISE
2026-09-03,2026-09-03_ParisLongchamp_R1C1,14,0.12052730084497593,0.12052730084497593,8.0,0.324233,0.5848,NON_VERT,False,1.0,1,1,HANDICAP_DIVISE
2026-09-03,2026-09-03_ParisLongchamp_R1C1,15,-0.1834286077463606,-0.1834286077463606,11.0,0.324233,0.5848,NON_VERT,False,14.0,0,0,HANDICAP_DIVISE
2026-09-03,2026-09-03_ParisLongchamp_R1C1,16,0.42022584889427816,0.42022584889427816,3.0,0.324233,0.5848,NON_VERT,True,16.0,0,0,HANDICAP_DIVISE
2026-09-03,2026-09-03_ParisLongchamp_R1C2,1,-0.08332461536429639,-0.08332461536429639,5.0,0.590514,0.5848,VERT,True,6.0,0,0,COURSE_A_CONDITIONS
2026-09-03,2026-09-03_ParisLongchamp_R1C2,2,-0.07131043367861975,-0.07131043367861975,4.0,0.590514,0.5848,VERT,True,7.0,0,0,COURSE_A_CONDITIONS
2026-09-03,2026-09-03_ParisLongchamp_R1C2,3,0.639216914926488,0.639216914926488,2.0,0.590514,0.5848,VERT,True,4.0,0,0,COURSE_A_CONDITIONS
2026-09-03,2026-09-03_ParisLongchamp_R1C2,4,-1.1157850757265888,-1.1157850757265888,8.0,0.590514,0.5848,VERT,False,8.0,0,0,COURSE_A_CONDITIONS
2026-09-03,2026-09-03_ParisLongchamp_R1C2,5,-1.607561712752167,-1.607561712752167,9.0,0.590514,0.5848,VERT,False,9.0,0,0,COURSE_A_CONDITIONS
2026-09-03,2026-09-03_ParisLongchamp_R1C2,6,-0.3377032049679387,-0.3377032049679387,6.0,0.590514,0.5848,VERT,False,2.0,0,1,COURSE_A_CONDITIONS
2026-09-03,2026-09-03_ParisLongchamp_R1C2,7,-1.0744155616665956,-1.0744155616665956,7.0,0.590514,0.5848,VERT,False,5.0,0,0,COURSE_A_CONDITIONS
2026-09-03,2026-09-03_ParisLongchamp_R1C2,8,0.7238336696951703,0.7238336696951703,1.0,0.590514,0.5848,VERT,True,1.0,1,1,COURSE_A_CONDITIONS
2026-09-03,2026-09-03_ParisLongchamp_R1C2,9,-0.004978832140505917,-0.004978832140505917,3.0,0.590514,0.5848,VERT,True,3.0,0,1,COURSE_A_CONDITIONS
2026-09-03,2026-09-03_ParisLongchamp_R1C3,1,-0.30289351296986666,-0.30289351296986666,4.0,0.621654,0.5848,VERT,True,5.0,0,0,COURSE_A_CONDITIONS
2026-09-03,2026-09-03_ParisLongchamp_R1C3,2,0.704614588809158,0.704614588809158,1.0,0.621654,0.5848,VERT,True,4.0,0,0,COURSE_A_CONDITIONS
2026-09-03,2026-09-03_ParisLongchamp_R1C3,3,-0.24821748002027166,-0.24821748002027166,3.0,0.621654,0.5848,VERT,True,2.0,0,1,COURSE_A_CONDITIONS
2026-09-03,2026-09-03_ParisLongchamp_R1C3,4,0.6055690757002505,0.6055690757002505,2.0,0.621654,0.5848,VERT,True,1.0,1,1,COURSE_A_CONDITIONS
2026-09-03,2026-09-03_ParisLongchamp_R1C3,5,-0.6152347165524881,-0.6152347165524881,6.0,0.621654,0.5848,VERT,False,3.0,0,1,COURSE_A_CONDITIONS
2026-09-03,2026-09-03_ParisLongchamp_R1C3,6,-0.4207192014191762,-0.4207192014191762,5.0,0.621654,0.5848,VERT,True,6.0,0,0,COURSE_A_CONDITIONS
2026-09-03,2026-09-03_ParisLongchamp_R1C3,7,-1.4919647331108852,-1.4919647331108852,9.0,0.621654,0.5848,VERT,False,9.0,0,0,COURSE_A_CONDITIONS
2026-09-03,2026-09-03_ParisLongchamp_R1C3,8,-0.9818337616864345,-0.9818337616864345,7.0,0.621654,0.5848,VERT,False,8.0,0,0,COURSE_A_CONDITIONS
2026-09-03,2026-09-03_ParisLongchamp_R1C3,10,-1.2519871931466666,-1.2519871931466666,8.0,0.621654,0.5848,VERT,False,7.0,0,0,COURSE_A_CONDITIONS
2026-09-03,2026-09-03_ParisLongchamp_R1C4,1,-0.0070871715506330285,-0.0070871715506330285,5.0,0.690531,0.5848,VERT,True,5.0,0,0,GROUPE_III
2026-09-03,2026-09-03_ParisLongchamp_R1C4,2,0.6291490669915337,0.6291490669915337,1.0,0.690531,0.5848,VERT,True,1.0,1,1,GROUPE_III
2026-09-03,2026-09-03_ParisLongchamp_R1C4,3,0.26354267695501465,0.26354267695501465,3.0,0.690531,0.5848,VERT,True,2.0,0,1,GROUPE_III
2026-09-03,2026-09-03_ParisLongchamp_R1C4,4,0.12396923931403281,0.12396923931403281,4.0,0.690531,0.5848,VERT,True,4.0,0,0,GROUPE_III
2026-09-03,2026-09-03_ParisLongchamp_R1C4,5,0.4471724304039046,0.4471724304039046,2.0,0.690531,0.5848,VERT,True,3.0,0,0,GROUPE_III
2026-09-03,2026-09-03_ParisLongchamp_R1C5,1,0.10980073749481248,0.10980073749481248,9.0,0.36733,0.5848,NON_VERT,False,9.0,0,0,COURSE_A_CONDITIONS
2026-09-03,2026-09-03_ParisLongchamp_R1C5,3,-0.382229917934893,-0.382229917934893,12.0,0.36733,0.5848,NON_VERT,False,7.0,0,0,COURSE_A_CONDITIONS
2026-09-03,2026-09-03_ParisLongchamp_R1C5,4,0.7832058464033782,0.7832058464033782,2.0,0.36733,0.5848,NON_VERT,True,4.0,0,0,COURSE_A_CONDITIONS
2026-09-03,2026-09-03_ParisLongchamp_R1C5,5,0.4873065822949551,0.4873065822949551,4.0,0.36733,0.5848,NON_VERT,True,11.0,0,0,COURSE_A_CONDITIONS
2026-09-03,2026-09-03_ParisLongchamp_R1C5,6,0.30851735571215605,0.30851735571215605,5.0,0.36733,0.5848,NON_VERT,True,8.0,0,0,COURSE_A_CONDITIONS
2026-09-03,2026-09-03_ParisLongchamp_R1C5,7,0.5954035340471853,0.5954035340471853,3.0,0.36733,0.5848,NON_VERT,True,6.0,0,0,COURSE_A_CONDITIONS
2026-09-03,2026-09-03_ParisLongchamp_R1C5,8,0.20925724306218657,0.20925724306218657,7.0,0.36733,0.5848,NON_VERT,False,5.0,0,0,COURSE_A_CONDITIONS
2026-09-03,2026-09-03_ParisLongchamp_R1C5,9,-0.5164069391989783,-0.5164069391989783,13.0,0.36733,0.5848,NON_VERT,False,1.0,1,1,COURSE_A_CONDITIONS
2026-09-03,2026-09-03_ParisLongchamp_R1C5,10,0.8878420268095701,0.8878420268095701,1.0,0.36733,0.5848,NON_VERT,True,10.0,0,0,COURSE_A_CONDITIONS
2026-09-03,2026-09-03_ParisLongchamp_R1C5,11,0.18624025944708536,0.18624025944708536,8.0,0.36733,0.5848,NON_VERT,False,2.0,0,1,COURSE_A_CONDITIONS
2026-09-03,2026-09-03_ParisLongchamp_R1C5,12,-0.07015945772211371,-0.07015945772211371,11.0,0.36733,0.5848,NON_VERT,False,13.0,0,0,COURSE_A_CONDITIONS
2026-09-03,2026-09-03_ParisLongchamp_R1C5,13,0.05463755988814263,0.05463755988814263,10.0,0.36733,0.5848,NON_VERT,False,3.0,0,1,COURSE_A_CONDITIONS
2026-09-03,2026-09-03_ParisLongchamp_R1C5,14,0.2375081848993322,0.2375081848993322,6.0,0.36733,0.5848,NON_VERT,False,12.0,0,0,COURSE_A_CONDITIONS
2026-09-03,2026-09-03_ParisLongchamp_R1C6,1,0.24796743301853824,0.24796743301853824,5.0,0.469784,0.5848,NON_VERT,True,2.0,0,1,COURSE_A_CONDITIONS
2026-09-03,2026-09-03_ParisLongchamp_R1C6,2,-0.38426423408451593,-0.38426423408451593,11.0,0.469784,0.5848,NON_VERT,False,8.0,0,0,COURSE_A_CONDITIONS
2026-09-03,2026-09-03_ParisLongchamp_R1C6,3,-0.0251246755582548,-0.0251246755582548,8.0,0.469784,0.5848,NON_VERT,False,3.0,0,1,COURSE_A_CONDITIONS
2026-09-03,2026-09-03_ParisLongchamp_R1C6,4,-0.25164642849096536,-0.25164642849096536,10.0,0.469784,0.5848,NON_VERT,False,1.0,1,1,COURSE_A_CONDITIONS
2026-09-03,2026-09-03_ParisLongchamp_R1C6,5,-0.0643953837036329,-0.0643953837036329,9.0,0.469784,0.5848,NON_VERT,False,11.0,0,0,COURSE_A_CONDITIONS
2026-09-03,2026-09-03_ParisLongchamp_R1C6,6,1.0818967102225332,1.0818967102225332,1.0,0.469784,0.5848,NON_VERT,True,5.0,0,0,COURSE_A_CONDITIONS
2026-09-03,2026-09-03_ParisLongchamp_R1C6,7,-0.013538549204903686,-0.013538549204903686,7.0,0.469784,0.5848,NON_VERT,False,4.0,0,0,COURSE_A_CONDITIONS
2026-09-03,2026-09-03_ParisLongchamp_R1C6,8,0.36563951692894886,0.36563951692894886,4.0,0.469784,0.5848,NON_VERT,True,9.0,0,0,COURSE_A_CONDITIONS
2026-09-03,2026-09-03_ParisLongchamp_R1C6,9,0.8518410620021081,0.8518410620021081,2.0,0.469784,0.5848,NON_VERT,True,7.0,0,0,COURSE_A_CONDITIONS
2026-09-03,2026-09-03_ParisLongchamp_R1C6,10,0.21165832317703595,0.21165832317703595,6.0,0.469784,0.5848,NON_VERT,False,6.0,0,0,COURSE_A_CONDITIONS
2026-09-03,2026-09-03_ParisLongchamp_R1C6,11,0.7296376940751169,0.7296376940751169,3.0,0.469784,0.5848,NON_VERT,True,10.0,0,0,COURSE_A_CONDITIONS
2026-09-03,2026-09-03_ParisLongchamp_R1C7,1,0.07213898012829198,0.07213898012829198,11.0,0.350658,0.5848,NON_VERT,False,10.0,0,0,COURSE_A_CONDITIONS
2026-09-03,2026-09-03_ParisLongchamp_R1C7,2,-0.8364518008796135,-0.8364518008796135,13.0,0.350658,0.5848,NON_VERT,False,12.0,0,0,COURSE_A_CONDITIONS
2026-09-03,2026-09-03_ParisLongchamp_R1C7,3,0.4832590258465287,0.4832590258465287,5.0,0.350658,0.5848,NON_VERT,True,13.0,0,0,COURSE_A_CONDITIONS
2026-09-03,2026-09-03_ParisLongchamp_R1C7,4,0.2686341303024939,0.2686341303024939,9.0,0.350658,0.5848,NON_VERT,False,11.0,0,0,COURSE_A_CONDITIONS
2026-09-03,2026-09-03_ParisLongchamp_R1C7,5,0.6491140064095902,0.6491140064095902,3.0,0.350658,0.5848,NON_VERT,True,7.0,0,0,COURSE_A_CONDITIONS
2026-09-03,2026-09-03_ParisLongchamp_R1C7,6,0.9122716959696914,0.9122716959696914,1.0,0.350658,0.5848,NON_VERT,True,6.0,0,0,COURSE_A_CONDITIONS
2026-09-03,2026-09-03_ParisLongchamp_R1C7,7,0.4026095724508573,0.4026095724508573,6.0,0.350658,0.5848,NON_VERT,False,1.0,1,1,COURSE_A_CONDITIONS
2026-09-03,2026-09-03_ParisLongchamp_R1C7,8,0.25394112268845737,0.25394112268845737,10.0,0.350658,0.5848,NON_VERT,False,5.0,0,0,COURSE_A_CONDITIONS
2026-09-03,2026-09-03_ParisLongchamp_R1C7,9,0.2880191919577739,0.2880191919577739,8.0,0.350658,0.5848,NON_VERT,False,9.0,0,0,COURSE_A_CONDITIONS
2026-09-03,2026-09-03_ParisLongchamp_R1C7,10,0.8032130783114343,0.8032130783114343,2.0,0.350658,0.5848,NON_VERT,True,4.0,0,0,COURSE_A_CONDITIONS
2026-09-03,2026-09-03_ParisLongchamp_R1C7,11,-0.6585106466669486,-0.6585106466669486,12.0,0.350658,0.5848,NON_VERT,False,8.0,0,0,COURSE_A_CONDITIONS
2026-09-03,2026-09-03_ParisLongchamp_R1C7,12,0.6091973653811357,0.6091973653811357,4.0,0.350658,0.5848,NON_VERT,True,2.0,0,1,COURSE_A_CONDITIONS
2026-09-03,2026-09-03_ParisLongchamp_R1C7,13,0.3196456540772616,0.3196456540772616,7.0,0.350658,0.5848,NON_VERT,False,3.0,0,1,COURSE_A_CONDITIONS
2026-09-03,2026-09-03_ParisLongchamp_R1C8,1,0.8240827827904028,0.8240827827904028,2.0,0.528369,0.5848,NON_VERT,True,2.0,0,1,GROUPE_III
2026-09-03,2026-09-03_ParisLongchamp_R1C8,2,0.8266747618570748,0.8266747618570748,1.0,0.528369,0.5848,NON_VERT,True,3.0,0,1,GROUPE_III
2026-09-03,2026-09-03_ParisLongchamp_R1C8,3,0.5446379075280118,0.5446379075280118,4.0,0.528369,0.5848,NON_VERT,True,8.0,0,0,GROUPE_III
2026-09-03,2026-09-03_ParisLongchamp_R1C8,4,0.17958792642353102,0.17958792642353102,6.0,0.528369,0.5848,NON_VERT,False,5.0,0,0,GROUPE_III
2026-09-03,2026-09-03_ParisLongchamp_R1C8,5,-0.12227734470469263,-0.12227734470469263,7.0,0.528369,0.5848,NON_VERT,False,6.0,0,0,GROUPE_III
2026-09-03,2026-09-03_ParisLongchamp_R1C8,6,0.3891115061704536,0.3891115061704536,5.0,0.528369,0.5848,NON_VERT,True,4.0,0,0,GROUPE_III
2026-09-03,2026-09-03_ParisLongchamp_R1C8,7,0.551839097662193,0.551839097662193,3.0,0.528369,0.5848,NON_VERT,True,1.0,1,1,GROUPE_III
2026-09-03,2026-09-03_ParisLongchamp_R1C8,8,-1.0673105333116242,-1.0673105333116242,8.0,0.528369,0.5848,NON_VERT,False,7.0,0,0,GROUPE_III
2026-09-03,2026-09-03_ParisLongchamp_R1C9,1,0.3336367422973641,0.3336367422973641,3.0,0.314741,0.5848,NON_VERT,True,9.0,0,0,HANDICAP_DIVISE
2026-09-03,2026-09-03_ParisLongchamp_R1C9,2,0.07859268176921283,0.07859268176921283,6.0,0.314741,0.5848,NON_VERT,False,10.0,0,0,HANDICAP_DIVISE
2026-09-03,2026-09-03_ParisLongchamp_R1C9,3,-0.3957536665781793,-0.3957536665781793,12.0,0.314741,0.5848,NON_VERT,False,8.0,0,0,HANDICAP_DIVISE
2026-09-03,2026-09-03_ParisLongchamp_R1C9,4,0.5727184783540727,0.5727184783540727,1.0,0.314741,0.5848,NON_VERT,True,4.0,0,0,HANDICAP_DIVISE
2026-09-03,2026-09-03_ParisLongchamp_R1C9,5,0.1533569434205039,0.1533569434205039,4.0,0.314741,0.5848,NON_VERT,True,2.0,0,1,HANDICAP_DIVISE
2026-09-03,2026-09-03_ParisLongchamp_R1C9,7,-0.15634641962188572,-0.15634641962188572,9.0,0.314741,0.5848,NON_VERT,False,7.0,0,0,HANDICAP_DIVISE
2026-09-03,2026-09-03_ParisLongchamp_R1C9,8,-0.03286200567391753,-0.03286200567391753,8.0,0.314741,0.5848,NON_VERT,False,1.0,1,1,HANDICAP_DIVISE
2026-09-03,2026-09-03_ParisLongchamp_R1C9,9,-1.0374840969478043,-1.0374840969478043,15.0,0.314741,0.5848,NON_VERT,False,11.0,0,0,HANDICAP_DIVISE
2026-09-03,2026-09-03_ParisLongchamp_R1C9,10,-0.17108300983893782,-0.17108300983893782,10.0,0.314741,0.5848,NON_VERT,False,5.0,0,0,HANDICAP_DIVISE
2026-09-03,2026-09-03_ParisLongchamp_R1C9,11,0.06689124385377836,0.06689124385377836,7.0,0.314741,0.5848,NON_VERT,False,3.0,0,1,HANDICAP_DIVISE
2026-09-03,2026-09-03_ParisLongchamp_R1C9,12,-0.39362281413164313,-0.39362281413164313,11.0,0.314741,0.5848,NON_VERT,False,12.0,0,0,HANDICAP_DIVISE
2026-09-03,2026-09-03_ParisLongchamp_R1C9,13,-0.4808850529094659,-0.4808850529094659,13.0,0.314741,0.5848,NON_VERT,False,14.0,0,0,HANDICAP_DIVISE
2026-09-03,2026-09-03_ParisLongchamp_R1C9,14,-0.5354618136011826,-0.5354618136011826,14.0,0.314741,0.5848,NON_VERT,False,15.0,0,0,HANDICAP_DIVISE
2026-09-03,2026-09-03_ParisLongchamp_R1C9,15,0.35818120577997525,0.35818120577997525,2.0,0.314741,0.5848,NON_VERT,True,6.0,0,0,HANDICAP_DIVISE
2026-09-03,2026-09-03_ParisLongchamp_R1C9,16,0.11931177532157622,0.11931177532157622,5.0,0.314741,0.5848,NON_VERT,True,13.0,0,0,HANDICAP_DIVISE
2026-09-03,2026-09-03_SARATOGA_R6C1,1,0.912855092627965,0.912855092627965,1.0,0.608845,0.5848,VERT,True,3.0,0,1,A_RECLAMER
2026-09-03,2026-09-03_SARATOGA_R6C1,2,0.35976701763365415,0.35976701763365415,4.0,0.608845,0.5848,VERT,True,1.0,1,1,A_RECLAMER
2026-09-03,2026-09-03_SARATOGA_R6C1,3,0.47586305085608244,0.47586305085608244,3.0,0.608845,0.5848,VERT,True,4.0,0,0,A_RECLAMER
2026-09-03,2026-09-03_SARATOGA_R6C1,4,-0.467799161447129,-0.46779916447129,6.0,0.608845,0.5848,VERT,False,2.0,0,1,A_RECLAMER
2026-09-03,2026-09-03_SARATOGA_R6C1,6,0.09786984635575859,0.09786984635575859,5.0,0.608845,0.5848,VERT,True,7.0,0,0,A_RECLAMER
2026-09-03,2026-09-03_SARATOGA_R6C1,7,-0.5690818059978686,-0.5690818059978686,7.0,0.608845,0.5848,VERT,False,5.0,0,0,A_RECLAMER
2026-09-03,2026-09-03_SARATOGA_R6C1,8,0.5319712159015005,0.5319712159015005,2.0,0.608845,0.5848,VERT,True,6.0,0,0,A_RECLAMER
2026-09-03,2026-09-03_SARATOGA_R6C10,3,-0.5829336627020107,-0.5829336627020107,3.0,0.91763,0.5848,VERT,True,4.0,0,0,A_RECLAMER
2026-09-03,2026-09-03_SARATOGA_R6C10,9,0.2697748171820414,0.2697748171820414,2.0,0.91763,0.5848,VERT,True,2.0,0,1,A_RECLAMER
2026-09-03,2026-09-03_SARATOGA_R6C10,10,0.9085022821381898,0.9085022821381898,1.0,0.91763,0.5848,VERT,True,3.0,0,1,A_RECLAMER
2026-09-03,2026-09-03_SARATOGA_R6C10,11,-0.940730988112625,-0.940730988112625,4.0,0.91763,0.5848,VERT,True,1.0,1,1,A_RECLAMER
2026-09-03,2026-09-03_SARATOGA_R6C2,1,-0.6413548117932872,-0.6413548117932872,8.0,0.435088,0.5848,NON_VERT,False,6.0,0,0,COURSE_A_CONDITIONS
2026-09-03,2026-09-03_SARATOGA_R6C2,2,-0.4085667758291558,-0.4085667758291558,5.0,0.435088,0.5848,NON_VERT,True,9.0,0,0,COURSE_A_CONDITIONS
2026-09-03,2026-09-03_SARATOGA_R6C2,3,-0.09191410202971079,-0.09191410202971079,2.0,0.435088,0.5848,NON_VERT,True,10.0,0,0,COURSE_A_CONDITIONS
2026-09-03,2026-09-03_SARATOGA_R6C2,4,0.3395603755410845,0.3395603755410845,1.0,0.435088,0.5848,NON_VERT,True,2.0,0,1,COURSE_A_CONDITIONS
2026-09-03,2026-09-03_SARATOGA_R6C2,5,-0.16477117139575476,-0.16477117139575476,3.0,0.435088,0.5848,NON_VERT,True,5.0,0,0,COURSE_A_CONDITIONS
2026-09-03,2026-09-03_SARATOGA_R6C2,6,-0.44884888747792895,-0.44884888747792895,7.0,0.435088,0.5848,NON_VERT,False,8.0,0,0,COURSE_A_CONDITIONS
2026-09-03,2026-09-03_SARATOGA_R6C2,7,-0.22270359347412652,-0.22270359347412652,4.0,0.435088,0.5848,NON_VERT,True,3.0,0,1,COURSE_A_CONDITIONS
2026-09-03,2026-09-03_SARATOGA_R6C2,8,-0.6603110536165091,-0.6603110536165091,9.0,0.435088,0.5848,NON_VERT,False,4.0,0,0,COURSE_A_CONDITIONS
2026-09-03,2026-09-03_SARATOGA_R6C2,9,-0.4307191204221618,-0.4307191204221618,6.0,0.435088,0.5848,NON_VERT,False,1.0,1,1,COURSE_A_CONDITIONS
2026-09-03,2026-09-03_SARATOGA_R6C2,10,-1.1639768706764289,-1.1639768706764289,10.0,0.435088,0.5848,NON_VERT,False,7.0,0,0,COURSE_A_CONDITIONS
2026-09-03,2026-09-03_SARATOGA_R6C3,1,0.6163729351124445,0.6163729351124445,1.0,0.547901,0.5848,NON_VERT,True,3.0,0,1,COURSE_A_CONDITIONS
2026-09-03,2026-09-03_SARATOGA_R6C3,2,0.399768755549824,0.399768755549824,3.0,0.547901,0.5848,NON_VERT,True,2.0,0,1,COURSE_A_CONDITIONS
2026-09-03,2026-09-03_SARATOGA_R6C3,3,0.09751181129309067,0.09751181129309067,5.0,0.547901,0.5848,NON_VERT,True,7.0,0,0,COURSE_A_CONDITIONS
2026-09-03,2026-09-03_SARATOGA_R6C3,4,0.21756785075719035,0.21756785075719035,4.0,0.547901,0.5848,NON_VERT,True,1.0,1,1,COURSE_A_CONDITIONS
2026-09-03,2026-09-03_SARATOGA_R6C3,5,-0.18237518259770805,-0.18237518259770805,7.0,0.547901,0.5848,NON_VERT,False,5.0,0,0,COURSE_A_CONDITIONS
2026-09-03,2026-09-03_SARATOGA_R6C3,7,-0.1063523215632376,-0.1063523215632376,6.0,0.547901,0.5848,NON_VERT,False,4.0,0,0,COURSE_A_CONDITIONS
2026-09-03,2026-09-03_SARATOGA_R6C3,8,0.46895190547638016,0.46895190547638016,2.0,0.547901,0.5848,NON_VERT,True,6.0,0,0,COURSE_A_CONDITIONS
2026-09-03,2026-09-03_SARATOGA_R6C4,1,-0.22312356356009952,-0.22312356356009952,5.0,0.477446,0.5848,NON_VERT,True,7.0,0,0,A_RECLAMER
2026-09-03,2026-09-03_SARATOGA_R6C4,2,-1.4065877350301808,-1.4065877350301808,12.0,0.477446,0.5848,NON_VERT,False,11.0,0,0,A_RECLAMER
2026-09-03,2026-09-03_SARATOGA_R6C4,3,-0.2412110616734429,-0.2412110616734429,6.0,0.477446,0.5848,NON_VERT,False,9.0,0,0,A_RECLAMER
2026-09-03,2026-09-03_SARATOGA_R6C4,5,-1.0305352364265206,-1.0305352364265206,9.0,0.477446,0.5848,NON_VERT,False,8.0,0,0,A_RECLAMER
2026-09-03,2026-09-03_SARATOGA_R6C4,6,-0.02979797504336737,-0.02979797504336737,4.0,0.477446,0.5848,NON_VERT,True,6.0,0,0,A_RECLAMER
2026-09-03,2026-09-03_SARATOGA_R6C4,7,-0.33811183119708105,-0.33811183119708105,8.0,0.477446,0.5848,NON_VERT,False,2.0,0,1,A_RECLAMER
2026-09-03,2026-09-03_SARATOGA_R6C4,8,-0.3133913157239165,-0.3133913157239165,7.0,0.477446,0.5848,NON_VERT,False,5.0,0,0,A_RECLAMER
2026-09-03,2026-09-03_SARATOGA_R6C4,9,0.44870408779997706,0.44870408779997706,2.0,0.477446,0.5848,NON_VERT,True,4.0,0,0,A_RECLAMER
2026-09-03,2026-09-03_SARATOGA_R6C4,10,-1.2281269807406041,-1.2281269807406041,11.0,0.477446,0.5848,NON_VERT,False,1.0,1,1,A_RECLAMER
2026-09-03,2026-09-03_SARATOGA_R6C4,11,0.5666446517061675,0.5666446517061675,1.0,0.477446,0.5848,NON_VERT,True,10.0,0,0,A_RECLAMER
2026-09-03,2026-09-03_SARATOGA_R6C4,12,0.3471458730969415,0.3471458730969415,3.0,0.477446,0.5848,NON_VERT,True,3.0,0,1,A_RECLAMER
2026-09-03,2026-09-03_SARATOGA_R6C4,13,-1.2147995699343637,-1.2147995699343637,10.0,0.477446,0.5848,NON_VERT,False,12.0,0,0,A_RECLAMER
2026-09-03,2026-09-03_SARATOGA_R6C5,1,-0.20253897631260329,-0.20253897631260329,3.0,0.533652,0.5848,NON_VERT,True,1.0,1,1,A_RECLAMER
2026-09-03,2026-09-03_SARATOGA_R6C5,2,-1.8089745155690382,-1.8089745155690382,8.0,0.533652,0.5848,NON_VERT,False,4.0,0,0,A_RECLAMER
2026-09-03,2026-09-03_SARATOGA_R6C5,3,-0.1835714373926698,-0.1835714373926698,2.0,0.533652,0.5848,NON_VERT,True,3.0,0,1,A_RECLAMER
2026-09-03,2026-09-03_SARATOGA_R6C5,4,-0.39130151368391225,-0.39130151368391225,5.0,0.533652,0.5848,NON_VERT,True,8.0,0,0,A_RECLAMER
2026-09-03,2026-09-03_SARATOGA_R6C5,5,-1.2401346970573006,-1.2401346970573006,7.0,0.533652,0.5848,NON_VERT,False,6.0,0,0,A_RECLAMER
2026-09-03,2026-09-03_SARATOGA_R6C5,6,-0.5788632409360639,-0.5788632409360639,6.0,0.533652,0.5848,NON_VERT,False,7.0,0,0,A_RECLAMER
2026-09-03,2026-09-03_SARATOGA_R6C5,8,-0.2615581966925607,-0.2615581966925607,4.0,0.533652,0.5848,NON_VERT,True,5.0,0,0,A_RECLAMER
2026-09-03,2026-09-03_SARATOGA_R6C5,9,0.153387855512547,0.153387855512547,1.0,0.533652,0.5848,NON_VERT,True,2.0,0,1,A_RECLAMER
2026-09-03,2026-09-03_SARATOGA_R6C6,1,-0.2709620238201835,-0.2709620238201835,6.0,0.589061,0.5848,VERT,False,3.0,0,1,COURSE_A_CONDITIONS
2026-09-03,2026-09-03_SARATOGA_R6C6,2,-0.2501158183766231,-0.2501158183766231,5.0,0.589061,0.5848,VERT,True,5.0,0,0,COURSE_A_CONDITIONS
2026-09-03,2026-09-03_SARATOGA_R6C6,3,0.8024128095762367,0.8024128095762367,1.0,0.589061,0.5848,VERT,True,4.0,0,0,COURSE_A_CONDITIONS
2026-09-03,2026-09-03_SARATOGA_R6C6,4,0.13300718557455862,0.13300718557455862,3.0,0.589061,0.5848,VERT,True,6.0,0,0,COURSE_A_CONDITIONS
2026-09-03,2026-09-03_SARATOGA_R6C6,5,0.21240510591003264,0.21240510591003264,2.0,0.589061,0.5848,VERT,True,2.0,0,1,COURSE_A_CONDITIONS
2026-09-03,2026-09-03_SARATOGA_R6C6,6,0.010002072603758511,0.010002072603758511,4.0,0.589061,0.5848,VERT,True,1.0,1,1,COURSE_A_CONDITIONS
2026-09-03,2026-09-03_SARATOGA_R6C6,8,-0.4087512484049296,-0.4087512484049296,7.0,0.589061,0.5848,VERT,False,7.0,0,0,COURSE_A_CONDITIONS
2026-09-03,2026-09-03_SARATOGA_R6C7,1,0.13304886898255838,0.13304886898255838,5.0,0.461433,0.5848,NON_VERT,True,2.0,0,1,COURSE_A_CONDITIONS
2026-09-03,2026-09-03_SARATOGA_R6C7,2,-0.5143276906662309,-0.5143276906662309,9.0,0.461433,0.5848,NON_VERT,False,9.0,0,0,COURSE_A_CONDITIONS
2026-09-03,2026-09-03_SARATOGA_R6C7,3,0.18196804287835,0.18196804287835,4.0,0.461433,0.5848,NON_VERT,True,7.0,0,0,COURSE_A_CONDITIONS
2026-09-03,2026-09-03_SARATOGA_R6C7,4,0.40215121011295374,0.40215121011295374,3.0,0.461433,0.5848,NON_VERT,True,4.0,0,0,COURSE_A_CONDITIONS
2026-09-03,2026-09-03_SARATOGA_R6C7,6,-0.2679519935588888,-0.2679519935588888,8.0,0.461433,0.5848,NON_VERT,False,6.0,0,0,COURSE_A_CONDITIONS
2026-09-03,2026-09-03_SARATOGA_R6C7,7,0.09190312860067201,0.09190312860067201,6.0,0.461433,0.5848,NON_VERT,False,8.0,0,0,COURSE_A_CONDITIONS
2026-09-03,2026-09-03_SARATOGA_R6C7,8,0.5150010342948285,0.5150010342948285,2.0,0.461433,0.5848,NON_VERT,True,3.0,0,1,COURSE_A_CONDITIONS
2026-09-03,2026-09-03_SARATOGA_R6C7,9,0.6071522273697523,0.6071522273697523,1.0,0.461433,0.5848,NON_VERT,True,5.0,0,0,COURSE_A_CONDITIONS
2026-09-03,2026-09-03_SARATOGA_R6C7,11,0.03858378967320596,0.03858378967320596,7.0,0.461433,0.5848,NON_VERT,False,1.0,1,1,COURSE_A_CONDITIONS
2026-09-03,2026-09-03_SARATOGA_R6C8,1,-1.3681959212242514,-1.3681959212242514,8.0,0.488823,0.5848,NON_VERT,False,9.0,0,0,COURSE_A_CONDITIONS
2026-09-03,2026-09-03_SARATOGA_R6C8,2,0.36198807721249077,0.36198807721249077,3.0,0.488823,0.5848,NON_VERT,True,4.0,0,0,COURSE_A_CONDITIONS
2026-09-03,2026-09-03_SARATOGA_R6C8,3,0.3733663506187738,0.3733663506187738,2.0,0.488823,0.5848,NON_VERT,True,3.0,0,1,COURSE_A_CONDITIONS
2026-09-03,2026-09-03_SARATOGA_R6C8,4,0.001462642784889358,0.001462642784889358,6.0,0.488823,0.5848,NON_VERT,False,2.0,0,1,COURSE_A_CONDITIONS
2026-09-03,2026-09-03_SARATOGA_R6C8,5,-1.5176192427740518,-1.5176192427740518,9.0,0.488823,0.5848,NON_VERT,False,5.0,0,0,COURSE_A_CONDITIONS
2026-09-03,2026-09-03_SARATOGA_R6C8,6,0.3859058191599076,0.3859058191599076,1.0,0.488823,0.5848,NON_VERT,True,6.0,0,0,COURSE_A_CONDITIONS
2026-09-03,2026-09-03_SARATOGA_R6C8,7,0.32695016344980926,0.32695016344980926,4.0,0.488823,0.5848,NON_VERT,True,1.0,1,1,COURSE_A_CONDITIONS
2026-09-03,2026-09-03_SARATOGA_R6C8,8,0.026982182422599345,0.026982182422599345,5.0,0.488823,0.5848,NON_VERT,True,7.0,0,0,COURSE_A_CONDITIONS
2026-09-03,2026-09-03_SARATOGA_R6C8,9,-0.40080832865648675,-0.40080832865648675,7.0,0.488823,0.5848,NON_VERT,False,8.0,0,0,COURSE_A_CONDITIONS
2026-09-03,2026-09-03_SARATOGA_R6C9,2,-0.2120057043123162,-0.2120057043123162,4.0,0.883674,0.5848,VERT,True,1.0,1,1,COURSE_A_CONDITIONS
2026-09-03,2026-09-03_SARATOGA_R6C9,3,0.38124695933549274,0.38124695933549274,3.0,0.883674,0.5848,VERT,True,2.0,0,1,COURSE_A_CONDITIONS
2026-09-03,2026-09-03_SARATOGA_R6C9,6,0.6224019837133983,0.6224019837133983,2.0,0.883674,0.5848,VERT,True,3.0,0,1,COURSE_A_CONDITIONS
2026-09-03,2026-09-03_SARATOGA_R6C9,7,1.0359500154690975,1.0359500154690975,1.0,0.883674,0.5848,VERT,True,4.0,0,0,COURSE_A_CONDITIONS
2026-09-03,2026-09-03_VICHY_R2C1,1,0.16743953818891757,0.16743953818891757,5.0,0.394714,0.5848,NON_VERT,True,7.0,0,0,A_RECLAMER
2026-09-03,2026-09-03_VICHY_R2C1,2,0.23878508710962137,0.23878508710962137,1.0,0.394714,0.5848,NON_VERT,True,1.0,1,1,A_RECLAMER
2026-09-03,2026-09-03_VICHY_R2C1,3,0.07855957811447244,0.07855957811447244,6.0,0.394714,0.5848,NON_VERT,False,3.0,0,1,A_RECLAMER
2026-09-03,2026-09-03_VICHY_R2C1,4,0.19975172236924602,0.19975172236924602,3.0,0.394714,0.5848,NON_VERT,True,4.0,0,0,A_RECLAMER
2026-09-03,2026-09-03_VICHY_R2C1,5,0.1926190538053636,0.1926190538053636,4.0,0.394714,0.5848,NON_VERT,True,2.0,0,1,A_RECLAMER
2026-09-03,2026-09-03_VICHY_R2C1,6,0.057499212478084274,0.057499212478084274,7.0,0.394714,0.5848,NON_VERT,False,8.0,0,0,A_RECLAMER
2026-09-03,2026-09-03_VICHY_R2C1,7,0.2028761493976072,0.2028761493976072,2.0,0.394714,0.5848,NON_VERT,True,5.0,0,0,A_RECLAMER
2026-09-03,2026-09-03_VICHY_R2C1,8,-0.27317588604680193,-0.27317588604680193,8.0,0.394714,0.5848,NON_VERT,False,6.0,0,0,A_RECLAMER
2026-09-03,2026-09-03_VICHY_R2C1,9,-0.9127199466641209,-0.9127199466641209,9.0,0.394714,0.5848,NON_VERT,False,9.0,0,0,A_RECLAMER
2026-09-03,2026-09-03_VICHY_R2C2,1,-0.14554533729357153,-0.14554533729357153,7.0,0.338148,0.5848,NON_VERT,False,1.0,1,1,HANDICAP
2026-09-03,2026-09-03_VICHY_R2C2,2,0.02572178206067545,0.02572178206067545,4.0,0.338148,0.5848,NON_VERT,True,11.0,0,0,HANDICAP
2026-09-03,2026-09-03_VICHY_R2C2,3,-0.16719897293066607,-0.16719897293066607,8.0,0.338148,0.5848,NON_VERT,False,13.0,0,0,HANDICAP
2026-09-03,2026-09-03_VICHY_R2C2,4,-0.38113279052565513,-0.38113279052565513,10.0,0.338148,0.5848,NON_VERT,False,8.0,0,0,HANDICAP
2026-09-03,2026-09-03_VICHY_R2C2,5,-0.24360459819443056,-0.24360459819443056,9.0,0.338148,0.5848,NON_VERT,False,7.0,0,0,HANDICAP
2026-09-03,2026-09-03_VICHY_R2C2,6,-0.030030608250318384,-0.030030608250318384,5.0,0.338148,0.5848,NON_VERT,True,12.0,0,0,HANDICAP
2026-09-03,2026-09-03_VICHY_R2C2,7,-0.03846655163360525,-0.03846655163360525,6.0,0.338148,0.5848,NON_VERT,False,10.0,0,0,HANDICAP
2026-09-03,2026-09-03_VICHY_R2C2,8,0.13176525129550273,0.13176525129550273,3.0,0.338148,0.5848,NON_VERT,True,9.0,0,0,HANDICAP
2026-09-03,2026-09-03_VICHY_R2C2,9,0.4012672121579946,0.4012672121579946,1.0,0.338148,0.5848,NON_VERT,True,5.0,0,0,HANDICAP
2026-09-03,2026-09-03_VICHY_R2C2,10,0.20306309940681225,0.20306309940681225,2.0,0.338148,0.5848,NON_VERT,True,6.0,0,0,HANDICAP
2026-09-03,2026-09-03_VICHY_R2C2,11,-0.7508500971376243,-0.7508500971376243,12.0,0.338148,0.5848,NON_VERT,False,2.0,0,1,HANDICAP
2026-09-03,2026-09-03_VICHY_R2C2,12,-0.7142617562744764,-0.7142617562744764,11.0,0.338148,0.5848,NON_VERT,False,3.0,0,1,HANDICAP
2026-09-03,2026-09-03_VICHY_R2C2,13,-0.7834441007693539,-0.7834441007693539,13.0,0.338148,0.5848,NON_VERT,False,4.0,0,0,HANDICAP
2026-09-03,2026-09-03_VICHY_R2C3,1,-1.0254659556424033,-1.0254659556424033,10.0,0.48299,0.5848,NON_VERT,False,10.0,0,0,COURSE_A_CONDITIONS
2026-09-03,2026-09-03_VICHY_R2C3,2,0.11236610438999388,0.11236610438999388,3.0,0.48299,0.5848,NON_VERT,True,9.0,0,0,COURSE_A_CONDITIONS
2026-09-03,2026-09-03_VICHY_R2C3,3,-0.1469301762573612,-0.1469301762573612,4.0,0.48299,0.5848,NON_VERT,True,4.0,0,0,COURSE_A_CONDITIONS
2026-09-03,2026-09-03_VICHY_R2C3,4,0.6652155883632332,0.6652155883632332,1.0,0.48299,0.5848,NON_VERT,True,3.0,0,1,COURSE_A_CONDITIONS
2026-09-03,2026-09-03_VICHY_R2C3,5,-0.45909247644548196,-0.45909247644548196,7.0,0.48299,0.5848,NON_VERT,False,7.0,0,0,COURSE_A_CONDITIONS
2026-09-03,2026-09-03_VICHY_R2C3,6,-0.7779503829375085,-0.7779503829375085,9.0,0.48299,0.5848,NON_VERT,False,6.0,0,0,COURSE_A_CONDITIONS
2026-09-03,2026-09-03_VICHY_R2C3,7,-0.2602032794286532,-0.2602032794286532,5.0,0.48299,0.5848,NON_VERT,True,2.0,0,1,COURSE_A_CONDITIONS
2026-09-03,2026-09-03_VICHY_R2C3,8,-0.7660906108060584,-0.7660906108060584,8.0,0.48299,0.5848,NON_VERT,False,11.0,0,0,COURSE_A_CONDITIONS
2026-09-03,2026-09-03_VICHY_R2C3,9,-0.3481768349414984,-0.3481768349414984,6.0,0.48299,0.5848,NON_VERT,False,5.0,0,0,COURSE_A_CONDITIONS
2026-09-03,2026-09-03_VICHY_R2C3,10,0.21912980022385073,0.21912980022385073,2.0,0.48299,0.5848,NON_VERT,True,1.0,1,1,COURSE_A_CONDITIONS
2026-09-03,2026-09-03_VICHY_R2C3,11,-1.028785155946634,-1.028785155946634,11.0,0.48299,0.5848,NON_VERT,False,8.0,0,0,COURSE_A_CONDITIONS
2026-09-03,2026-09-03_VICHY_R2C4,1,-0.2540735222061859,-0.254073522061859,8.0,0.336437,0.5848,NON_VERT,False,2.0,0,1,HANDICAP_CATEGORIE_DIVISE
2026-09-03,2026-09-03_VICHY_R2C4,2,0.33376366430544263,0.33376366430544263,1.0,0.336437,0.5848,NON_VERT,True,1.0,1,1,HANDICAP_CATEGORIE_DIVISE
2026-09-03,2026-09-03_VICHY_R2C4,3,-0.09943022361804225,-0.09943022361804225,5.0,0.336437,0.5848,NON_VERT,True,6.0,0,0,HANDICAP_CATEGORIE_DIVISE
2026-09-03,2026-09-03_VICHY_R2C4,4,-0.2752357560294379,-0.2752357560294379,9.0,0.336437,0.5848,NON_VERT,False,11.0,0,0,HANDICAP_CATEGORIE_DIVISE
2026-09-03,2026-09-03_VICHY_R2C4,5,-0.19361023467406366,-0.19361023467406366,6.0,0.336437,0.5848,NON_VERT,False,10.0,0,0,HANDICAP_CATEGORIE_DIVISE
2026-09-03,2026-09-03_VICHY_R2C4,6,0.24076614929662749,0.24076614929662749,2.0,0.336437,0.5848,NON_VERT,True,12.0,0,0,HANDICAP_CATEGORIE_DIVISE
2026-09-03,2026-09-03_VICHY_R2C4,7,-0.20593201221617835,-0.20593201221617835,7.0,0.336437,0.5848,NON_VERT,False,3.0,0,1,HANDICAP_CATEGORIE_DIVISE
2026-09-03,2026-09-03_VICHY_R2C4,8,-0.7528738901384666,-0.7528738901384666,12.0,0.336437,0.5848,NON_VERT,False,4.0,0,0,HANDICAP_CATEGORIE_DIVISE
2026-09-03,2026-09-03_VICHY_R2C4,9,-0.09762136155060765,-0.09762136155060765,4.0,0.336437,0.5848,NON_VERT,True,7.0,0,0,HANDICAP_CATEGORIE_DIVISE
2026-09-03,2026-09-03_VICHY_R2C4,10,-0.4035556944825373,-0.4035556944825373,10.0,0.336437,0.5848,NON_VERT,False,5.0,0,0,HANDICAP_CATEGORIE_DIVISE
2026-09-03,2026-09-03_VICHY_R2C4,11,-0.7580890993342629,-0.7580890993342629,13.0,0.336437,0.5848,NON_VERT,False,13.0,0,0,HANDICAP_CATEGORIE_DIVISE
2026-09-03,2026-09-03_VICHY_R2C4,12,-0.08872416496487066,-0.08872416496487066,3.0,0.336437,0.5848,NON_VERT,True,8.0,0,0,HANDICAP_CATEGORIE_DIVISE
2026-09-03,2026-09-03_VICHY_R2C4,13,-0.7441756931024966,-0.7441756931024966,11.0,0.336437,0.5848,NON_VERT,False,9.0,0,0,HANDICAP_CATEGORIE_DIVISE
2026-09-03,2026-09-03_VICHY_R2C5,1,-0.5188944316103359,-0.5188944316103359,8.0,0.343087,0.5848,NON_VERT,False,4.0,0,0,HANDICAP_CATEGORIE_DIVISE
2026-09-03,2026-09-03_VICHY_R2C5,2,-0.8051303373986766,-0.8051303373986766,11.0,0.343087,0.5848,NON_VERT,False,8.0,0,0,HANDICAP_CATEGORIE_DIVISE
2026-09-03,2026-09-03_VICHY_R2C5,3,-0.05984608345320534,-0.05984608345320534,3.0,0.343087,0.5848,NON_VERT,True,12.0,0,0,HANDICAP_CATEGORIE_DIVISE
2026-09-03,2026-09-03_VICHY_R2C5,4,-0.5444957602890187,-0.5444957602890187,9.0,0.343087,0.5848,NON_VERT,False,5.0,0,0,HANDICAP_CATEGORIE_DIVISE
2026-09-03,2026-09-03_VICHY_R2C5,5,-1.9208910433234292,-1.9208910433234292,14.0,0.343087,0.5848,NON_VERT,False,14.0,0,0,HANDICAP_CATEGORIE_DIVISE
2026-09-03,2026-09-03_VICHY_R2C5,6,-0.3058716474648748,-0.3058716474648748,6.0,0.343087,0.5848,NON_VERT,False,3.0,0,1,HANDICAP_CATEGORIE_DIVISE
2026-09-03,2026-09-03_VICHY_R2C5,7,-0.9501728331496393,-0.9501728331496393,12.0,0.343087,0.5848,NON_VERT,False,13.0,0,0,HANDICAP_CATEGORIE_DIVISE
2026-09-03,2026-09-03_VICHY_R2C5,8,-0.9748752181937934,-0.9748752181937934,13.0,0.343087,0.5848,NON_VERT,False,9.0,0,0,HANDICAP_CATEGORIE_DIVISE
2026-09-03,2026-09-03_VICHY_R2C5,9,-0.07157469722062947,-0.07157469722062947,4.0,0.343087,0.5848,NON_VERT,True,6.0,0,0,HANDICAP_CATEGORIE_DIVISE
2026-09-03,2026-09-03_VICHY_R2C5,10,0.1902930528517125,0.1902930528517125,1.0,0.343087,0.5848,NON_VERT,True,2.0,0,1,HANDICAP_CATEGORIE_DIVISE
2026-09-03,2026-09-03_VICHY_R2C5,11,-0.48882416419776437,-0.48882416419776437,7.0,0.343087,0.5848,NON_VERT,False,10.0,0,0,HANDICAP_CATEGORIE_DIVISE
2026-09-03,2026-09-03_VICHY_R2C5,12,-0.7803035384149497,-0.7803035384149497,10.0,0.343087,0.5848,NON_VERT,False,11.0,0,0,HANDICAP_CATEGORIE_DIVISE
2026-09-03,2026-09-03_VICHY_R2C5,13,-0.17974353618041633,-0.17974353618041633,5.0,0.343087,0.5848,NON_VERT,True,1.0,1,1,HANDICAP_CATEGORIE_DIVISE
2026-09-03,2026-09-03_VICHY_R2C5,14,0.037414078733548496,0.037414078733548496,2.0,0.343087,0.5848,NON_VERT,True,7.0,0,0,HANDICAP_CATEGORIE_DIVISE
2026-09-03,2026-09-03_VICHY_R2C6,1,-0.6416848336555285,-0.6416848336555285,5.0,0.75545,0.5848,VERT,True,5.0,0,0,COURSE_A_CONDITIONS
2026-09-03,2026-09-03_VICHY_R2C6,2,0.47560180760444926,0.47560180760444926,2.0,0.75545,0.5848,VERT,True,3.0,0,1,COURSE_A_CONDITIONS
2026-09-03,2026-09-03_VICHY_R2C6,4,0.9553074477771277,0.9553074477771277,1.0,0.75545,0.5848,VERT,True,1.0,1,1,COURSE_A_CONDITIONS
2026-09-03,2026-09-03_VICHY_R2C6,5,-2.6629498155658826,-2.6629498155658826,7.0,0.75545,0.5848,VERT,False,7.0,0,0,COURSE_A_CONDITIONS
2026-09-03,2026-09-03_VICHY_R2C6,6,-0.4900804737717063,-0.4900804737717063,4.0,0.75545,0.5848,VERT,True,6.0,0,0,COURSE_A_CONDITIONS
2026-09-03,2026-09-03_VICHY_R2C6,7,-0.8803755918365108,-0.8803755918365108,6.0,0.75545,0.5848,VERT,False,4.0,0,0,COURSE_A_CONDITIONS
2026-09-03,2026-09-03_VICHY_R2C6,8,-0.21528267740791798,-0.21528267740791798,3.0,0.75545,0.5848,VERT,True,2.0,0,1,COURSE_A_CONDITIONS
2026-09-03,2026-09-03_VICHY_R2C7,2,0.5677701161095211,0.5677701161095211,1.0,0.514228,0.5848,NON_VERT,True,2.0,0,1,HANDICAP_DIVISE
2026-09-03,2026-09-03_VICHY_R2C7,3,0.5434245726332438,0.5434245726332438,2.0,0.514228,0.5848,NON_VERT,True,7.0,0,0,HANDICAP_DIVISE
2026-09-03,2026-09-03_VICHY_R2C7,4,0.18212698482357553,0.18212698482357553,4.0,0.514228,0.5848,NON_VERT,True,8.0,0,0,HANDICAP_DIVISE
2026-09-03,2026-09-03_VICHY_R2C7,5,-0.5277099529933678,-0.5277099529933678,8.0,0.514228,0.5848,NON_VERT,False,3.0,0,1,HANDICAP_DIVISE
2026-09-03,2026-09-03_VICHY_R2C7,6,-0.39610663405488145,-0.39610663405488145,6.0,0.514228,0.5848,NON_VERT,False,6.0,0,0,HANDICAP_DIVISE
2026-09-03,2026-09-03_VICHY_R2C7,7,-0.42571351383090006,-0.42571351383090006,7.0,0.514228,0.5848,NON_VERT,False,9.0,0,0,HANDICAP_DIVISE
2026-09-03,2026-09-03_VICHY_R2C7,8,0.004475492121418778,0.004475492121418778,5.0,0.514228,0.5848,NON_VERT,True,4.0,0,0,HANDICAP_DIVISE
2026-09-03,2026-09-03_VICHY_R2C7,9,-0.7084855783421263,-0.7084855783421263,9.0,0.514228,0.5848,NON_VERT,False,5.0,0,0,HANDICAP_DIVISE
2026-09-03,2026-09-03_VICHY_R2C7,10,0.33420991446236076,0.33420991446236076,3.0,0.514228,0.5848,NON_VERT,True,1.0,1,1,HANDICAP_DIVISE
2026-09-03,2026-09-03_VICHY_R2C8,1,0.18709730973849653,0.18709730973849653,3.0,0.494578,0.5848,NON_VERT,True,4.0,0,0,HANDICAP_DIVISE
2026-09-03,2026-09-03_VICHY_R2C8,2,-0.7596087309345754,-0.7596087309345754,8.0,0.494578,0.5848,NON_VERT,False,7.0,0,0,HANDICAP_DIVISE
2026-09-03,2026-09-03_VICHY_R2C8,3,0.25538049834384413,0.25538049834384413,1.0,0.494578,0.5848,NON_VERT,True,9.0,0,0,HANDICAP_DIVISE
2026-09-03,2026-09-03_VICHY_R2C8,4,0.03527539213527355,0.03527539213527355,4.0,0.494578,0.5848,NON_VERT,True,6.0,0,0,HANDICAP_DIVISE
2026-09-03,2026-09-03_VICHY_R2C8,5,-0.7460529941207078,-0.7460529941207078,7.0,0.494578,0.5848,NON_VERT,False,8.0,0,0,HANDICAP_DIVISE
2026-09-03,2026-09-03_VICHY_R2C8,6,-0.030937569842003063,-0.030937569842003063,5.0,0.494578,0.5848,NON_VERT,True,5.0,0,0,HANDICAP_DIVISE
2026-09-03,2026-09-03_VICHY_R2C8,7,-0.5294508950764527,-0.5294508950764527,6.0,0.494578,0.5848,NON_VERT,False,3.0,0,1,HANDICAP_DIVISE
2026-09-03,2026-09-03_VICHY_R2C8,8,0.21858954418133225,0.21858954418133225,2.0,0.494578,0.5848,NON_VERT,True,2.0,0,1,HANDICAP_DIVISE
2026-09-03,2026-09-03_VICHY_R2C8,9,-1.2497244922075277,-1.2497244922075277,9.0,0.494578,0.5848,NON_VERT,False,1.0,1,1,HANDICAP_DIVISE

2026-09-04,2026-09-04_CHANTILLY_R4C1,1,1.0089875078056962,1.0089875078056962,1.0,0.776591,0.5848,VERT,True,2.0,0,1,COURSE_A_CONDITIONS
2026-09-04,2026-09-04_CHANTILLY_R4C1,2,0.7232111111127757,0.7232111111127757,2.0,0.776591,0.5848,VERT,True,4.0,0,0,COURSE_A_CONDITIONS
2026-09-04,2026-09-04_CHANTILLY_R4C1,3,0.5431801946494929,0.5431801946494929,3.0,0.776591,0.5848,VERT,True,3.0,0,0,COURSE_A_CONDITIONS
2026-09-04,2026-09-04_CHANTILLY_R4C1,4,-0.6295485975676347,-0.6295485975676347,5.0,0.776591,0.5848,VERT,True,6.0,0,0,COURSE_A_CONDITIONS
2026-09-04,2026-09-04_CHANTILLY_R4C1,5,0.10856752084151847,0.10856752084151847,4.0,0.776591,0.5848,VERT,True,1.0,1,1,COURSE_A_CONDITIONS
2026-09-04,2026-09-04_CHANTILLY_R4C1,6,-1.471030972670078,-1.471030972670078,6.0,0.776591,0.5848,VERT,False,5.0,0,0,COURSE_A_CONDITIONS
2026-09-04,2026-09-04_CHANTILLY_R4C2,1,-0.394457454761071,-0.394457454761071,5.0,0.551284,0.5848,NON_VERT,True,8.0,0,0,A_RECLAMER
2026-09-04,2026-09-04_CHANTILLY_R4C2,2,-0.8604659707868292,-0.8604659707868292,7.0,0.551284,0.5848,NON_VERT,False,7.0,0,0,A_RECLAMER
2026-09-04,2026-09-04_CHANTILLY_R4C2,3,0.11787752942444664,0.11787752942444664,3.0,0.551284,0.5848,NON_VERT,True,4.0,0,0,A_RECLAMER
2026-09-04,2026-09-04_CHANTILLY_R4C2,4,0.3046648649248456,0.3046648649248456,1.0,0.551284,0.5848,NON_VERT,True,1.0,1,1,A_RECLAMER
2026-09-04,2026-09-04_CHANTILLY_R4C2,5,-0.45624658372336807,-0.45624658372336807,6.0,0.551284,0.5848,NON_VERT,False,3.0,0,1,A_RECLAMER
2026-09-04,2026-09-04_CHANTILLY_R4C2,6,-2.045143518709802,-2.045143518709802,9.0,0.551284,0.5848,NON_VERT,False,9.0,0,0,A_RECLAMER
2026-09-04,2026-09-04_CHANTILLY_R4C2,7,-0.18168688343805564,-0.18168688343805564,4.0,0.551284,0.5848,NON_VERT,True,2.0,0,1,A_RECLAMER
2026-09-04,2026-09-04_CHANTILLY_R4C2,8,0.13994381633556888,0.13994381633556888,2.0,0.551284,0.5848,NON_VERT,True,6.0,0,0,A_RECLAMER
2026-09-04,2026-09-04_CHANTILLY_R4C2,9,-1.3396296075407197,-1.3396296075407197,8.0,0.551284,0.5848,NON_VERT,False,5.0,0,0,A_RECLAMER
2026-09-04,2026-09-04_CHANTILLY_R4C3,1,-0.5093156751828114,-0.5093156751828114,6.0,0.627959,0.5848,VERT,False,8.0,0,0,A_RECLAMER
2026-09-04,2026-09-04_CHANTILLY_R4C3,2,0.7344029638084542,0.7344029638084542,1.0,0.627959,0.5848,VERT,True,3.0,0,1,A_RECLAMER
2026-09-04,2026-09-04_CHANTILLY_R4C3,3,0.300211079471713,0.300211079471713,2.0,0.627959,0.5848,VERT,True,5.0,0,0,A_RECLAMER
2026-09-04,2026-09-04_CHANTILLY_R4C3,4,0.17270596151756282,0.17270596151756282,4.0,0.627959,0.5848,VERT,True,1.0,1,1,A_RECLAMER
2026-09-04,2026-09-04_CHANTILLY_R4C3,5,0.23990892651930354,0.23990892651930354,3.0,0.627959,0.5848,VERT,True,6.0,0,0,A_RECLAMER
2026-09-04,2026-09-04_CHANTILLY_R4C3,6,-0.3328542003667492,-0.3328542003667492,5.0,0.627959,0.5848,VERT,True,2.0,0,1,A_RECLAMER
2026-09-04,2026-09-04_CHANTILLY_R4C3,7,-2.497112949764228,-2.497112949764228,8.0,0.627959,0.5848,VERT,False,7.0,0,0,A_RECLAMER
2026-09-04,2026-09-04_CHANTILLY_R4C3,8,-1.6133903140086148,-1.6133903140086148,7.0,0.627959,0.5848,VERT,False,4.0,0,0,A_RECLAMER
2026-09-04,2026-09-04_CHANTILLY_R4C4,1,0.13574187566445003,0.13574187566445003,2.0,0.455164,0.5848,NON_VERT,True,7.0,0,0,A_RECLAMER
2026-09-04,2026-09-04_CHANTILLY_R4C4,2,-0.45392685580459835,-0.45392685580459835,6.0,0.455164,0.5848,NON_VERT,False,8.0,0,0,A_RECLAMER
2026-09-04,2026-09-04_CHANTILLY_R4C4,3,-1.4378613614133087,-1.4378613614133087,10.0,0.455164,0.5848,NON_VERT,False,10.0,0,0,A_RECLAMER
2026-09-04,2026-09-04_CHANTILLY_R4C4,4,0.04269170220982386,0.04269170220982386,3.0,0.455164,0.5848,NON_VERT,True,1.0,1,1,A_RECLAMER
2026-09-04,2026-09-04_CHANTILLY_R4C4,5,0.4247929836245507,0.4247929836245507,1.0,0.455164,0.5848,NON_VERT,True,3.0,0,1,A_RECLAMER
2026-09-04,2026-09-04_CHANTILLY_R4C4,6,-0.046929668534565636,-0.046929668534565636,5.0,0.455164,0.5848,NON_VERT,True,4.0,0,0,A_RECLAMER
2026-09-04,2026-09-04_CHANTILLY_R4C4,7,-0.021713084264004905,-0.021713084264004905,4.0,0.455164,0.5848,NON_VERT,True,6.0,0,0,A_RECLAMER
2026-09-04,2026-09-04_CHANTILLY_R4C4,8,-0.5269928999978634,-0.5269928999978634,8.0,0.455164,0.5848,NON_VERT,False,5.0,0,0,A_RECLAMER
2026-09-04,2026-09-04_CHANTILLY_R4C4,9,-0.5171489913003345,-0.5171489913003345,7.0,0.455164,0.5848,NON_VERT,False,9.0,0,0,A_RECLAMER
2026-09-04,2026-09-04_CHANTILLY_R4C4,10,-0.7787324338573836,-0.7787324338573836,9.0,0.455164,0.5848,NON_VERT,False,2.0,0,1,A_RECLAMER
2026-09-04,2026-09-04_CHANTILLY_R4C5,1,0.3141048024807359,0.3141048024807359,4.0,0.582027,0.5848,NON_VERT,True,7.0,0,0,COURSE_A_CONDITIONS
2026-09-04,2026-09-04_CHANTILLY_R4C5,2,0.23168984432299597,0.23168984432299597,5.0,0.582027,0.5848,NON_VERT,True,2.0,0,1,COURSE_A_CONDITIONS
2026-09-04,2026-09-04_CHANTILLY_R4C5,3,-0.09711052156548158,-0.09711052156548158,6.0,0.582027,0.5848,NON_VERT,False,5.0,0,0,COURSE_A_CONDITIONS
2026-09-04,2026-09-04_CHANTILLY_R4C5,4,0.6770281810223047,0.6770281810223047,2.0,0.582027,0.5848,NON_VERT,True,1.0,1,1,COURSE_A_CONDITIONS
2026-09-04,2026-09-04_CHANTILLY_R4C5,5,-0.6410553433308869,-0.6410553433308869,8.0,0.582027,0.5848,NON_VERT,False,6.0,0,0,COURSE_A_CONDITIONS
2026-09-04,2026-09-04_CHANTILLY_R4C5,6,-0.14866696004399912,-0.14866696004399912,7.0,0.582027,0.5848,NON_VERT,False,8.0,0,0,COURSE_A_CONDITIONS
2026-09-04,2026-09-04_CHANTILLY_R4C5,7,0.4652112258290743,0.4652112258290743,3.0,0.582027,0.5848,NON_VERT,True,4.0,0,0,COURSE_A_CONDITIONS
2026-09-04,2026-09-04_CHANTILLY_R4C5,8,1.1935606102153067,1.1935606102153067,1.0,0.582027,0.5848,NON_VERT,True,3.0,0,1,COURSE_A_CONDITIONS
2026-09-04,2026-09-04_CHANTILLY_R4C6,1,-1.2892482421063491,-1.2892482421063491,10.0,0.489919,0.5848,NON_VERT,False,11.0,0,0,HANDICAP_DIVISE
2026-09-04,2026-09-04_CHANTILLY_R4C6,2,0.30503449433775115,0.30503449433775115,3.0,0.489919,0.5848,NON_VERT,True,7.0,0,0,HANDICAP_DIVISE
2026-09-04,2026-09-04_CHANTILLY_R4C6,3,-0.6370439159667814,-0.6370439159667814,9.0,0.489919,0.5848,NON_VERT,False,6.0,0,0,HANDICAP_DIVISE
2026-09-04,2026-09-04_CHANTILLY_R4C6,4,-0.5020341938991723,-0.5020341938991723,7.0,0.489919,0.5848,NON_VERT,False,2.0,0,1,HANDICAP_DIVISE
2026-09-04,2026-09-04_CHANTILLY_R4C6,5,0.3889277533755566,0.3889277533755566,1.0,0.489919,0.5848,NON_VERT,True,1.0,1,1,HANDICAP_DIVISE
2026-09-04,2026-09-04_CHANTILLY_R4C6,6,-0.3319651396313577,-0.3319651396313577,6.0,0.489919,0.5848,NON_VERT,False,4.0,0,0,HANDICAP_DIVISE
2026-09-04,2026-09-04_CHANTILLY_R4C6,7,-0.0917638461129291,-0.0917638461129291,4.0,0.489919,0.5848,NON_VERT,True,9.0,0,0,HANDICAP_DIVISE
2026-09-04,2026-09-04_CHANTILLY_R4C6,8,-0.5751490953565934,-0.5751490953565934,8.0,0.489919,0.5848,NON_VERT,False,5.0,0,0,HANDICAP_DIVISE
2026-09-04,2026-09-04_CHANTILLY_R4C6,9,0.3207474772159548,0.3207474772159548,2.0,0.489919,0.5848,NON_VERT,True,8.0,0,0,HANDICAP_DIVISE
2026-09-04,2026-09-04_CHANTILLY_R4C6,10,-2.858180722867204,-2.858180722867204,11.0,0.489919,0.5848,NON_VERT,False,10.0,0,0,HANDICAP_DIVISE
2026-09-04,2026-09-04_CHANTILLY_R4C6,12,-0.3229124604352274,-0.3229124604352274,5.0,0.489919,0.5848,NON_VERT,True,3.0,0,1,HANDICAP_DIVISE
2026-09-04,2026-09-04_CHANTILLY_R4C7,1,0.7476938759480593,0.7476938759480593,2.0,0.424034,0.5848,NON_VERT,True,2.0,0,1,COURSE_A_CONDITIONS
2026-09-04,2026-09-04_CHANTILLY_R4C7,2,0.5160939552666453,0.5160939552666453,4.0,0.424034,0.5848,NON_VERT,True,3.0,0,1,COURSE_A_CONDITIONS
2026-09-04,2026-09-04_CHANTILLY_R4C7,3,0.08372766036653385,0.08372766036653385,6.0,0.424034,0.5848,NON_VERT,False,9.0,0,0,COURSE_A_CONDITIONS
2026-09-04,2026-09-04_CHANTILLY_R4C7,4,1.0102260105305008,1.0102260105305008,1.0,0.424034,0.5848,NON_VERT,True,7.0,0,0,COURSE_A_CONDITIONS
2026-09-04,2026-09-04_CHANTILLY_R4C7,5,-0.2624306499538308,-0.2624306499538308,10.0,0.424034,0.5848,NON_VERT,False,8.0,0,0,COURSE_A_CONDITIONS
2026-09-04,2026-09-04_CHANTILLY_R4C7,6,0.5358028807447518,0.5358028807447518,3.0,0.424034,0.5848,NON_VERT,True,5.0,0,0,COURSE_A_CONDITIONS
2026-09-04,2026-09-04_CHANTILLY_R4C7,8,0.46457003765491844,0.46457003765491844,5.0,0.424034,0.5848,NON_VERT,True,1.0,1,1,COURSE_A_CONDITIONS
2026-09-04,2026-09-04_CHANTILLY_R4C7,9,-0.058645372471134896,-0.058645372471134896,9.0,0.424034,0.5848,NON_VERT,False,11.0,0,0,COURSE_A_CONDITIONS
2026-09-04,2026-09-04_CHANTILLY_R4C7,10,-0.0222587289145452,-0.0222587289145452,7.0,0.424034,0.5848,NON_VERT,False,4.0,0,0,COURSE_A_CONDITIONS
2026-09-04,2026-09-04_CHANTILLY_R4C7,11,-0.037309336315561485,-0.037309336315561485,8.0,0.424034,0.5848,NON_VERT,False,12.0,0,0,COURSE_A_CONDITIONS
2026-09-04,2026-09-04_CHANTILLY_R4C7,12,-0.7855231461364278,-0.7855231461364278,12.0,0.424034,0.5848,NON_VERT,False,6.0,0,0,COURSE_A_CONDITIONS
2026-09-04,2026-09-04_CHANTILLY_R4C7,13,-0.7839474437490503,-0.7839474437490503,11.0,0.424034,0.5848,NON_VERT,False,10.0,0,0,COURSE_A_CONDITIONS
2026-09-04,2026-09-04_CHANTILLY_R4C8,1,-1.5101799043950987,-1.5101799043950987,13.0,0.362643,0.5848,NON_VERT,False,7.0,0,0,HANDICAP_DIVISE
2026-09-04,2026-09-04_CHANTILLY_R4C8,2,-0.16341949560415617,-0.16341949560415617,7.0,0.362643,0.5848,NON_VERT,False,3.0,0,1,HANDICAP_DIVISE
2026-09-04,2026-09-04_CHANTILLY_R4C8,3,0.07338883387742852,0.07338883387742852,4.0,0.362643,0.5848,NON_VERT,True,1.0,1,1,HANDICAP_DIVISE
2026-09-04,2026-09-04_CHANTILLY_R4C8,4,0.3818596915190311,0.3818596915190311,1.0,0.362643,0.5848,NON_VERT,True,5.0,0,0,HANDICAP_DIVISE
2026-09-04,2026-09-04_CHANTILLY_R4C8,5,0.018537341215514216,0.018537341215514216,5.0,0.362643,0.5848,NON_VERT,True,9.0,0,0,HANDICAP_DIVISE
2026-09-04,2026-09-04_CHANTILLY_R4C8,6,-0.513991940985889,-0.513991940985889,9.0,0.362643,0.5848,NON_VERT,False,10.0,0,0,HANDICAP_DIVISE
2026-09-04,2026-09-04_CHANTILLY_R4C8,7,0.12042459943558574,0.12042459943558574,3.0,0.362643,0.5848,NON_VERT,True,2.0,0,1,HANDICAP_DIVISE
2026-09-04,2026-09-04_CHANTILLY_R4C8,8,-0.6336991721508103,-0.6336991721508103,10.0,0.362643,0.5848,NON_VERT,False,11.0,0,0,HANDICAP_DIVISE
2026-09-04,2026-09-04_CHANTILLY_R4C8,9,-0.779426858415784,-0.779426858415784,11.0,0.362643,0.5848,NON_VERT,False,8.0,0,0,HANDICAP_DIVISE
2026-09-04,2026-09-04_CHANTILLY_R4C8,10,0.21193554432826028,0.21193554432826028,2.0,0.362643,0.5848,NON_VERT,True,6.0,0,0,HANDICAP_DIVISE
2026-09-04,2026-09-04_CHANTILLY_R4C8,11,-0.3875199066173927,-0.3875199066173927,8.0,0.362643,0.5848,NON_VERT,False,4.0,0,0,HANDICAP_DIVISE
2026-09-04,2026-09-04_CHANTILLY_R4C8,12,-0.09488020047023556,-0.09488020047023556,6.0,0.362643,0.5848,NON_VERT,False,12.0,0,0,HANDICAP_DIVISE
2026-09-04,2026-09-04_CHANTILLY_R4C8,13,-0.9438926147405886,-0.9438926147405886,12.0,0.362643,0.5848,NON_VERT,False,13.0,0,0,HANDICAP_DIVISE
2026-09-04,2026-09-04_LE-LION-D'ANGERS_R5C4,1,-0.23736246320812435,-0.23736246320812435,9.0,0.29415,0.5848,NON_VERT,False,1.0,1,1,HANDICAP_DIVISE
2026-09-04,2026-09-04_LE-LION-D'ANGERS_R5C4,2,0.013915669334393206,0.013915669334393206,5.0,0.29415,0.5848,NON_VERT,True,4.0,0,0,HANDICAP_DIVISE
2026-09-04,2026-09-04_LE-LION-D'ANGERS_R5C4,3,0.04634368475447544,0.04634368475447544,4.0,0.29415,0.5848,NON_VERT,True,3.0,0,1,HANDICAP_DIVISE
2026-09-04,2026-09-04_LE-LION-D'ANGERS_R5C4,4,-1.0695696604101284,-1.0695696604101284,15.0,0.29415,0.5848,NON_VERT,False,15.0,0,0,HANDICAP_DIVISE
2026-09-04,2026-09-04_LE-LION-D'ANGERS_R5C4,5,-0.3533595723433681,-0.3533595723433681,12.0,0.29415,0.5848,NON_VERT,False,14.0,0,0,HANDICAP_DIVISE
2026-09-04,2026-09-04_LE-LION-D'ANGERS_R5C4,6,-0.26682211770162934,-0.26682211770162934,10.0,0.29415,0.5848,NON_VERT,False,10.0,0,0,HANDICAP_DIVISE
2026-09-04,2026-09-04_LE-LION-D'ANGERS_R5C4,7,0.08937935784936801,0.08937935784936801,3.0,0.29415,0.5848,NON_VERT,True,7.0,0,0,HANDICAP_DIVISE
2026-09-04,2026-09-04_LE-LION-D'ANGERS_R5C4,8,-0.2725360572414713,-0.2725360572414713,11.0,0.29415,0.5848,NON_VERT,False,16.0,0,0,HANDICAP_DIVISE
2026-09-04,2026-09-04_LE-LION-D'ANGERS_R5C4,9,-0.806041980113443,-0.806041980113443,14.0,0.29415,0.5848,NON_VERT,False,2.0,0,1,HANDICAP_DIVISE
2026-09-04,2026-09-04_LE-LION-D'ANGERS_R5C4,10,-0.04615709379827461,-0.04615709379827461,6.0,0.29415,0.5848,NON_VERT,False,5.0,0,0,HANDICAP_DIVISE
2026-09-04,2026-09-04_LE-LION-D'ANGERS_R5C4,11,0.31747633203536313,0.31747633203536313,2.0,0.29415,0.5848,NON_VERT,True,9.0,0,0,HANDICAP_DIVISE
2026-09-04,2026-09-04_LE-LION-D'ANGERS_R5C4,12,-1.3609386308615585,-1.3609386308615585,16.0,0.29415,0.5848,NON_VERT,False,13.0,0,0,HANDICAP_DIVISE
2026-09-04,2026-09-04_LE-LION-D'ANGERS_R5C4,13,-0.22415248631065635,-0.22415248631065635,8.0,0.29415,0.5848,NON_VERT,False,11.0,0,0,HANDICAP_DIVISE
2026-09-04,2026-09-04_LE-LION-D'ANGERS_R5C4,14,-0.22043629295924197,-0.22043629295924197,7.0,0.29415,0.5848,NON_VERT,False,8.0,0,0,HANDICAP_DIVISE
2026-09-04,2026-09-04_LE-LION-D'ANGERS_R5C4,15,0.3636621462956041,0.3636621462956041,1.0,0.29415,0.5848,NON_VERT,True,6.0,0,0,HANDICAP_DIVISE
2026-09-04,2026-09-04_LE-LION-D'ANGERS_R5C4,16,-0.37087906641960355,-0.37087906641960355,13.0,0.29415,0.5848,NON_VERT,False,12.0,0,0,HANDICAP_DIVISE
2026-09-04,2026-09-04_LE-LION-D'ANGERS_R5C5,1,-1.1712685441014055,-1.1712685441014055,15.0,0.336246,0.5848,NON_VERT,False,14.0,0,0,HANDICAP_DIVISE
2026-09-04,2026-09-04_LE-LION-D'ANGERS_R5C5,2,-0.2624041531934662,-0.2624041531934662,7.0,0.336246,0.5848,NON_VERT,False,12.0,0,0,HANDICAP_DIVISE
2026-09-04,2026-09-04_LE-LION-D'ANGERS_R5C5,3,-0.8271029609048942,-0.8271029609048942,12.0,0.336246,0.5848,NON_VERT,False,5.0,0,0,HANDICAP_DIVISE
2026-09-04,2026-09-04_LE-LION-D'ANGERS_R5C5,4,-0.1315767250199789,-0.1315767250199789,4.0,0.336246,0.5848,NON_VERT,True,4.0,0,0,HANDICAP_DIVISE
2026-09-04,2026-09-04_LE-LION-D'ANGERS_R5C5,5,-0.9415177030189059,-0.9415177030189059,14.0,0.336246,0.5848,NON_VERT,False,16.0,0,0,HANDICAP_DIVISE
2026-09-04,2026-09-04_LE-LION-D'ANGERS_R5C5,6,-0.19126827328148063,-0.19126827328148063,6.0,0.336246,0.5848,NON_VERT,False,9.0,0,0,HANDICAP_DIVISE
2026-09-04,2026-09-04_LE-LION-D'ANGERS_R5C5,7,0.2477109960437187,0.2477109960437187,3.0,0.336246,0.5848,NON_VERT,True,6.0,0,0,HANDICAP_DIVISE
2026-09-04,2026-09-04_LE-LION-D'ANGERS_R5C5,8,0.2932717849106922,0.2932717849106922,2.0,0.336246,0.5848,NON_VERT,True,10.0,0,0,HANDICAP_DIVISE
2026-09-04,2026-09-04_LE-LION-D'ANGERS_R5C5,9,-0.5209667706596489,-0.5209667706596489,11.0,0.336246,0.5848,NON_VERT,False,11.0,0,0,HANDICAP_DIVISE
2026-09-04,2026-09-04_LE-LION-D'ANGERS_R5C5,10,-0.13545833601553015,-0.13545833601553015,5.0,0.336246,0.5848,NON_VERT,True,1.0,1,1,HANDICAP_DIVISE
2026-09-04,2026-09-04_LE-LION-D'ANGERS_R5C5,11,-0.43396397310797197,-0.43396397310797197,10.0,0.336246,0.5848,NON_VERT,False,8.0,0,0,HANDICAP_DIVISE
2026-09-04,2026-09-04_LE-LION-D'ANGERS_R5C5,12,-0.8474262414142776,-0.8474262414142776,13.0,0.336246,0.5848,NON_VERT,False,13.0,0,0,HANDICAP_DIVISE
2026-09-04,2026-09-04_LE-LION-D'ANGERS_R5C5,13,-0.29242480264019227,-0.29242480264019227,8.0,0.336246,0.5848,NON_VERT,False,2.0,0,1,HANDICAP_DIVISE
2026-09-04,2026-09-04_LE-LION-D'ANGERS_R5C5,14,-1.510010926972063,-1.510010926972063,16.0,0.336246,0.5848,NON_VERT,False,15.0,0,0,HANDICAP_DIVISE
2026-09-04,2026-09-04_LE-LION-D'ANGERS_R5C5,15,-0.30097578482666465,-0.30097578482666465,9.0,0.336246,0.5848,NON_VERT,False,3.0,0,1,HANDICAP_DIVISE
2026-09-04,2026-09-04_LE-LION-D'ANGERS_R5C5,16,0.3074902841596733,0.3074902841596733,1.0,0.336246,0.5848,NON_VERT,True,7.0,0,0,HANDICAP_DIVISE
2026-09-04,2026-09-04_LE-LION-D'ANGERS_R5C6,1,0.32990144818622746,0.32990144818622746,2.0,0.641906,0.5848,VERT,True,6.0,0,0,COURSE_A_CONDITIONS
2026-09-04,2026-09-04_LE-LION-D'ANGERS_R5C6,2,-0.7373870030804196,-0.7373870030804196,5.0,0.641906,0.5848,VERT,True,8.0,0,0,COURSE_A_CONDITIONS
2026-09-04,2026-09-04_LE-LION-D'ANGERS_R5C6,3,-2.1107890217985164,-2.1107890217985164,9.0,0.641906,0.5848,VERT,False,7.0,0,0,COURSE_A_CONDITIONS
2026-09-04,2026-09-04_LE-LION-D'ANGERS_R5C6,4,0.4410269018581841,0.4410269018581841,1.0,0.641906,0.5848,VERT,True,1.0,1,1,COURSE_A_CONDITIONS
2026-09-04,2026-09-04_LE-LION-D'ANGERS_R5C6,5,-2.6972662805407674,-2.6972662805407674,10.0,0.641906,0.5848,VERT,False,4.0,0,0,COURSE_A_CONDITIONS
2026-09-04,2026-09-04_LE-LION-D'ANGERS_R5C6,6,-0.052171097491214236,-0.052171097491214236,3.0,0.641906,0.5848,VERT,True,5.0,0,0,COURSE_A_CONDITIONS
2026-09-04,2026-09-04_LE-LION-D'ANGERS_R5C6,7,-1.3524438259144727,-1.3524438259144727,6.0,0.641906,0.5848,VERT,False,3.0,0,1,COURSE_A_CONDITIONS
2026-09-04,2026-09-04_LE-LION-D'ANGERS_R5C6,8,-0.15111255803301216,-0.15111255803301216,4.0,0.641906,0.5848,VERT,True,2.0,0,1,COURSE_A_CONDITIONS
2026-09-04,2026-09-04_LE-LION-D'ANGERS_R5C6,9,-1.5928311723234099,-1.5928311723234099,7.0,0.641906,0.5848,VERT,False,10.0,0,0,COURSE_A_CONDITIONS
2026-09-04,2026-09-04_LE-LION-D'ANGERS_R5C6,10,-1.693476327914096,-1.693476327914096,8.0,0.641906,0.5848,VERT,False,9.0,0,0,COURSE_A_CONDITIONS
2026-09-04,2026-09-04_LE-LION-D'ANGERS_R5C7,1,-0.0020248691964808926,-0.0020248691964808926,5.0,0.483401,0.5848,NON_VERT,True,1.0,1,1,A_RECLAMER
2026-09-04,2026-09-04_LE-LION-D'ANGERS_R5C7,2,0.6031083494590113,0.6031083494590113,1.0,0.483401,0.5848,NON_VERT,True,4.0,0,0,A_RECLAMER
2026-09-04,2026-09-04_LE-LION-D'ANGERS_R5C7,3,-0.6448027243595961,-0.6448027243595961,8.0,0.483401,0.5848,NON_VERT,False,2.0,0,1,A_RECLAMER
2026-09-04,2026-09-04_LE-LION-D'ANGERS_R5C7,4,-0.26699898842595127,-0.26699898842595127,7.0,0.483401,0.5848,NON_VERT,False,9.0,0,0,A_RECLAMER
2026-09-04,2026-09-04_LE-LION-D'ANGERS_R5C7,5,-0.7581233997302429,-0.7581233997302429,10.0,0.483401,0.5848,NON_VERT,False,7.0,0,0,A_RECLAMER
2026-09-04,2026-09-04_LE-LION-D'ANGERS_R5C7,6,0.5949028018730343,0.5949028018730343,2.0,0.483401,0.5848,NON_VERT,True,5.0,0,0,A_RECLAMER
2026-09-04,2026-09-04_LE-LION-D'ANGERS_R5C7,7,-0.7482665209860326,-0.7482665209860326,9.0,0.483401,0.5848,NON_VERT,False,6.0,0,0,A_RECLAMER
2026-09-04,2026-09-04_LE-LION-D'ANGERS_R5C7,8,0.13768206293682425,0.13768206293682425,3.0,0.483401,0.5848,NON_VERT,True,3.0,0,1,A_RECLAMER
2026-09-04,2026-09-04_LE-LION-D'ANGERS_R5C7,9,0.06160315298233529,0.06160315298233529,4.0,0.483401,0.5848,NON_VERT,True,10.0,0,0,A_RECLAMER
2026-09-04,2026-09-04_LE-LION-D'ANGERS_R5C7,10,-0.19431599450556644,-0.19431599450556644,6.0,0.483401,0.5848,NON_VERT,False,8.0,0,0,A_RECLAMER
2026-09-04,2026-09-04_LE-LION-D'ANGERS_R5C8,1,0.5592409225494409,0.5592409225494409,3.0,0.638706,0.5848,VERT,True,5.0,0,0,COURSE_A_CONDITIONS
2026-09-04,2026-09-04_LE-LION-D'ANGERS_R5C8,2,0.8518139023639183,0.8518139023639183,2.0,0.638706,0.5848,VERT,True,2.0,0,1,COURSE_A_CONDITIONS
2026-09-04,2026-09-04_LE-LION-D'ANGERS_R5C8,3,-0.4447569324235992,-0.4447569324235992,6.0,0.638706,0.5848,VERT,False,6.0,0,0,COURSE_A_CONDITIONS
2026-09-04,2026-09-04_LE-LION-D'ANGERS_R5C8,4,-1.2906879571276584,-1.2906879571276584,7.0,0.638706,0.5848,VERT,False,7.0,0,0,COURSE_A_CONDITIONS
2026-09-04,2026-09-04_LE-LION-D'ANGERS_R5C8,5,0.29406612998282206,0.29406612998282206,4.0,0.638706,0.5848,VERT,True,4.0,0,0,COURSE_A_CONDITIONS
2026-09-04,2026-09-04_LE-LION-D'ANGERS_R5C8,6,-1.6522824367039068,-1.6522824367039068,9.0,0.638706,0.5848,VERT,False,9.0,0,0,COURSE_A_CONDITIONS
2026-09-04,2026-09-04_LE-LION-D'ANGERS_R5C8,7,0.20565007829341952,0.20565007829341952,5.0,0.638706,0.5848,VERT,True,3.0,0,1,COURSE_A_CONDITIONS
2026-09-04,2026-09-04_LE-LION-D'ANGERS_R5C8,8,1.0220922275373479,1.0220922275373479,1.0,0.638706,0.5848,VERT,True,1.0,1,1,COURSE_A_CONDITIONS
2026-09-04,2026-09-04_LE-LION-D'ANGERS_R5C8,10,-1.5629260786230106,-1.5629260786230106,8.0,0.638706,0.5848,VERT,False,8.0,0,0,COURSE_A_CONDITIONS
